idx,status,elapsed_ms,error
0,200,57.067,
1,200,116.686,
2,200,172.428,
3,200,3240.168,
4,200,2695.1,
5,200,301.538,
6,200,349.503,
7,200,475.521,
8,200,384.88,
9,200,537.425,
10,200,578.735,
11,200,687.372,
12,200,620.138,
13,200,727.04,
14,200,809.972,
15,200,767.735,
16,200,844.322,
17,200,934.513,
18,200,1012.081,
19,200,974.316,
20,200,1043.076,
21,200,1069.326,
22,200,1107.692,
23,200,1167.356,
24,200,1148.048,
25,200,1193.75,
26,200,1219.72,
27,200,1248.394,
28,200,1285.383,
29,200,1364.45,
30,200,1319.182,
31,200,1403.272,
32,200,1514.48,
33,200,1436.128,
34,200,1472.338,
35,200,1535.53,
36,200,1570.233,
37,200,1612.175,
38,200,1641.021,
39,200,1669.77,
40,200,1705.894,
41,200,1742.373,
42,200,1903.61,
43,200,1806.812,
44,200,1767.721,
45,200,1958.341,
46,200,1832.437,
47,200,1925.429,
48,200,1858.656,
49,200,2125.372,
50,200,2413.091,
51,200,2088.835,
52,200,2322.79,
53,200,2011.329,
54,200,2181.947,
55,200,2050.1,
56,200,2240.372,
57,200,1971.448,
58,200,2271.893,
59,200,2205.062,
60,200,2136.842,
61,200,2462.254,
62,200,2359.106,
63,200,2420.236,
64,200,79.898,
65,200,2522.904,
66,200,2486.43,
67,200,2595.688,
68,200,2622.494,
69,200,2651.658,
70,200,2672.459,
71,200,2699.413,
72,200,2726.922,
73,200,2759.445,
74,200,2793.192,
75,200,2830.993,
76,200,2908.493,
77,200,2862.275,
78,200,2954.47,
79,200,3030.631,
80,200,2984.925,
81,200,69.1,
82,200,3141.388,
83,200,3089.19,
84,200,3199.49,
85,200,3331.246,
86,200,3238.343,
87,200,3195.254,
88,200,3273.725,
89,200,3359.526,
90,200,3402.665,
91,200,3439.674,
92,200,3788.22,
93,200,3487.197,
94,200,3521.681,
95,200,3550.316,
96,200,3588.987,
97,200,3629.775,
98,200,3739.356,
99,200,3680.819,
100,200,3804.363,
101,200,3842.985,
102,200,3876.915,
103,200,3912.316,
104,200,3940.477,
105,200,13353.354,
106,200,4000.215,
107,200,4036.16,
108,200,4067.323,
109,200,4133.688,
110,200,4093.889,
111,200,4157.163,
112,200,4189.915,
113,200,4218.019,
114,200,4252.688,
115,200,4282.995,
116,200,4315.706,
117,200,4354.402,
118,200,4388.782,
119,200,3928.646,
120,200,4441.227,
121,200,4464.737,
122,200,4489.784,
123,200,4520.6,
124,200,4546.668,
125,200,4580.17,
126,200,4608.305,
127,200,4634.073,
128,200,4663.314,
129,200,4701.34,
130,200,4733.622,
131,200,4768.938,
132,200,4796.736,
133,200,4860.027,
134,200,4829.189,
135,200,4887.056,
136,200,4962.09,
137,200,4996.07,
138,200,4922.241,
139,200,5023.41,
140,200,5061.921,
141,200,5105.459,
142,200,5146.014,
143,200,5175.635,
144,200,5204.453,
145,200,5233.804,
146,200,5267.778,
147,200,5302.452,
148,200,5327.713,
149,400,28272.388,"{""message"":""Coupon has no quantity"",""errorCode"":""400""}"
150,200,5394.335,
151,200,5424.45,
152,200,5456.721,
153,200,5487.415,
154,200,5546.743,
155,200,5516.065,
156,200,5571.836,
157,200,5633.212,
158,200,5596.751,
159,200,5668.149,
160,200,5701.328,
161,200,5731.02,
162,200,5756.515,
163,200,5785.907,
164,200,5814.38,
165,200,5893.368,
166,200,5943.511,
167,200,5911.752,
168,200,5893.201,
169,500,30031.248,"{""timestamp"":""2026-08-16T21:27:47.210+00:00"",""status"":500,""error"":""Internal Server Error"",""path"":""/api/bench/issue/1""}"
170,200,5980.062,
171,200,5942.105,
172,200,6004.821,
173,200,6029.426,
174,200,6061.43,
175,200,6085.982,
176,200,6107.627,
177,200,6131.506,
178,200,6161.736,
179,500,30024.42,"{""timestamp"":""2026-08-16T21:27:47.235+00:00"",""status"":500,""error"":""Internal Server Error"",""path"":""/api/bench/issue/1""}"
180,200,6250.173,
181,200,6302.822,
182,500,30019.414,"{""timestamp"":""2026-08-16T21:27:47.239+00:00"",""status"":500,""error"":""Internal Server Error"",""path"":""/api/bench/issue/1""}"
183,200,6363.158,
184,200,6327.907,
185,200,6388.71,
186,200,6409.199,
187,500,30022.132,"{""timestamp"":""2026-08-16T21:27:47.251+00:00"",""status"":500,""error"":""Internal Server Error"",""path"":""/api/bench/issue/1""}"
188,200,6454.57,
189,200,6478.703,
190,200,6502.39,
191,200,6524.054,
192,200,6544.516,
193,200,6565.27,
194,200,6585.883,
195,200,6606.418,
196,200,6626.484,
197,500,30023.971,"{""timestamp"":""2026-08-16T21:27:47.280+00:00"",""status"":500,""error"":""Internal Server Error"",""path"":""/api/bench/issue/1""}"
198,200,6668.655,
199,200,6686.475,
200,200,6706.445,
201,200,6727.886,
202,200,6747.945,
203,200,6769.299,
204,200,6791.782,
205,200,6812.543,
206,200,6859.152,
207,200,6833.295,
208,200,6879.172,
209,200,6903.88,
210,200,6927.158,
211,200,6951.779,
212,200,6977.995,
213,200,7004.769,
214,200,7031.941,
215,200,7061.734,
216,200,7091.849,
217,200,7124.415,
218,200,7154.827,
219,200,7187.922,
220,200,7218.191,
221,200,7267.925,
222,200,7239.862,
223,200,7289.221,
224,200,7312.869,
225,200,7334.944,
226,200,7357.206,
227,200,7399.653,
228,200,7373.143,
229,200,7419.041,
230,200,7440.312,
231,200,7462.493,
232,200,7483.434,
233,200,7506.174,
234,200,7529.467,
235,200,7551.532,
236,200,7574.567,
237,200,7601.519,
238,200,7804.724,
239,200,7622.662,
240,200,7642.187,
241,200,7663.325,
242,200,7685.684,
243,200,7707.788,
244,200,7727.572,
245,200,7744.889,
246,200,7764.261,
247,200,7813.295,
248,200,7831.583,
249,200,7853.202,
250,200,7876.303,
251,200,7905.002,
252,200,7927.067,
253,200,7951.914,
254,200,7974.035,
255,200,7997.852,
256,200,8023.806,
257,200,8072.742,
258,200,8047.994,
259,200,8093.062,
260,200,8115.981,
261,200,8137.4,
262,200,8194.352,
263,200,8160.6,
264,200,8214.132,
265,200,8235.774,
266,200,8258.602,
267,200,8280.303,
268,200,8303.261,
269,200,8320.825,
270,200,8369.203,
271,200,8339.768,
272,200,8389.485,
273,200,8409.038,
274,200,8433.309,
275,200,8462.239,
276,200,8489.127,
277,200,8513.785,
278,200,8535.57,
279,200,8555.212,
280,200,8576.034,
281,200,8599.723,
282,200,8619.86,
283,200,8638.286,
284,200,8658.089,
285,200,8677.231,
286,200,8701.237,
287,200,8724.452,
288,200,8744.935,
289,200,8763.868,
290,200,8805.639,
291,200,8780.503,
292,200,8821.972,
293,200,8841.111,
294,200,8857.11,
295,200,8897.918,
296,200,8872.66,
297,200,8919.777,
298,200,8951.925,
299,200,8982.95,
300,200,9006.87,
301,200,9029.215,
302,200,9052.29,
303,200,9073.281,
304,200,9094.567,
305,200,9112.455,
306,200,9133.626,
307,200,9179.157,
308,200,9153.466,
309,200,9199.34,
310,200,9221.73,
311,200,9241.526,
312,200,9451.25,
313,200,9333.924,
314,200,9258.297,
315,200,9276.351,
316,200,9295.224,
317,200,9350.265,
318,200,9373.296,
319,200,9399.84,
320,200,9595.272,
321,200,9477.033,
322,200,9446.482,
323,200,9495.293,
324,200,9517.805,
325,200,9538.17,
326,200,9559.705,
327,200,9633.581,
328,200,9599.726,
329,200,9653.778,
330,200,9676.181,
331,200,9698.71,
332,200,9720.421,
333,200,9743.774,
334,200,9765.393,
335,200,9783.527,
336,200,9811.54,
337,200,9839.97,
338,200,9876.244,
339,200,9900.973,
340,200,9924.228,
341,200,9948.483,
342,200,9969.582,
343,200,9992.663,
344,200,10015.76,
345,200,10062.994,
346,200,10036.377,
347,200,10081.284,
348,200,10100.546,
349,200,10124.775,
350,200,10151.481,
351,200,10175.988,
352,200,10201.398,
353,200,10230.286,
354,200,10260.211,
355,200,10309.947,
356,200,10281.911,
357,200,10335.774,
358,200,10360.382,
359,200,10385.667,
360,200,10442.739,
361,200,10470.199,
362,200,10411.479,
363,200,10491.475,
364,200,10519.972,
365,200,10546.963,
366,200,10569.576,
367,200,10597.191,
368,200,10621.111,
369,200,10647.254,
370,200,10663.212,
371,200,10676.97,
372,200,10689.896,
373,200,10709.407,
374,200,10723.696,
375,200,10741.666,
376,200,10772.572,
377,200,10809.363,
378,200,10836.215,
379,200,10858.564,
380,200,10877.415,
381,200,10900.013,
382,200,10918.792,
383,200,10941.902,
384,200,10963.471,
385,200,10982.827,
386,200,11000.594,
387,200,11031.817,
388,200,11052.136,
389,200,11219.623,
390,200,11190.448,
391,200,11069.996,
392,200,11272.198,
393,200,11241.868,
394,200,11292.511,
395,200,11318.783,
396,200,11342.954,
397,200,11372.674,
398,200,11421.874,
399,200,11393.281,
400,200,11443.323,
401,200,11472.577,
402,200,11493.458,
403,200,11510.573,
404,200,11527.328,
405,200,11550.344,
406,200,11580.701,
407,200,11601.362,
408,200,11623.397,
409,200,11646.627,
410,200,11671.217,
411,200,11705.123,
412,200,11730.92,
413,200,11754.748,
414,200,11781.071,
415,200,11802.749,
416,200,11825.154,
417,200,11846.848,
418,200,11871.322,
419,200,11895.323,
420,200,11918.953,
421,200,11944.378,
422,200,11972.091,
423,200,12039.933,
424,200,11996.975,
425,200,12068.515,
426,200,12097.989,
427,200,12149.628,
428,200,12121.359,
429,200,12173.42,
430,200,12206.906,
431,200,12241.472,
432,200,12269.853,
433,200,12318.702,
434,200,12346.878,
435,200,12398.393,
436,200,12368.888,
437,200,12423.878,
438,200,12450.296,
439,200,12472.622,
440,200,12496.149,
441,200,12520.991,
442,200,12545.762,
443,200,3673.94,
444,200,12619.661,
445,200,12648.787,
446,200,12681.476,
447,200,12717.259,
448,200,12746.319,
449,200,12771.241,
450,200,12792.438,
451,200,12817.241,
452,200,12866.245,
453,200,12840.258,
454,200,12890.238,
455,200,12913.865,
456,200,12940.085,
457,200,13010.222,
458,200,12959.888,
459,200,12983.725,
460,200,13032.206,
461,200,13079.081,
462,200,13054.421,
463,200,13098.961,
464,200,13119.636,
465,200,13142.507,
466,200,13166.583,
467,200,13192.048,
468,200,13215.39,
469,200,13244.555,
470,200,13268.73,
471,200,13321.05,
472,200,13294.272,
473,200,13343.727,
474,200,13369.312,
475,200,13391.915,
476,200,13418.899,
477,200,13446.844,
478,200,13471.837,
479,200,13499.657,
480,200,13524.937,
481,200,13551.29,
482,200,13582.846,
483,200,13606.841,
484,200,13631.977,
485,200,13653.747,
486,200,13682.421,
487,200,13704.78,
488,200,13728.139,
489,200,13754.467,
490,200,13777.304,
491,200,13795.524,
492,200,13814.868,
493,200,13857.429,
494,200,13830.392,
495,200,13879.021,
496,200,13902.916,
497,200,13925.294,
498,200,13947.106,
499,200,13973.755,
500,200,13997.142,
501,200,14017.413,
502,200,14038.044,
503,200,14102.814,
504,200,14079.714,
505,200,14055.693,
506,200,14146.348,
507,200,14119.252,
508,200,14176.68,
509,200,14230.486,
510,200,14201.896,
511,200,14274.252,
512,200,14305.06,
513,200,14345.003,
514,200,14372.811,
515,200,14399.718,
516,200,14463.381,
517,200,14426.057,
518,200,14492.274,
519,200,14527.809,
520,200,14561.397,
521,200,14589.147,
522,200,14617.174,
523,200,14666.849,
524,200,14641.553,
525,200,14708.388,
526,200,14681.111,
527,200,14729.653,
528,200,14749.526,
529,200,14773.063,
530,200,14794.692,
531,200,14820.891,
532,200,14874.52,
533,200,14847.422,
534,200,14897.177,
535,200,14908.903,
536,200,14935.668,
537,200,14955.494,
538,200,14976.672,
539,200,14996.795,
540,200,15018.081,
541,200,15044.884,
542,200,15068.263,
543,200,15089.947,
544,200,15114.971,
545,200,15142.394,
546,200,15166.318,
547,200,15191.063,
548,200,15214.292,
549,200,15238.28,
550,200,15260.44,
551,200,15282.169,
552,200,15306.931,
553,200,15327.687,
554,200,15348.708,
555,200,15370.453,
556,200,15394.38,
557,200,15416.974,
558,200,15441.523,
559,200,15466.506,
560,200,15491.894,
561,200,15543.639,
562,200,15516.338,
563,200,15570.807,
564,200,15599.999,
565,200,15632.92,
566,200,15663.22,
567,200,15685.504,
568,200,15707.775,
569,200,15751.534,
570,200,16200.035,
571,200,15723.674,
572,200,15778.033,
573,200,15827.657,
574,200,15803.222,
575,200,15850.615,
576,200,15880.811,
577,200,15902.34,
578,200,15948.077,
579,200,15923.379,
580,200,15965.886,
581,200,15992.473,
582,200,16015.296,
583,200,16042.422,
584,200,16070.074,
585,200,16095.151,
586,200,16129.754,
587,200,16150.531,
588,200,16226.847,
589,200,16202.983,
590,200,16270.348,
591,200,16243.673,
592,200,16318.025,
593,200,16292.941,
594,200,16337.8,
595,200,16357.302,
596,200,16410.567,
597,200,16435.933,
598,200,16456.746,
599,200,16480.466,
600,200,16532.782,
601,200,16504.949,
602,200,16579.403,
603,200,16553.603,
604,200,16600.628,
605,200,16623.644,
606,200,16644.86,
607,200,16665.172,
608,200,16686.18,
609,200,16708.283,
610,200,16728.605,
611,200,16752.209,
612,200,16782.358,
613,200,16816.174,
614,200,16860.814,
615,200,16837.699,
616,200,16879.289,
617,200,16898.637,
618,200,16918.857,
619,200,16944.631,
620,200,16969.253,
621,200,16993.971,
622,200,17018.131,
623,200,17040.967,
624,200,17067.538,
625,200,17091.282,
626,200,17112.167,
627,200,17132.406,
628,200,17154.434,
629,200,17204.007,
630,200,17176.401,
631,200,17225.275,
632,200,17252.38,
633,200,17275.735,
634,200,17302.348,
635,200,17382.33,
636,200,17342.202,
637,200,17405.737,
638,200,17426.909,
639,200,17452.11,
640,200,17477.373,
641,200,17506.216,
642,200,17534.318,
643,200,17570.341,
644,200,17602.384,
645,200,17625.783,
646,200,17643.132,
647,200,17666.227,
648,200,17684.294,
649,200,17700.719,
650,200,17720.986,
651,200,17745.025,
652,200,17766.89,
653,200,17815.857,
654,200,17788.133,
655,200,17836.405,
656,200,17858.724,
657,200,17880.878,
658,200,17901.027,
659,200,17921.7,
660,200,17967.459,
661,200,17939.824,
662,200,17984.1,
663,200,18004.447,
664,200,18020.843,
665,200,18041.701,
666,200,18065.251,
667,200,18086.275,
668,200,18106.423,
669,200,18131.712,
670,200,18158.642,
671,200,18184.435,
672,200,18207.294,
673,200,18244.343,
674,200,18273.823,
675,200,18294.276,
676,200,18317.842,
677,200,18343.579,
678,200,18393.253,
679,200,18361.394,
680,200,18447.925,
681,200,18417.571,
682,200,18495.564,
683,200,18469.685,
684,200,18521.604,
685,200,18547.403,
686,200,18573.791,
687,200,18601.268,
688,200,18624.861,
689,200,18645.777,
690,200,18667.875,
691,200,18690.856,
692,200,18737.057,
693,200,18712.654,
694,200,18757.128,
695,200,18787.841,
696,200,18812.787,
697,200,19010.403,
698,200,18830.95,
699,200,18853.634,
700,200,18904.734,
701,200,18878.164,
702,200,18925.51,
703,200,18948.284,
704,200,18971.15,
705,200,19018.773,
706,200,19042.56,
707,200,19064.092,
708,200,19090.887,
709,200,19139.769,
710,200,19110.383,
711,200,19204.25,
712,200,19165.499,
713,200,19228.869,
714,200,19252.462,
715,200,19271.582,
716,200,19297.028,
717,200,19321.725,
718,200,19346.166,
719,200,19368.317,
720,200,19395.261,
721,200,19430.137,
722,200,19456.262,
723,200,19480.96,
724,200,19526.16,
725,200,19501.767,
726,200,19542.502,
727,200,19561.063,
728,200,19579.69,
729,200,19604.976,
730,200,19628.504,
731,200,19650.1,
732,200,19670.625,
733,200,19691.778,
734,200,19717.633,
735,200,19738.415,
736,200,19757.732,
737,200,19779.192,
738,200,20015.67,
739,200,19796.722,
740,200,19817.64,
741,200,19840.403,
742,200,19864.256,
743,200,19906.482,
744,200,19882.44,
745,200,19923.12,
746,200,19943.639,
747,200,19968.226,
748,200,20066.696,
749,200,20034.393,
750,200,20096.882,
751,200,20128.136,
752,200,20155.192,
753,200,20176.624,
754,200,20196.535,
755,200,20217.248,
756,200,20244.34,
757,200,20268.413,
758,200,20288.209,
759,200,20308.671,
760,200,20328.263,
761,200,20354.44,
762,200,20379.609,
763,200,20401.768,
764,200,20424.487,
765,200,20455.026,
766,200,20482.083,
767,200,20508.968,
768,200,20534.462,
769,200,20559.313,
770,200,20584.297,
771,200,20606.054,
772,200,20628.174,
773,200,20650.168,
774,200,20671.489,
775,200,20713.953,
776,200,20691.224,
777,200,20733.455,
778,200,20754.457,
779,200,20775.457,
780,200,20794.972,
781,200,20814.984,
782,200,20834.512,
783,200,20853.08,
784,200,20876.267,
785,200,20895.551,
786,200,20916.153,
787,200,20936.665,
788,200,20956.291,
789,200,20978.52,
790,200,21005.3,
791,200,21033.968,
792,200,21059.93,
793,200,21087.096,
794,200,21137.325,
795,200,21107.809,
796,200,21155.46,
797,200,21175.704,
798,200,21198.22,
799,200,21222.501,
800,200,21245.845,
801,200,21265.864,
802,200,21313.795,
803,200,21285.86,
804,200,21332.147,
805,200,21351.256,
806,200,21374.158,
807,200,21394.906,
808,200,21451.968,
809,200,21415.404,
810,200,21519.148,
811,200,21482.087,
812,200,21552.602,
813,200,21587.796,
814,200,21648.095,
815,200,21622.284,
816,200,21696.582,
817,200,21666.042,
818,200,21723.81,
819,200,21774.878,
820,200,21748.161,
821,200,21795.695,
822,200,21818.522,
823,200,21842.173,
824,200,21867.399,
825,200,21892.876,
826,200,21924.905,
827,200,21966.14,
828,200,22014.671,
829,200,22043.532,
830,200,22067.312,
831,200,22088.809,
832,200,22112.123,
833,200,22135.572,
834,200,22204.999,
835,200,22178.266,
836,200,22153.815,
837,200,22543.274,
838,200,22226.322,
839,200,22247.998,
840,200,22266.21,
841,200,22286.944,
842,200,22313.609,
843,200,22338.534,
844,200,22361.601,
845,200,22389.791,
846,200,22422.478,
847,200,22451.245,
848,200,22479.109,
849,200,22503.76,
850,200,22552.873,
851,200,22587.216,
852,200,22614.08,
853,200,22635.517,
854,200,22690.793,
855,200,22711.227,
856,200,22661.473,
857,200,22730.48,
858,200,22753.465,
859,200,22773.705,
860,200,22793.642,
861,200,22811.81,
862,200,22860.928,
863,200,22833.045,
864,200,22917.435,
865,200,22885.984,
866,200,22938.254,
867,200,22962.558,
868,200,23009.292,
869,200,22985.134,
870,200,23047.746,
871,200,23025.328,
872,200,23088.007,
873,200,23064.454,
874,200,23127.784,
875,200,23104.71,
876,200,23145.889,
877,200,23173.534,
878,200,23207.545,
879,200,23234.038,
880,200,23260.93,
881,200,23283.476,
882,200,23306.824,
883,200,23328.209,
884,200,23347.253,
885,200,23368.936,
886,200,23420.9,
887,200,23391.284,
888,200,23445.515,
889,200,23472.061,
890,200,23497.845,
891,200,23523.193,
892,200,23545.241,
893,200,23576.565,
894,200,23910.608,
895,200,23660.83,
896,200,23633.532,
897,200,23602.667,
898,200,23691.18,
899,200,23714.882,
900,200,23759.643,
901,200,23734.496,
902,200,23808.292,
903,200,23778.415,
904,200,23837.398,
905,200,23866.109,
906,200,23928.06,
907,200,23954.372,
908,200,23974.33,
909,200,23998.099,
910,200,24018.491,
911,200,24062.104,
912,200,24037.344,
913,200,24084.129,
914,200,24110.964,
915,200,24134.459,
916,200,24156.326,
917,200,24177.772,
918,200,24204.439,
919,200,24230.881,
920,200,24257.597,
921,200,24286.327,
922,200,24313.033,
923,200,24340.621,
924,200,24362.332,
925,200,24382.594,
926,200,24402.295,
927,200,24456.527,
928,200,24431.331,
929,200,24474.977,
930,200,24492.611,
931,200,24537.971,
932,200,24557.472,
933,200,24510.075,
934,200,24573.65,
935,200,24594.671,
936,200,24616.863,
937,200,24639.015,
938,200,24661.605,
939,200,24686.464,
940,200,24709.919,
941,200,24733.808,
942,200,24767.343,
943,200,24795.471,
944,200,24818.19,
945,200,24842.624,
946,200,24862.291,
947,200,24881.693,
948,200,24902.842,
949,200,24953.421,
950,200,24925.246,
951,200,24976.198,
952,200,25002.933,
953,200,25029.724,
954,200,25054.82,
955,200,25078.326,
956,200,25101.287,
957,200,25126.209,
958,200,25151.929,
959,200,25178.991,
960,200,25208.706,
961,200,25232.339,
962,200,25257.431,
963,200,25280.234,
964,200,25306.824,
965,200,25330.905,
966,200,25356.783,
967,200,25379.262,
968,200,25426.655,
969,200,25400.998,
970,200,25448.364,
971,200,25474.497,
972,200,25497.53,
973,200,25567.693,
974,200,25518.649,
975,200,25539.699,
976,200,25585.957,
977,200,25610.754,
978,200,25633.608,
979,200,25660.858,
980,200,25695.55,
981,200,25745.399,
982,200,25721.395,
983,200,25769.738,
984,200,25799.163,
985,200,25824.232,
986,200,25849.505,
987,200,25873.792,
988,200,25949.164,
989,200,25921.89,
990,200,25895.456,
991,200,25970.506,
992,200,25999.419,
993,200,26023.321,
994,200,26048.394,
995,200,26071.981,
996,200,26098.724,
997,200,26124.554,
998,200,26145.159,
999,200,26166.072,
1000,400,26175.292,"{""message"":""Coupon has no quantity"",""errorCode"":""400""}"
1001,400,26183.389,"{""message"":""Coupon has no quantity"",""errorCode"":""400""}"
1002,400,26196.633,"{""message"":""Coupon has no quantity"",""errorCode"":""400""}"
1003,400,26206.16,"{""message"":""Coupon has no quantity"",""errorCode"":""400""}"
1004,400,26216.695,"{""message"":""Coupon has no quantity"",""errorCode"":""400""}"
1005,400,26227.994,"{""message"":""Coupon has no quantity"",""errorCode"":""400""}"
1006,400,26250.04,"{""message"":""Coupon has no quantity"",""errorCode"":""400""}"
1007,400,26237.067,"{""message"":""Coupon has no quantity"",""errorCode"":""400""}"
1008,400,26256.83,"{""message"":""Coupon has no quantity"",""errorCode"":""400""}"
1009,400,26266.128,"{""message"":""Coupon has no quantity"",""errorCode"":""400""}"
1010,400,26276.834,"{""message"":""Coupon has no quantity"",""errorCode"":""400""}"
1011,400,26289.442,"{""message"":""Coupon has no quantity"",""errorCode"":""400""}"
1012,400,26301.902,"{""message"":""Coupon has no quantity"",""errorCode"":""400""}"
1013,400,26312.263,"{""message"":""Coupon has no quantity"",""errorCode"":""400""}"
1014,400,26322.05,"{""message"":""Coupon has no quantity"",""errorCode"":""400""}"
1015,400,26333.052,"{""message"":""Coupon has no quantity"",""errorCode"":""400""}"
1016,400,26354.241,"{""message"":""Coupon has no quantity"",""errorCode"":""400""}"
1017,400,26340.659,"{""message"":""Coupon has no quantity"",""errorCode"":""400""}"
1018,400,26373.569,"{""message"":""Coupon has no quantity"",""errorCode"":""400""}"
1019,400,26360.993,"{""message"":""Coupon has no quantity"",""errorCode"":""400""}"
1020,400,26383.202,"{""message"":""Coupon has no quantity"",""errorCode"":""400""}"
1021,400,26403.019,"{""message"":""Coupon has no quantity"",""errorCode"":""400""}"
1022,400,26390.788,"{""message"":""Coupon has no quantity"",""errorCode"":""400""}"
1023,400,26410.903,"{""message"":""Coupon has no quantity"",""errorCode"":""400""}"
1024,400,26418.243,"{""message"":""Coupon has no quantity"",""errorCode"":""400""}"
1025,400,26426.503,"{""message"":""Coupon has no quantity"",""errorCode"":""400""}"
1026,400,26433.822,"{""message"":""Coupon has no quantity"",""errorCode"":""400""}"
1027,400,26450.634,"{""message"":""Coupon has no quantity"",""errorCode"":""400""}"
1028,400,26440.206,"{""message"":""Coupon has no quantity"",""errorCode"":""400""}"
1029,400,26465.338,"{""message"":""Coupon has no quantity"",""errorCode"":""400""}"
1030,400,26455.659,"{""message"":""Coupon has no quantity"",""errorCode"":""400""}"
1031,400,26470.712,"{""message"":""Coupon has no quantity"",""errorCode"":""400""}"
1032,400,26488.93,"{""message"":""Coupon has no quantity"",""errorCode"":""400""}"
1033,400,26476.328,"{""message"":""Coupon has no quantity"",""errorCode"":""400""}"
1034,400,26504.509,"{""message"":""Coupon has no quantity"",""errorCode"":""400""}"
1035,400,26492.257,"{""message"":""Coupon has no quantity"",""errorCode"":""400""}"
1036,400,26511.473,"{""message"":""Coupon has no quantity"",""errorCode"":""400""}"
1037,400,26521.555,"{""message"":""Coupon has no quantity"",""errorCode"":""400""}"
1038,400,26530.754,"{""message"":""Coupon has no quantity"",""errorCode"":""400""}"
1039,400,26539.75,"{""message"":""Coupon has no quantity"",""errorCode"":""400""}"
1040,200,3633.164,
1041,400,26557.626,"{""message"":""Coupon has no quantity"",""errorCode"":""400""}"
1042,400,26569.305,"{""message"":""Coupon has no quantity"",""errorCode"":""400""}"
1043,400,26579.591,"{""message"":""Coupon has no quantity"",""errorCode"":""400""}"
1044,400,26591.105,"{""message"":""Coupon has no quantity"",""errorCode"":""400""}"
1045,400,26601.688,"{""message"":""Coupon has no quantity"",""errorCode"":""400""}"
1046,400,26608.731,"{""message"":""Coupon has no quantity"",""errorCode"":""400""}"
1047,400,26615.498,"{""message"":""Coupon has no quantity"",""errorCode"":""400""}"
1048,400,26635.899,"{""message"":""Coupon has no quantity"",""errorCode"":""400""}"
1049,400,26621.68,"{""message"":""Coupon has no quantity"",""errorCode"":""400""}"
1050,400,26640.538,"{""message"":""Coupon has no quantity"",""errorCode"":""400""}"
1051,400,26647.146,"{""message"":""Coupon has no quantity"",""errorCode"":""400""}"
1052,400,26654.879,"{""message"":""Coupon has no quantity"",""errorCode"":""400""}"
1053,400,26664.282,"{""message"":""Coupon has no quantity"",""errorCode"":""400""}"
1054,400,26673.287,"{""message"":""Coupon has no quantity"",""errorCode"":""400""}"
1055,400,26682.535,"{""message"":""Coupon has no quantity"",""errorCode"":""400""}"
1056,400,26692.163,"{""message"":""Coupon has no quantity"",""errorCode"":""400""}"
1057,400,26700.773,"{""message"":""Coupon has no quantity"",""errorCode"":""400""}"
1058,400,26717.817,"{""message"":""Coupon has no quantity"",""errorCode"":""400""}"
1059,400,26732.179,"{""message"":""Coupon has no quantity"",""errorCode"":""400""}"
1060,400,26745.923,"{""message"":""Coupon has no quantity"",""errorCode"":""400""}"
1061,400,26771.295,"{""message"":""Coupon has no quantity"",""errorCode"":""400""}"
1062,400,26779.804,"{""message"":""Coupon has no quantity"",""errorCode"":""400""}"
1063,400,26757.695,"{""message"":""Coupon has no quantity"",""errorCode"":""400""}"
1064,400,26787.264,"{""message"":""Coupon has no quantity"",""errorCode"":""400""}"
1065,400,26793.435,"{""message"":""Coupon has no quantity"",""errorCode"":""400""}"
1066,400,26798.519,"{""message"":""Coupon has no quantity"",""errorCode"":""400""}"
1067,400,26802.52,"{""message"":""Coupon has no quantity"",""errorCode"":""400""}"
1068,400,26806.446,"{""message"":""Coupon has no quantity"",""errorCode"":""400""}"
1069,400,26816.138,"{""message"":""Coupon has no quantity"",""errorCode"":""400""}"
1070,400,26808.653,"{""message"":""Coupon has no quantity"",""errorCode"":""400""}"
1071,400,26818.848,"{""message"":""Coupon has no quantity"",""errorCode"":""400""}"
1072,400,26829.31,"{""message"":""Coupon has no quantity"",""errorCode"":""400""}"
1073,400,26821.532,"{""message"":""Coupon has no quantity"",""errorCode"":""400""}"
1074,400,26835.641,"{""message"":""Coupon has no quantity"",""errorCode"":""400""}"
1075,400,26845.11,"{""message"":""Coupon has no quantity"",""errorCode"":""400""}"
1076,400,26853.114,"{""message"":""Coupon has no quantity"",""errorCode"":""400""}"
1077,400,26858.87,"{""message"":""Coupon has no quantity"",""errorCode"":""400""}"
1078,400,26865.816,"{""message"":""Coupon has no quantity"",""errorCode"":""400""}"
1079,400,26872.406,"{""message"":""Coupon has no quantity"",""errorCode"":""400""}"
1080,400,26879.204,"{""message"":""Coupon has no quantity"",""errorCode"":""400""}"
1081,400,26885.41,"{""message"":""Coupon has no quantity"",""errorCode"":""400""}"
1082,400,26899.66,"{""message"":""Coupon has no quantity"",""errorCode"":""400""}"
1083,400,26890.646,"{""message"":""Coupon has no quantity"",""errorCode"":""400""}"
1084,400,26904.762,"{""message"":""Coupon has no quantity"",""errorCode"":""400""}"
1085,400,26912.568,"{""message"":""Coupon has no quantity"",""errorCode"":""400""}"
1086,400,26924.754,"{""message"":""Coupon has no quantity"",""errorCode"":""400""}"
1087,400,26915.576,"{""message"":""Coupon has no quantity"",""errorCode"":""400""}"
1088,400,27011.455,"{""message"":""Coupon has no quantity"",""errorCode"":""400""}"
1089,400,26940.27,"{""message"":""Coupon has no quantity"",""errorCode"":""400""}"
1090,400,26927.637,"{""message"":""Coupon has no quantity"",""errorCode"":""400""}"
1091,400,26945.883,"{""message"":""Coupon has no quantity"",""errorCode"":""400""}"
1092,400,26961.902,"{""message"":""Coupon has no quantity"",""errorCode"":""400""}"
1093,400,26951.713,"{""message"":""Coupon has no quantity"",""errorCode"":""400""}"
1094,400,26974.602,"{""message"":""Coupon has no quantity"",""errorCode"":""400""}"
1095,400,26963.972,"{""message"":""Coupon has no quantity"",""errorCode"":""400""}"
1096,400,26979.077,"{""message"":""Coupon has no quantity"",""errorCode"":""400""}"
1097,400,26983.92,"{""message"":""Coupon has no quantity"",""errorCode"":""400""}"
1098,400,26988.155,"{""message"":""Coupon has no quantity"",""errorCode"":""400""}"
1099,400,26998.557,"{""message"":""Coupon has no quantity"",""errorCode"":""400""}"
1100,400,27003.46,"{""message"":""Coupon has no quantity"",""errorCode"":""400""}"
1101,400,27008.062,"{""message"":""Coupon has no quantity"",""errorCode"":""400""}"
1102,400,27012.607,"{""message"":""Coupon has no quantity"",""errorCode"":""400""}"
1103,400,27017.569,"{""message"":""Coupon has no quantity"",""errorCode"":""400""}"
1104,400,27023.574,"{""message"":""Coupon has no quantity"",""errorCode"":""400""}"
1105,400,27030.087,"{""message"":""Coupon has no quantity"",""errorCode"":""400""}"
1106,400,27035.749,"{""message"":""Coupon has no quantity"",""errorCode"":""400""}"
1107,400,27040.658,"{""message"":""Coupon has no quantity"",""errorCode"":""400""}"
1108,400,27051.83,"{""message"":""Coupon has no quantity"",""errorCode"":""400""}"
1109,400,27058.024,"{""message"":""Coupon has no quantity"",""errorCode"":""400""}"
1110,400,27042.198,"{""message"":""Coupon has no quantity"",""errorCode"":""400""}"
1111,400,27061.039,"{""message"":""Coupon has no quantity"",""errorCode"":""400""}"
1112,400,27066.544,"{""message"":""Coupon has no quantity"",""errorCode"":""400""}"
1113,400,27072.051,"{""message"":""Coupon has no quantity"",""errorCode"":""400""}"
1114,400,27076.967,"{""message"":""Coupon has no quantity"",""errorCode"":""400""}"
1115,400,27081.943,"{""message"":""Coupon has no quantity"",""errorCode"":""400""}"
1116,400,27087.144,"{""message"":""Coupon has no quantity"",""errorCode"":""400""}"
1117,400,27094.867,"{""message"":""Coupon has no quantity"",""errorCode"":""400""}"
1118,400,27102.723,"{""message"":""Coupon has no quantity"",""errorCode"":""400""}"
1119,400,27107.281,"{""message"":""Coupon has no quantity"",""errorCode"":""400""}"
1120,400,27111.646,"{""message"":""Coupon has no quantity"",""errorCode"":""400""}"
1121,400,27116.096,"{""message"":""Coupon has no quantity"",""errorCode"":""400""}"
1122,400,27120.151,"{""message"":""Coupon has no quantity"",""errorCode"":""400""}"
1123,400,27124.482,"{""message"":""Coupon has no quantity"",""errorCode"":""400""}"
1124,400,27127.453,"{""message"":""Coupon has no quantity"",""errorCode"":""400""}"
1125,400,27132.069,"{""message"":""Coupon has no quantity"",""errorCode"":""400""}"
1126,400,27136.953,"{""message"":""Coupon has no quantity"",""errorCode"":""400""}"
1127,400,27141.047,"{""message"":""Coupon has no quantity"",""errorCode"":""400""}"
1128,400,27145.593,"{""message"":""Coupon has no quantity"",""errorCode"":""400""}"
1129,400,27151.181,"{""message"":""Coupon has no quantity"",""errorCode"":""400""}"
1130,400,27157.363,"{""message"":""Coupon has no quantity"",""errorCode"":""400""}"
1131,400,27163.758,"{""message"":""Coupon has no quantity"",""errorCode"":""400""}"
1132,400,27168.757,"{""message"":""Coupon has no quantity"",""errorCode"":""400""}"
1133,400,27176.452,"{""message"":""Coupon has no quantity"",""errorCode"":""400""}"
1134,400,27185.67,"{""message"":""Coupon has no quantity"",""errorCode"":""400""}"
1135,400,27216.209,"{""message"":""Coupon has no quantity"",""errorCode"":""400""}"
1136,400,27194.836,"{""message"":""Coupon has no quantity"",""errorCode"":""400""}"
1137,400,27204.988,"{""message"":""Coupon has no quantity"",""errorCode"":""400""}"
1138,400,27220.366,"{""message"":""Coupon has no quantity"",""errorCode"":""400""}"
1139,400,27226.743,"{""message"":""Coupon has no quantity"",""errorCode"":""400""}"
1140,400,27240.145,"{""message"":""Coupon has no quantity"",""errorCode"":""400""}"
1141,400,27230.618,"{""message"":""Coupon has no quantity"",""errorCode"":""400""}"
1142,400,27244.282,"{""message"":""Coupon has no quantity"",""errorCode"":""400""}"
1143,400,27250.544,"{""message"":""Coupon has no quantity"",""errorCode"":""400""}"
1144,400,27256.367,"{""message"":""Coupon has no quantity"",""errorCode"":""400""}"
1145,400,27268.713,"{""message"":""Coupon has no quantity"",""errorCode"":""400""}"
1146,400,27258.845,"{""message"":""Coupon has no quantity"",""errorCode"":""400""}"
1147,400,27273.225,"{""message"":""Coupon has no quantity"",""errorCode"":""400""}"
1148,400,27278.105,"{""message"":""Coupon has no quantity"",""errorCode"":""400""}"
1149,400,27283.241,"{""message"":""Coupon has no quantity"",""errorCode"":""400""}"
1150,400,27287.852,"{""message"":""Coupon has no quantity"",""errorCode"":""400""}"
1151,400,27298.334,"{""message"":""Coupon has no quantity"",""errorCode"":""400""}"
1152,400,27290.629,"{""message"":""Coupon has no quantity"",""errorCode"":""400""}"
1153,400,27300.849,"{""message"":""Coupon has no quantity"",""errorCode"":""400""}"
1154,400,27305.288,"{""message"":""Coupon has no quantity"",""errorCode"":""400""}"
1155,400,27309.684,"{""message"":""Coupon has no quantity"",""errorCode"":""400""}"
1156,400,27313.956,"{""message"":""Coupon has no quantity"",""errorCode"":""400""}"
1157,400,27318.564,"{""message"":""Coupon has no quantity"",""errorCode"":""400""}"
1158,400,27322.878,"{""message"":""Coupon has no quantity"",""errorCode"":""400""}"
1159,400,27326.651,"{""message"":""Coupon has no quantity"",""errorCode"":""400""}"
1160,400,27342.296,"{""message"":""Coupon has no quantity"",""errorCode"":""400""}"
1161,400,27334.161,"{""message"":""Coupon has no quantity"",""errorCode"":""400""}"
1162,400,27328.249,"{""message"":""Coupon has no quantity"",""errorCode"":""400""}"
1163,400,27344.739,"{""message"":""Coupon has no quantity"",""errorCode"":""400""}"
1164,400,27352.593,"{""message"":""Coupon has no quantity"",""errorCode"":""400""}"
1165,400,27359.273,"{""message"":""Coupon has no quantity"",""errorCode"":""400""}"
1166,400,27375.883,"{""message"":""Coupon has no quantity"",""errorCode"":""400""}"
1167,400,27366.406,"{""message"":""Coupon has no quantity"",""errorCode"":""400""}"
1168,400,27378.486,"{""message"":""Coupon has no quantity"",""errorCode"":""400""}"
1169,400,27383.38,"{""message"":""Coupon has no quantity"",""errorCode"":""400""}"
1170,400,27388.174,"{""message"":""Coupon has no quantity"",""errorCode"":""400""}"
1171,400,27392.914,"{""message"":""Coupon has no quantity"",""errorCode"":""400""}"
1172,400,27398.064,"{""message"":""Coupon has no quantity"",""errorCode"":""400""}"
1173,400,27402.249,"{""message"":""Coupon has no quantity"",""errorCode"":""400""}"
1174,400,27407.118,"{""message"":""Coupon has no quantity"",""errorCode"":""400""}"
1175,400,27411.947,"{""message"":""Coupon has no quantity"",""errorCode"":""400""}"
1176,400,27416.597,"{""message"":""Coupon has no quantity"",""errorCode"":""400""}"
1177,400,27421.651,"{""message"":""Coupon has no quantity"",""errorCode"":""400""}"
1178,400,27426.587,"{""message"":""Coupon has no quantity"",""errorCode"":""400""}"
1179,400,27432.483,"{""message"":""Coupon has no quantity"",""errorCode"":""400""}"
1180,400,27449.02,"{""message"":""Coupon has no quantity"",""errorCode"":""400""}"
1181,400,27439.855,"{""message"":""Coupon has no quantity"",""errorCode"":""400""}"
1182,400,27452.606,"{""message"":""Coupon has no quantity"",""errorCode"":""400""}"
1183,400,27457.183,"{""message"":""Coupon has no quantity"",""errorCode"":""400""}"
1184,400,27461.392,"{""message"":""Coupon has no quantity"",""errorCode"":""400""}"
1185,400,27466.752,"{""message"":""Coupon has no quantity"",""errorCode"":""400""}"
1186,400,27470.783,"{""message"":""Coupon has no quantity"",""errorCode"":""400""}"
1187,400,27476.016,"{""message"":""Coupon has no quantity"",""errorCode"":""400""}"
1188,400,27482.383,"{""message"":""Coupon has no quantity"",""errorCode"":""400""}"
1189,400,27487.791,"{""message"":""Coupon has no quantity"",""errorCode"":""400""}"
1190,400,27493.132,"{""message"":""Coupon has no quantity"",""errorCode"":""400""}"
1191,400,27497.873,"{""message"":""Coupon has no quantity"",""errorCode"":""400""}"
1192,400,27502.474,"{""message"":""Coupon has no quantity"",""errorCode"":""400""}"
1193,400,27506.99,"{""message"":""Coupon has no quantity"",""errorCode"":""400""}"
1194,400,27511.686,"{""message"":""Coupon has no quantity"",""errorCode"":""400""}"
1195,400,27516.257,"{""message"":""Coupon has no quantity"",""errorCode"":""400""}"
1196,400,27521.518,"{""message"":""Coupon has no quantity"",""errorCode"":""400""}"
1197,400,27529.969,"{""message"":""Coupon has no quantity"",""errorCode"":""400""}"
1198,400,27535.526,"{""message"":""Coupon has no quantity"",""errorCode"":""400""}"
1199,400,27545.959,"{""message"":""Coupon has no quantity"",""errorCode"":""400""}"
1200,400,27538.755,"{""message"":""Coupon has no quantity"",""errorCode"":""400""}"
1201,400,27548.161,"{""message"":""Coupon has no quantity"",""errorCode"":""400""}"
1202,400,27559.721,"{""message"":""Coupon has no quantity"",""errorCode"":""400""}"
1203,400,27550.709,"{""message"":""Coupon has no quantity"",""errorCode"":""400""}"
1204,400,27562.167,"{""message"":""Coupon has no quantity"",""errorCode"":""400""}"
1205,400,27573.128,"{""message"":""Coupon has no quantity"",""errorCode"":""400""}"
1206,400,27564.888,"{""message"":""Coupon has no quantity"",""errorCode"":""400""}"
1207,400,27575.183,"{""message"":""Coupon has no quantity"",""errorCode"":""400""}"
1208,400,27581.013,"{""message"":""Coupon has no quantity"",""errorCode"":""400""}"
1209,400,27586.927,"{""message"":""Coupon has no quantity"",""errorCode"":""400""}"
1210,400,27597.477,"{""message"":""Coupon has no quantity"",""errorCode"":""400""}"
1211,400,27611.486,"{""message"":""Coupon has no quantity"",""errorCode"":""400""}"
1212,400,27601.817,"{""message"":""Coupon has no quantity"",""errorCode"":""400""}"
1213,400,27618.316,"{""message"":""Coupon has no quantity"",""errorCode"":""400""}"
1214,400,27624.831,"{""message"":""Coupon has no quantity"",""errorCode"":""400""}"
1215,400,27629.176,"{""message"":""Coupon has no quantity"",""errorCode"":""400""}"
1216,400,27641.562,"{""message"":""Coupon has no quantity"",""errorCode"":""400""}"
1217,400,27631.579,"{""message"":""Coupon has no quantity"",""errorCode"":""400""}"
1218,400,27645.037,"{""message"":""Coupon has no quantity"",""errorCode"":""400""}"
1219,400,27649.824,"{""message"":""Coupon has no quantity"",""errorCode"":""400""}"
1220,400,27665.004,"{""message"":""Coupon has no quantity"",""errorCode"":""400""}"
1221,400,27653.162,"{""message"":""Coupon has no quantity"",""errorCode"":""400""}"
1222,400,27668.414,"{""message"":""Coupon has no quantity"",""errorCode"":""400""}"
1223,400,27675.367,"{""message"":""Coupon has no quantity"",""errorCode"":""400""}"
1224,400,27678.494,"{""message"":""Coupon has no quantity"",""errorCode"":""400""}"
1225,400,27684.981,"{""message"":""Coupon has no quantity"",""errorCode"":""400""}"
1226,400,27690.915,"{""message"":""Coupon has no quantity"",""errorCode"":""400""}"
1227,400,27697.994,"{""message"":""Coupon has no quantity"",""errorCode"":""400""}"
1228,400,27707.601,"{""message"":""Coupon has no quantity"",""errorCode"":""400""}"
1229,400,27699.499,"{""message"":""Coupon has no quantity"",""errorCode"":""400""}"
1230,400,27709.672,"{""message"":""Coupon has no quantity"",""errorCode"":""400""}"
1231,400,27713.462,"{""message"":""Coupon has no quantity"",""errorCode"":""400""}"
1232,400,27715.587,"{""message"":""Coupon has no quantity"",""errorCode"":""400""}"
1233,400,27720.583,"{""message"":""Coupon has no quantity"",""errorCode"":""400""}"
1234,400,27720.119,"{""message"":""Coupon has no quantity"",""errorCode"":""400""}"
1235,400,27726.844,"{""message"":""Coupon has no quantity"",""errorCode"":""400""}"
1236,400,27731.844,"{""message"":""Coupon has no quantity"",""errorCode"":""400""}"
1237,400,27736.117,"{""message"":""Coupon has no quantity"",""errorCode"":""400""}"
1238,400,27752.939,"{""message"":""Coupon has no quantity"",""errorCode"":""400""}"
1239,400,27739.441,"{""message"":""Coupon has no quantity"",""errorCode"":""400""}"
1240,400,27756.735,"{""message"":""Coupon has no quantity"",""errorCode"":""400""}"
1241,400,27761.441,"{""message"":""Coupon has no quantity"",""errorCode"":""400""}"
1242,400,27765.311,"{""message"":""Coupon has no quantity"",""errorCode"":""400""}"
1243,400,27769.905,"{""message"":""Coupon has no quantity"",""errorCode"":""400""}"
1244,400,27774.864,"{""message"":""Coupon has no quantity"",""errorCode"":""400""}"
1245,400,27782.586,"{""message"":""Coupon has no quantity"",""errorCode"":""400""}"
1246,400,27797.482,"{""message"":""Coupon has no quantity"",""errorCode"":""400""}"
1247,400,27787.952,"{""message"":""Coupon has no quantity"",""errorCode"":""400""}"
1248,400,27801.984,"{""message"":""Coupon has no quantity"",""errorCode"":""400""}"
1249,400,27817.479,"{""message"":""Coupon has no quantity"",""errorCode"":""400""}"
1250,400,27805.289,"{""message"":""Coupon has no quantity"",""errorCode"":""400""}"
1251,400,27820.205,"{""message"":""Coupon has no quantity"",""errorCode"":""400""}"
1252,400,27827.166,"{""message"":""Coupon has no quantity"",""errorCode"":""400""}"
1253,400,27835.842,"{""message"":""Coupon has no quantity"",""errorCode"":""400""}"
1254,400,27842.255,"{""message"":""Coupon has no quantity"",""errorCode"":""400""}"
1255,400,27847.35,"{""message"":""Coupon has no quantity"",""errorCode"":""400""}"
1256,400,27855.843,"{""message"":""Coupon has no quantity"",""errorCode"":""400""}"
1257,400,27868.579,"{""message"":""Coupon has no quantity"",""errorCode"":""400""}"
1258,400,27881.597,"{""message"":""Coupon has no quantity"",""errorCode"":""400""}"
1259,400,27897.217,"{""message"":""Coupon has no quantity"",""errorCode"":""400""}"
1260,400,27909.132,"{""message"":""Coupon has no quantity"",""errorCode"":""400""}"
1261,400,27923.29,"{""message"":""Coupon has no quantity"",""errorCode"":""400""}"
1262,400,27940.048,"{""message"":""Coupon has no quantity"",""errorCode"":""400""}"
1263,400,28649.902,"{""message"":""Coupon has no quantity"",""errorCode"":""400""}"
1264,400,27958.58,"{""message"":""Coupon has no quantity"",""errorCode"":""400""}"
1265,400,27965.162,"{""message"":""Coupon has no quantity"",""errorCode"":""400""}"
1266,400,27972.382,"{""message"":""Coupon has no quantity"",""errorCode"":""400""}"
1267,400,27978.367,"{""message"":""Coupon has no quantity"",""errorCode"":""400""}"
1268,400,27991.121,"{""message"":""Coupon has no quantity"",""errorCode"":""400""}"
1269,400,27996.616,"{""message"":""Coupon has no quantity"",""errorCode"":""400""}"
1270,400,27980.898,"{""message"":""Coupon has no quantity"",""errorCode"":""400""}"
1271,400,28003.878,"{""message"":""Coupon has no quantity"",""errorCode"":""400""}"
1272,400,28007.525,"{""message"":""Coupon has no quantity"",""errorCode"":""400""}"
1273,400,28011.903,"{""message"":""Coupon has no quantity"",""errorCode"":""400""}"
1274,400,28016.818,"{""message"":""Coupon has no quantity"",""errorCode"":""400""}"
1275,400,28022.627,"{""message"":""Coupon has no quantity"",""errorCode"":""400""}"
1276,400,28030.282,"{""message"":""Coupon has no quantity"",""errorCode"":""400""}"
1277,400,28035.184,"{""message"":""Coupon has no quantity"",""errorCode"":""400""}"
1278,400,28040.645,"{""message"":""Coupon has no quantity"",""errorCode"":""400""}"
1279,400,28045.118,"{""message"":""Coupon has no quantity"",""errorCode"":""400""}"
1280,400,28048.719,"{""message"":""Coupon has no quantity"",""errorCode"":""400""}"
1281,400,28053.682,"{""message"":""Coupon has no quantity"",""errorCode"":""400""}"
1282,400,28057.655,"{""message"":""Coupon has no quantity"",""errorCode"":""400""}"
1283,400,28079.663,"{""message"":""Coupon has no quantity"",""errorCode"":""400""}"
1284,400,28065.923,"{""message"":""Coupon has no quantity"",""errorCode"":""400""}"
1285,400,28068.822,"{""message"":""Coupon has no quantity"",""errorCode"":""400""}"
1286,400,28054.886,"{""message"":""Coupon has no quantity"",""errorCode"":""400""}"
1287,400,28082.437,"{""message"":""Coupon has no quantity"",""errorCode"":""400""}"
1288,400,28074.832,"{""message"":""Coupon has no quantity"",""errorCode"":""400""}"
1289,400,28082.928,"{""message"":""Coupon has no quantity"",""errorCode"":""400""}"
1290,400,28089.885,"{""message"":""Coupon has no quantity"",""errorCode"":""400""}"
1291,400,28095.78,"{""message"":""Coupon has no quantity"",""errorCode"":""400""}"
1292,400,28112.178,"{""message"":""Coupon has no quantity"",""errorCode"":""400""}"
1293,400,28102.01,"{""message"":""Coupon has no quantity"",""errorCode"":""400""}"
1294,400,28116.292,"{""message"":""Coupon has no quantity"",""errorCode"":""400""}"
1295,400,28120.613,"{""message"":""Coupon has no quantity"",""errorCode"":""400""}"
1296,400,28125.333,"{""message"":""Coupon has no quantity"",""errorCode"":""400""}"
1297,400,28128.494,"{""message"":""Coupon has no quantity"",""errorCode"":""400""}"
1298,400,28131.134,"{""message"":""Coupon has no quantity"",""errorCode"":""400""}"
1299,400,28135.579,"{""message"":""Coupon has no quantity"",""errorCode"":""400""}"
1300,400,28139.441,"{""message"":""Coupon has no quantity"",""errorCode"":""400""}"
1301,400,28146.005,"{""message"":""Coupon has no quantity"",""errorCode"":""400""}"
1302,400,28150.213,"{""message"":""Coupon has no quantity"",""errorCode"":""400""}"
1303,400,28154.669,"{""message"":""Coupon has no quantity"",""errorCode"":""400""}"
1304,400,28159.043,"{""message"":""Coupon has no quantity"",""errorCode"":""400""}"
1305,400,28165.044,"{""message"":""Coupon has no quantity"",""errorCode"":""400""}"
1306,400,28169.889,"{""message"":""Coupon has no quantity"",""errorCode"":""400""}"
1307,400,28176.445,"{""message"":""Coupon has no quantity"",""errorCode"":""400""}"
1308,400,28183.264,"{""message"":""Coupon has no quantity"",""errorCode"":""400""}"
1309,400,28190.561,"{""message"":""Coupon has no quantity"",""errorCode"":""400""}"
1310,400,28196.985,"{""message"":""Coupon has no quantity"",""errorCode"":""400""}"
1311,400,28205.484,"{""message"":""Coupon has no quantity"",""errorCode"":""400""}"
1312,400,28222.079,"{""message"":""Coupon has no quantity"",""errorCode"":""400""}"
1313,400,28211.379,"{""message"":""Coupon has no quantity"",""errorCode"":""400""}"
1314,400,28227.832,"{""message"":""Coupon has no quantity"",""errorCode"":""400""}"
1315,400,28233.094,"{""message"":""Coupon has no quantity"",""errorCode"":""400""}"
1316,400,28249.281,"{""message"":""Coupon has no quantity"",""errorCode"":""400""}"
1317,400,28239.006,"{""message"":""Coupon has no quantity"",""errorCode"":""400""}"
1318,400,28253.581,"{""message"":""Coupon has no quantity"",""errorCode"":""400""}"
1319,400,28259.207,"{""message"":""Coupon has no quantity"",""errorCode"":""400""}"
1320,400,28276.681,"{""message"":""Coupon has no quantity"",""errorCode"":""400""}"
1321,400,28262.941,"{""message"":""Coupon has no quantity"",""errorCode"":""400""}"
1322,400,28286.243,"{""message"":""Coupon has no quantity"",""errorCode"":""400""}"
1323,400,28292.421,"{""message"":""Coupon has no quantity"",""errorCode"":""400""}"
1324,400,28299.933,"{""message"":""Coupon has no quantity"",""errorCode"":""400""}"
1325,400,28313.727,"{""message"":""Coupon has no quantity"",""errorCode"":""400""}"
1326,400,28304.507,"{""message"":""Coupon has no quantity"",""errorCode"":""400""}"
1327,400,28315.814,"{""message"":""Coupon has no quantity"",""errorCode"":""400""}"
1328,400,28319.918,"{""message"":""Coupon has no quantity"",""errorCode"":""400""}"
1329,400,28322.387,"{""message"":""Coupon has no quantity"",""errorCode"":""400""}"
1330,400,28326.269,"{""message"":""Coupon has no quantity"",""errorCode"":""400""}"
1331,400,28330.009,"{""message"":""Coupon has no quantity"",""errorCode"":""400""}"
1332,400,28334.29,"{""message"":""Coupon has no quantity"",""errorCode"":""400""}"
1333,400,28337.864,"{""message"":""Coupon has no quantity"",""errorCode"":""400""}"
1334,400,28341.697,"{""message"":""Coupon has no quantity"",""errorCode"":""400""}"
1335,400,28346.767,"{""message"":""Coupon has no quantity"",""errorCode"":""400""}"
1336,400,28351.976,"{""message"":""Coupon has no quantity"",""errorCode"":""400""}"
1337,400,28356.195,"{""message"":""Coupon has no quantity"",""errorCode"":""400""}"
1338,400,28360.761,"{""message"":""Coupon has no quantity"",""errorCode"":""400""}"
1339,400,28364.068,"{""message"":""Coupon has no quantity"",""errorCode"":""400""}"
1340,400,28372.48,"{""message"":""Coupon has no quantity"",""errorCode"":""400""}"
1341,400,28364.467,"{""message"":""Coupon has no quantity"",""errorCode"":""400""}"
1342,400,28373.762,"{""message"":""Coupon has no quantity"",""errorCode"":""400""}"
1343,400,28375.324,"{""message"":""Coupon has no quantity"",""errorCode"":""400""}"
1344,400,28378.256,"{""message"":""Coupon has no quantity"",""errorCode"":""400""}"
1345,400,28382.231,"{""message"":""Coupon has no quantity"",""errorCode"":""400""}"
1346,400,28386.351,"{""message"":""Coupon has no quantity"",""errorCode"":""400""}"
1347,400,28390.366,"{""message"":""Coupon has no quantity"",""errorCode"":""400""}"
1348,400,28393.719,"{""message"":""Coupon has no quantity"",""errorCode"":""400""}"
1349,400,28394.305,"{""message"":""Coupon has no quantity"",""errorCode"":""400""}"
1350,400,28398.007,"{""message"":""Coupon has no quantity"",""errorCode"":""400""}"
1351,400,28401.203,"{""message"":""Coupon has no quantity"",""errorCode"":""400""}"
1352,400,28405.106,"{""message"":""Coupon has no quantity"",""errorCode"":""400""}"
1353,400,28410.922,"{""message"":""Coupon has no quantity"",""errorCode"":""400""}"
1354,400,28413.1,"{""message"":""Coupon has no quantity"",""errorCode"":""400""}"
1355,400,28419.588,"{""message"":""Coupon has no quantity"",""errorCode"":""400""}"
1356,400,28412.297,"{""message"":""Coupon has no quantity"",""errorCode"":""400""}"
1357,400,28422.851,"{""message"":""Coupon has no quantity"",""errorCode"":""400""}"
1358,400,28427.801,"{""message"":""Coupon has no quantity"",""errorCode"":""400""}"
1359,400,28430.654,"{""message"":""Coupon has no quantity"",""errorCode"":""400""}"
1360,400,28434.586,"{""message"":""Coupon has no quantity"",""errorCode"":""400""}"
1361,400,27739.858,"{""message"":""Coupon has no quantity"",""errorCode"":""400""}"
1362,400,28444.996,"{""message"":""Coupon has no quantity"",""errorCode"":""400""}"
1363,200,3560.648,
1364,400,28447.845,"{""message"":""Coupon has no quantity"",""errorCode"":""400""}"
1365,400,28451.957,"{""message"":""Coupon has no quantity"",""errorCode"":""400""}"
1366,400,28455.465,"{""message"":""Coupon has no quantity"",""errorCode"":""400""}"
1367,400,28464.138,"{""message"":""Coupon has no quantity"",""errorCode"":""400""}"
1368,400,28455.505,"{""message"":""Coupon has no quantity"",""errorCode"":""400""}"
1369,400,28467.67,"{""message"":""Coupon has no quantity"",""errorCode"":""400""}"
1370,400,28473.02,"{""message"":""Coupon has no quantity"",""errorCode"":""400""}"
1371,400,28478.288,"{""message"":""Coupon has no quantity"",""errorCode"":""400""}"
1372,400,28485.906,"{""message"":""Coupon has no quantity"",""errorCode"":""400""}"
1373,400,28491.184,"{""message"":""Coupon has no quantity"",""errorCode"":""400""}"
1374,400,28497.113,"{""message"":""Coupon has no quantity"",""errorCode"":""400""}"
1375,400,28500.618,"{""message"":""Coupon has no quantity"",""errorCode"":""400""}"
1376,400,28505.326,"{""message"":""Coupon has no quantity"",""errorCode"":""400""}"
1377,400,28509.492,"{""message"":""Coupon has no quantity"",""errorCode"":""400""}"
1378,400,28513.74,"{""message"":""Coupon has no quantity"",""errorCode"":""400""}"
1379,400,28520.229,"{""message"":""Coupon has no quantity"",""errorCode"":""400""}"
1380,400,28524.06,"{""message"":""Coupon has no quantity"",""errorCode"":""400""}"
1381,400,28529.039,"{""message"":""Coupon has no quantity"",""errorCode"":""400""}"
1382,400,28534.183,"{""message"":""Coupon has no quantity"",""errorCode"":""400""}"
1383,400,28545.459,"{""message"":""Coupon has no quantity"",""errorCode"":""400""}"
1384,400,28556.769,"{""message"":""Coupon has no quantity"",""errorCode"":""400""}"
1385,400,28535.131,"{""message"":""Coupon has no quantity"",""errorCode"":""400""}"
1386,400,28547.337,"{""message"":""Coupon has no quantity"",""errorCode"":""400""}"
1387,400,28571.514,"{""message"":""Coupon has no quantity"",""errorCode"":""400""}"
1388,400,28562.925,"{""message"":""Coupon has no quantity"",""errorCode"":""400""}"
1389,400,28554.696,"{""message"":""Coupon has no quantity"",""errorCode"":""400""}"
1390,400,28577.306,"{""message"":""Coupon has no quantity"",""errorCode"":""400""}"
1391,400,28569.658,"{""message"":""Coupon has no quantity"",""errorCode"":""400""}"
1392,400,28578.158,"{""message"":""Coupon has no quantity"",""errorCode"":""400""}"
1393,400,28583.657,"{""message"":""Coupon has no quantity"",""errorCode"":""400""}"
1394,400,28589.448,"{""message"":""Coupon has no quantity"",""errorCode"":""400""}"
1395,400,28597.359,"{""message"":""Coupon has no quantity"",""errorCode"":""400""}"
1396,400,28611.901,"{""message"":""Coupon has no quantity"",""errorCode"":""400""}"
1397,400,28601.684,"{""message"":""Coupon has no quantity"",""errorCode"":""400""}"
1398,400,28616.264,"{""message"":""Coupon has no quantity"",""errorCode"":""400""}"
1399,400,28619.35,"{""message"":""Coupon has no quantity"",""errorCode"":""400""}"
1400,400,28639.852,"{""message"":""Coupon has no quantity"",""errorCode"":""400""}"
1401,400,28627.401,"{""message"":""Coupon has no quantity"",""errorCode"":""400""}"
1402,400,28651.496,"{""message"":""Coupon has no quantity"",""errorCode"":""400""}"
1403,400,28660.96,"{""message"":""Coupon has no quantity"",""errorCode"":""400""}"
1404,400,28670.576,"{""message"":""Coupon has no quantity"",""errorCode"":""400""}"
1405,400,28679.214,"{""message"":""Coupon has no quantity"",""errorCode"":""400""}"
1406,400,28698.813,"{""message"":""Coupon has no quantity"",""errorCode"":""400""}"
1407,400,28684.96,"{""message"":""Coupon has no quantity"",""errorCode"":""400""}"
1408,400,28702.964,"{""message"":""Coupon has no quantity"",""errorCode"":""400""}"
1409,400,28708.379,"{""message"":""Coupon has no quantity"",""errorCode"":""400""}"
1410,400,28712.808,"{""message"":""Coupon has no quantity"",""errorCode"":""400""}"
1411,400,28717.19,"{""message"":""Coupon has no quantity"",""errorCode"":""400""}"
1412,400,28721.185,"{""message"":""Coupon has no quantity"",""errorCode"":""400""}"
1413,400,28725.849,"{""message"":""Coupon has no quantity"",""errorCode"":""400""}"
1414,400,28730.399,"{""message"":""Coupon has no quantity"",""errorCode"":""400""}"
1415,400,28738.685,"{""message"":""Coupon has no quantity"",""errorCode"":""400""}"
1416,400,28743.944,"{""message"":""Coupon has no quantity"",""errorCode"":""400""}"
1417,400,28749.115,"{""message"":""Coupon has no quantity"",""errorCode"":""400""}"
1418,400,28759.891,"{""message"":""Coupon has no quantity"",""errorCode"":""400""}"
1419,400,28753.155,"{""message"":""Coupon has no quantity"",""errorCode"":""400""}"
1420,400,28762.864,"{""message"":""Coupon has no quantity"",""errorCode"":""400""}"
1421,400,28765.877,"{""message"":""Coupon has no quantity"",""errorCode"":""400""}"
1422,400,28771.625,"{""message"":""Coupon has no quantity"",""errorCode"":""400""}"
1423,400,28777.7,"{""message"":""Coupon has no quantity"",""errorCode"":""400""}"
1424,400,28783.359,"{""message"":""Coupon has no quantity"",""errorCode"":""400""}"
1425,400,28788.804,"{""message"":""Coupon has no quantity"",""errorCode"":""400""}"
1426,400,28795.513,"{""message"":""Coupon has no quantity"",""errorCode"":""400""}"
1427,400,28803.439,"{""message"":""Coupon has no quantity"",""errorCode"":""400""}"
1428,400,28812.618,"{""message"":""Coupon has no quantity"",""errorCode"":""400""}"
1429,400,28837.988,"{""message"":""Coupon has no quantity"",""errorCode"":""400""}"
1430,400,28857.646,"{""message"":""Coupon has no quantity"",""errorCode"":""400""}"
1431,400,28846.438,"{""message"":""Coupon has no quantity"",""errorCode"":""400""}"
1432,400,28866.599,"{""message"":""Coupon has no quantity"",""errorCode"":""400""}"
1433,400,28879.411,"{""message"":""Coupon has no quantity"",""errorCode"":""400""}"
1434,400,28869.509,"{""message"":""Coupon has no quantity"",""errorCode"":""400""}"
1435,400,28891.207,"{""message"":""Coupon has no quantity"",""errorCode"":""400""}"
1436,400,28882.614,"{""message"":""Coupon has no quantity"",""errorCode"":""400""}"
1437,400,28896.262,"{""message"":""Coupon has no quantity"",""errorCode"":""400""}"
1438,400,28901.107,"{""message"":""Coupon has no quantity"",""errorCode"":""400""}"
1439,400,28906.979,"{""message"":""Coupon has no quantity"",""errorCode"":""400""}"
1440,400,28911.182,"{""message"":""Coupon has no quantity"",""errorCode"":""400""}"
1441,400,28915.335,"{""message"":""Coupon has no quantity"",""errorCode"":""400""}"
1442,400,28920.884,"{""message"":""Coupon has no quantity"",""errorCode"":""400""}"
1443,400,28924.583,"{""message"":""Coupon has no quantity"",""errorCode"":""400""}"
1444,400,28929.048,"{""message"":""Coupon has no quantity"",""errorCode"":""400""}"
1445,400,28933.085,"{""message"":""Coupon has no quantity"",""errorCode"":""400""}"
1446,400,28937.58,"{""message"":""Coupon has no quantity"",""errorCode"":""400""}"
1447,400,28941.638,"{""message"":""Coupon has no quantity"",""errorCode"":""400""}"
1448,400,28943.943,"{""message"":""Coupon has no quantity"",""errorCode"":""400""}"
1449,400,28947.417,"{""message"":""Coupon has no quantity"",""errorCode"":""400""}"
1450,400,28951.403,"{""message"":""Coupon has no quantity"",""errorCode"":""400""}"
1451,400,28956.106,"{""message"":""Coupon has no quantity"",""errorCode"":""400""}"
1452,400,28959.673,"{""message"":""Coupon has no quantity"",""errorCode"":""400""}"
1453,400,28962.659,"{""message"":""Coupon has no quantity"",""errorCode"":""400""}"
1454,400,28966.271,"{""message"":""Coupon has no quantity"",""errorCode"":""400""}"
1455,400,28971.682,"{""message"":""Coupon has no quantity"",""errorCode"":""400""}"
1456,400,28977.565,"{""message"":""Coupon has no quantity"",""errorCode"":""400""}"
1457,400,28984.624,"{""message"":""Coupon has no quantity"",""errorCode"":""400""}"
1458,400,28994.836,"{""message"":""Coupon has no quantity"",""errorCode"":""400""}"
1459,400,29004.713,"{""message"":""Coupon has no quantity"",""errorCode"":""400""}"
1460,400,29018.527,"{""message"":""Coupon has no quantity"",""errorCode"":""400""}"
1461,400,29009.766,"{""message"":""Coupon has no quantity"",""errorCode"":""400""}"
1462,400,29022.144,"{""message"":""Coupon has no quantity"",""errorCode"":""400""}"
1463,400,29040.324,"{""message"":""Coupon has no quantity"",""errorCode"":""400""}"
1464,400,29025.536,"{""message"":""Coupon has no quantity"",""errorCode"":""400""}"
1465,400,29039.876,"{""message"":""Coupon has no quantity"",""errorCode"":""400""}"
1466,400,29027.428,"{""message"":""Coupon has no quantity"",""errorCode"":""400""}"
1467,400,29043.564,"{""message"":""Coupon has no quantity"",""errorCode"":""400""}"
1468,400,29047.048,"{""message"":""Coupon has no quantity"",""errorCode"":""400""}"
1469,400,29050.904,"{""message"":""Coupon has no quantity"",""errorCode"":""400""}"
1470,400,29054.911,"{""message"":""Coupon has no quantity"",""errorCode"":""400""}"
1471,400,29058.756,"{""message"":""Coupon has no quantity"",""errorCode"":""400""}"
1472,400,29063.205,"{""message"":""Coupon has no quantity"",""errorCode"":""400""}"
1473,400,29066.072,"{""message"":""Coupon has no quantity"",""errorCode"":""400""}"
1474,400,29070.146,"{""message"":""Coupon has no quantity"",""errorCode"":""400""}"
1475,400,29078.578,"{""message"":""Coupon has no quantity"",""errorCode"":""400""}"
1476,400,29095.514,"{""message"":""Coupon has no quantity"",""errorCode"":""400""}"
1477,400,29085.46,"{""message"":""Coupon has no quantity"",""errorCode"":""400""}"
1478,400,29101.149,"{""message"":""Coupon has no quantity"",""errorCode"":""400""}"
1479,400,29108.287,"{""message"":""Coupon has no quantity"",""errorCode"":""400""}"
1480,400,29114.782,"{""message"":""Coupon has no quantity"",""errorCode"":""400""}"
1481,400,29121.693,"{""message"":""Coupon has no quantity"",""errorCode"":""400""}"
1482,400,29126.992,"{""message"":""Coupon has no quantity"",""errorCode"":""400""}"
1483,400,29133.749,"{""message"":""Coupon has no quantity"",""errorCode"":""400""}"
1484,400,29140.662,"{""message"":""Coupon has no quantity"",""errorCode"":""400""}"
1485,400,29147.644,"{""message"":""Coupon has no quantity"",""errorCode"":""400""}"
1486,400,29153.954,"{""message"":""Coupon has no quantity"",""errorCode"":""400""}"
1487,400,29163.53,"{""message"":""Coupon has no quantity"",""errorCode"":""400""}"
1488,400,29173.044,"{""message"":""Coupon has no quantity"",""errorCode"":""400""}"
1489,400,29179.511,"{""message"":""Coupon has no quantity"",""errorCode"":""400""}"
1490,400,29186.171,"{""message"":""Coupon has no quantity"",""errorCode"":""400""}"
1491,400,29192.657,"{""message"":""Coupon has no quantity"",""errorCode"":""400""}"
1492,400,29197.805,"{""message"":""Coupon has no quantity"",""errorCode"":""400""}"
1493,400,29211.347,"{""message"":""Coupon has no quantity"",""errorCode"":""400""}"
1494,400,29201.541,"{""message"":""Coupon has no quantity"",""errorCode"":""400""}"
1495,400,29214.674,"{""message"":""Coupon has no quantity"",""errorCode"":""400""}"
1496,400,29219.709,"{""message"":""Coupon has no quantity"",""errorCode"":""400""}"
1497,400,29222.904,"{""message"":""Coupon has no quantity"",""errorCode"":""400""}"
1498,400,29225.818,"{""message"":""Coupon has no quantity"",""errorCode"":""400""}"
1499,400,29228.829,"{""message"":""Coupon has no quantity"",""errorCode"":""400""}"
1500,400,29243.432,"{""message"":""Coupon has no quantity"",""errorCode"":""400""}"
1501,400,29231.8,"{""message"":""Coupon has no quantity"",""errorCode"":""400""}"
1502,400,29248.922,"{""message"":""Coupon has no quantity"",""errorCode"":""400""}"
1503,400,29253.689,"{""message"":""Coupon has no quantity"",""errorCode"":""400""}"
1504,400,29256.34,"{""message"":""Coupon has no quantity"",""errorCode"":""400""}"
1505,400,29269.58,"{""message"":""Coupon has no quantity"",""errorCode"":""400""}"
1506,400,29259.402,"{""message"":""Coupon has no quantity"",""errorCode"":""400""}"
1507,400,29272.807,"{""message"":""Coupon has no quantity"",""errorCode"":""400""}"
1508,400,29277.509,"{""message"":""Coupon has no quantity"",""errorCode"":""400""}"
1509,400,29282.04,"{""message"":""Coupon has no quantity"",""errorCode"":""400""}"
1510,400,29291.573,"{""message"":""Coupon has no quantity"",""errorCode"":""400""}"
1511,400,29284.079,"{""message"":""Coupon has no quantity"",""errorCode"":""400""}"
1512,400,29293.502,"{""message"":""Coupon has no quantity"",""errorCode"":""400""}"
1513,400,29297.218,"{""message"":""Coupon has no quantity"",""errorCode"":""400""}"
1514,400,29301.508,"{""message"":""Coupon has no quantity"",""errorCode"":""400""}"
1515,400,29306.844,"{""message"":""Coupon has no quantity"",""errorCode"":""400""}"
1516,400,29313.155,"{""message"":""Coupon has no quantity"",""errorCode"":""400""}"
1517,400,29318.311,"{""message"":""Coupon has no quantity"",""errorCode"":""400""}"
1518,400,29323.034,"{""message"":""Coupon has no quantity"",""errorCode"":""400""}"
1519,400,29325.294,"{""message"":""Coupon has no quantity"",""errorCode"":""400""}"
1520,400,29328.825,"{""message"":""Coupon has no quantity"",""errorCode"":""400""}"
1521,400,29337.881,"{""message"":""Coupon has no quantity"",""errorCode"":""400""}"
1522,400,29329.411,"{""message"":""Coupon has no quantity"",""errorCode"":""400""}"
1523,400,29338.502,"{""message"":""Coupon has no quantity"",""errorCode"":""400""}"
1524,400,29341.713,"{""message"":""Coupon has no quantity"",""errorCode"":""400""}"
1525,400,29345.666,"{""message"":""Coupon has no quantity"",""errorCode"":""400""}"
1526,400,29349.474,"{""message"":""Coupon has no quantity"",""errorCode"":""400""}"
1527,400,29351.915,"{""message"":""Coupon has no quantity"",""errorCode"":""400""}"
1528,400,29357.975,"{""message"":""Coupon has no quantity"",""errorCode"":""400""}"
1529,400,29361.789,"{""message"":""Coupon has no quantity"",""errorCode"":""400""}"
1530,400,29366.69,"{""message"":""Coupon has no quantity"",""errorCode"":""400""}"
1531,400,29379.43,"{""message"":""Coupon has no quantity"",""errorCode"":""400""}"
1532,400,29367.673,"{""message"":""Coupon has no quantity"",""errorCode"":""400""}"
1533,400,29383.325,"{""message"":""Coupon has no quantity"",""errorCode"":""400""}"
1534,400,29388.062,"{""message"":""Coupon has no quantity"",""errorCode"":""400""}"
1535,400,29387.543,"{""message"":""Coupon has no quantity"",""errorCode"":""400""}"
1536,400,29394.426,"{""message"":""Coupon has no quantity"",""errorCode"":""400""}"
1537,400,29401.963,"{""message"":""Coupon has no quantity"",""errorCode"":""400""}"
1538,400,29406.513,"{""message"":""Coupon has no quantity"",""errorCode"":""400""}"
1539,400,29412.485,"{""message"":""Coupon has no quantity"",""errorCode"":""400""}"
1540,400,29415.683,"{""message"":""Coupon has no quantity"",""errorCode"":""400""}"
1541,400,29428.695,"{""message"":""Coupon has no quantity"",""errorCode"":""400""}"
1542,400,29419.906,"{""message"":""Coupon has no quantity"",""errorCode"":""400""}"
1543,400,29433.04,"{""message"":""Coupon has no quantity"",""errorCode"":""400""}"
1544,400,29436.502,"{""message"":""Coupon has no quantity"",""errorCode"":""400""}"
1545,400,29440.005,"{""message"":""Coupon has no quantity"",""errorCode"":""400""}"
1546,400,29442.008,"{""message"":""Coupon has no quantity"",""errorCode"":""400""}"
1547,400,29446.115,"{""message"":""Coupon has no quantity"",""errorCode"":""400""}"
1548,400,29451.243,"{""message"":""Coupon has no quantity"",""errorCode"":""400""}"
1549,400,29455.412,"{""message"":""Coupon has no quantity"",""errorCode"":""400""}"
1550,400,29463.874,"{""message"":""Coupon has no quantity"",""errorCode"":""400""}"
1551,400,29455.831,"{""message"":""Coupon has no quantity"",""errorCode"":""400""}"
1552,400,29469.05,"{""message"":""Coupon has no quantity"",""errorCode"":""400""}"
1553,400,29462.226,"{""message"":""Coupon has no quantity"",""errorCode"":""400""}"
1554,400,29471.757,"{""message"":""Coupon has no quantity"",""errorCode"":""400""}"
1555,400,29474.15,"{""message"":""Coupon has no quantity"",""errorCode"":""400""}"
1556,400,29479.154,"{""message"":""Coupon has no quantity"",""errorCode"":""400""}"
1557,400,29484.281,"{""message"":""Coupon has no quantity"",""errorCode"":""400""}"
1558,400,29490.169,"{""message"":""Coupon has no quantity"",""errorCode"":""400""}"
1559,400,29494.856,"{""message"":""Coupon has no quantity"",""errorCode"":""400""}"
1560,400,29504.294,"{""message"":""Coupon has no quantity"",""errorCode"":""400""}"
1561,400,29512.35,"{""message"":""Coupon has no quantity"",""errorCode"":""400""}"
1562,400,29520.211,"{""message"":""Coupon has no quantity"",""errorCode"":""400""}"
1563,200,3511.786,
1564,400,29524.648,"{""message"":""Coupon has no quantity"",""errorCode"":""400""}"
1565,400,29529.953,"{""message"":""Coupon has no quantity"",""errorCode"":""400""}"
1566,400,29535.779,"{""message"":""Coupon has no quantity"",""errorCode"":""400""}"
1567,400,29540.488,"{""message"":""Coupon has no quantity"",""errorCode"":""400""}"
1568,400,29548.406,"{""message"":""Coupon has no quantity"",""errorCode"":""400""}"
1569,400,29552.691,"{""message"":""Coupon has no quantity"",""errorCode"":""400""}"
1570,400,29559.37,"{""message"":""Coupon has no quantity"",""errorCode"":""400""}"
1571,400,29566.928,"{""message"":""Coupon has no quantity"",""errorCode"":""400""}"
1572,400,29574.023,"{""message"":""Coupon has no quantity"",""errorCode"":""400""}"
1573,400,29577.696,"{""message"":""Coupon has no quantity"",""errorCode"":""400""}"
1574,400,29590.371,"{""message"":""Coupon has no quantity"",""errorCode"":""400""}"
1575,400,29580.974,"{""message"":""Coupon has no quantity"",""errorCode"":""400""}"
1576,400,29592.242,"{""message"":""Coupon has no quantity"",""errorCode"":""400""}"
1577,400,29595.624,"{""message"":""Coupon has no quantity"",""errorCode"":""400""}"
1578,400,29599.829,"{""message"":""Coupon has no quantity"",""errorCode"":""400""}"
1579,400,29603.064,"{""message"":""Coupon has no quantity"",""errorCode"":""400""}"
1580,400,29607.276,"{""message"":""Coupon has no quantity"",""errorCode"":""400""}"
1581,400,29610.877,"{""message"":""Coupon has no quantity"",""errorCode"":""400""}"
1582,400,29613.0,"{""message"":""Coupon has no quantity"",""errorCode"":""400""}"
1583,400,29615.303,"{""message"":""Coupon has no quantity"",""errorCode"":""400""}"
1584,400,29619.209,"{""message"":""Coupon has no quantity"",""errorCode"":""400""}"
1585,400,29623.862,"{""message"":""Coupon has no quantity"",""errorCode"":""400""}"
1586,400,29627.096,"{""message"":""Coupon has no quantity"",""errorCode"":""400""}"
1587,400,29630.528,"{""message"":""Coupon has no quantity"",""errorCode"":""400""}"
1588,400,29633.918,"{""message"":""Coupon has no quantity"",""errorCode"":""400""}"
1589,400,29637.349,"{""message"":""Coupon has no quantity"",""errorCode"":""400""}"
1590,400,29641.161,"{""message"":""Coupon has no quantity"",""errorCode"":""400""}"
1591,400,29644.749,"{""message"":""Coupon has no quantity"",""errorCode"":""400""}"
1592,400,29648.775,"{""message"":""Coupon has no quantity"",""errorCode"":""400""}"
1593,400,29652.462,"{""message"":""Coupon has no quantity"",""errorCode"":""400""}"
1594,400,29662.843,"{""message"":""Coupon has no quantity"",""errorCode"":""400""}"
1595,400,29654.835,"{""message"":""Coupon has no quantity"",""errorCode"":""400""}"
1596,200,3505.513,
1597,400,29662.187,"{""message"":""Coupon has no quantity"",""errorCode"":""400""}"
1598,400,29664.596,"{""message"":""Coupon has no quantity"",""errorCode"":""400""}"
1599,400,29668.808,"{""message"":""Coupon has no quantity"",""errorCode"":""400""}"
1600,400,29673.273,"{""message"":""Coupon has no quantity"",""errorCode"":""400""}"
1601,400,29678.555,"{""message"":""Coupon has no quantity"",""errorCode"":""400""}"
1602,400,29682.335,"{""message"":""Coupon has no quantity"",""errorCode"":""400""}"
1603,400,29686.469,"{""message"":""Coupon has no quantity"",""errorCode"":""400""}"
1604,400,29689.662,"{""message"":""Coupon has no quantity"",""errorCode"":""400""}"
1605,400,29693.43,"{""message"":""Coupon has no quantity"",""errorCode"":""400""}"
1606,400,29698.973,"{""message"":""Coupon has no quantity"",""errorCode"":""400""}"
1607,400,29705.844,"{""message"":""Coupon has no quantity"",""errorCode"":""400""}"
1608,400,29712.404,"{""message"":""Coupon has no quantity"",""errorCode"":""400""}"
1609,400,29720.309,"{""message"":""Coupon has no quantity"",""errorCode"":""400""}"
1610,400,29730.513,"{""message"":""Coupon has no quantity"",""errorCode"":""400""}"
1611,400,29740.867,"{""message"":""Coupon has no quantity"",""errorCode"":""400""}"
1612,400,29754.786,"{""message"":""Coupon has no quantity"",""errorCode"":""400""}"
1613,400,29765.044,"{""message"":""Coupon has no quantity"",""errorCode"":""400""}"
1614,400,29771.912,"{""message"":""Coupon has no quantity"",""errorCode"":""400""}"
1615,400,29775.745,"{""message"":""Coupon has no quantity"",""errorCode"":""400""}"
1616,400,29780.554,"{""message"":""Coupon has no quantity"",""errorCode"":""400""}"
1617,400,29783.616,"{""message"":""Coupon has no quantity"",""errorCode"":""400""}"
1618,400,29789.112,"{""message"":""Coupon has no quantity"",""errorCode"":""400""}"
1619,400,29793.533,"{""message"":""Coupon has no quantity"",""errorCode"":""400""}"
1620,400,29799.746,"{""message"":""Coupon has no quantity"",""errorCode"":""400""}"
1621,400,29807.81,"{""message"":""Coupon has no quantity"",""errorCode"":""400""}"
1622,400,29814.423,"{""message"":""Coupon has no quantity"",""errorCode"":""400""}"
1623,400,29821.028,"{""message"":""Coupon has no quantity"",""errorCode"":""400""}"
1624,400,29828.064,"{""message"":""Coupon has no quantity"",""errorCode"":""400""}"
1625,400,29855.277,"{""message"":""Coupon has no quantity"",""errorCode"":""400""}"
1626,400,29845.264,"{""message"":""Coupon has no quantity"",""errorCode"":""400""}"
1627,400,29832.498,"{""message"":""Coupon has no quantity"",""errorCode"":""400""}"
1628,400,29865.726,"{""message"":""Coupon has no quantity"",""errorCode"":""400""}"
1629,400,29853.762,"{""message"":""Coupon has no quantity"",""errorCode"":""400""}"
1630,400,29867.643,"{""message"":""Coupon has no quantity"",""errorCode"":""400""}"
1631,400,29874.116,"{""message"":""Coupon has no quantity"",""errorCode"":""400""}"
1632,400,29880.298,"{""message"":""Coupon has no quantity"",""errorCode"":""400""}"
1633,400,29903.026,"{""message"":""Coupon has no quantity"",""errorCode"":""400""}"
1634,400,29884.728,"{""message"":""Coupon has no quantity"",""errorCode"":""400""}"
1635,400,29890.67,"{""message"":""Coupon has no quantity"",""errorCode"":""400""}"
1636,400,29901.615,"{""message"":""Coupon has no quantity"",""errorCode"":""400""}"
1637,400,29907.954,"{""message"":""Coupon has no quantity"",""errorCode"":""400""}"
1638,400,29915.056,"{""message"":""Coupon has no quantity"",""errorCode"":""400""}"
1639,400,29918.371,"{""message"":""Coupon has no quantity"",""errorCode"":""400""}"
1640,400,29922.717,"{""message"":""Coupon has no quantity"",""errorCode"":""400""}"
1641,400,29926.697,"{""message"":""Coupon has no quantity"",""errorCode"":""400""}"
1642,400,29930.161,"{""message"":""Coupon has no quantity"",""errorCode"":""400""}"
1643,400,29906.928,"{""message"":""Coupon has no quantity"",""errorCode"":""400""}"
1644,400,29891.389,"{""message"":""Coupon has no quantity"",""errorCode"":""400""}"
1645,400,29896.48,"{""message"":""Coupon has no quantity"",""errorCode"":""400""}"
1646,400,29908.91,"{""message"":""Coupon has no quantity"",""errorCode"":""400""}"
1647,400,29913.846,"{""message"":""Coupon has no quantity"",""errorCode"":""400""}"
1648,400,29921.419,"{""message"":""Coupon has no quantity"",""errorCode"":""400""}"
1649,400,29925.793,"{""message"":""Coupon has no quantity"",""errorCode"":""400""}"
1650,400,29930.903,"{""message"":""Coupon has no quantity"",""errorCode"":""400""}"
1651,400,29934.332,"{""message"":""Coupon has no quantity"",""errorCode"":""400""}"
1652,400,29938.681,"{""message"":""Coupon has no quantity"",""errorCode"":""400""}"
1653,400,29948.007,"{""message"":""Coupon has no quantity"",""errorCode"":""400""}"
1654,400,29956.684,"{""message"":""Coupon has no quantity"",""errorCode"":""400""}"
1655,400,29963.309,"{""message"":""Coupon has no quantity"",""errorCode"":""400""}"
1656,400,29970.088,"{""message"":""Coupon has no quantity"",""errorCode"":""400""}"
1657,400,29977.744,"{""message"":""Coupon has no quantity"",""errorCode"":""400""}"
1658,400,29986.151,"{""message"":""Coupon has no quantity"",""errorCode"":""400""}"
1659,400,29991.345,"{""message"":""Coupon has no quantity"",""errorCode"":""400""}"
1660,400,29996.66,"{""message"":""Coupon has no quantity"",""errorCode"":""400""}"
1661,400,30002.478,"{""message"":""Coupon has no quantity"",""errorCode"":""400""}"
1662,400,30010.136,"{""message"":""Coupon has no quantity"",""errorCode"":""400""}"
1663,400,30022.335,"{""message"":""Coupon has no quantity"",""errorCode"":""400""}"
1664,400,30033.865,"{""message"":""Coupon has no quantity"",""errorCode"":""400""}"
1665,400,30046.364,"{""message"":""Coupon has no quantity"",""errorCode"":""400""}"
1666,400,31445.272,"{""message"":""Coupon has no quantity"",""errorCode"":""400""}"
1667,400,30071.969,"{""message"":""Coupon has no quantity"",""errorCode"":""400""}"
1668,400,30058.448,"{""message"":""Coupon has no quantity"",""errorCode"":""400""}"
1669,400,30075.496,"{""message"":""Coupon has no quantity"",""errorCode"":""400""}"
1670,400,30081.214,"{""message"":""Coupon has no quantity"",""errorCode"":""400""}"
1671,200,3434.215,
1672,400,30083.094,"{""message"":""Coupon has no quantity"",""errorCode"":""400""}"
1673,400,30085.05,"{""message"":""Coupon has no quantity"",""errorCode"":""400""}"
1674,400,30091.348,"{""message"":""Coupon has no quantity"",""errorCode"":""400""}"
1675,400,30109.111,"{""message"":""Coupon has no quantity"",""errorCode"":""400""}"
1676,400,30096.54,"{""message"":""Coupon has no quantity"",""errorCode"":""400""}"
1677,400,30110.449,"{""message"":""Coupon has no quantity"",""errorCode"":""400""}"
1678,400,30122.412,"{""message"":""Coupon has no quantity"",""errorCode"":""400""}"
1679,400,30112.366,"{""message"":""Coupon has no quantity"",""errorCode"":""400""}"
1680,400,30124.712,"{""message"":""Coupon has no quantity"",""errorCode"":""400""}"
1681,400,30129.824,"{""message"":""Coupon has no quantity"",""errorCode"":""400""}"
1682,400,30136.677,"{""message"":""Coupon has no quantity"",""errorCode"":""400""}"
1683,400,30146.485,"{""message"":""Coupon has no quantity"",""errorCode"":""400""}"
1684,400,30159.084,"{""message"":""Coupon has no quantity"",""errorCode"":""400""}"
1685,400,30169.017,"{""message"":""Coupon has no quantity"",""errorCode"":""400""}"
1686,400,30184.899,"{""message"":""Coupon has no quantity"",""errorCode"":""400""}"
1687,400,30202.257,"{""message"":""Coupon has no quantity"",""errorCode"":""400""}"
1688,400,30212.81,"{""message"":""Coupon has no quantity"",""errorCode"":""400""}"
1689,400,30224.314,"{""message"":""Coupon has no quantity"",""errorCode"":""400""}"
1690,400,30227.314,"{""message"":""Coupon has no quantity"",""errorCode"":""400""}"
1691,400,30251.135,"{""message"":""Coupon has no quantity"",""errorCode"":""400""}"
1692,400,30241.455,"{""message"":""Coupon has no quantity"",""errorCode"":""400""}"
1693,400,30231.923,"{""message"":""Coupon has no quantity"",""errorCode"":""400""}"
1694,400,30255.881,"{""message"":""Coupon has no quantity"",""errorCode"":""400""}"
1695,400,30248.289,"{""message"":""Coupon has no quantity"",""errorCode"":""400""}"
1696,400,30256.993,"{""message"":""Coupon has no quantity"",""errorCode"":""400""}"
1697,400,30263.199,"{""message"":""Coupon has no quantity"",""errorCode"":""400""}"
1698,400,30267.837,"{""message"":""Coupon has no quantity"",""errorCode"":""400""}"
1699,400,30271.25,"{""message"":""Coupon has no quantity"",""errorCode"":""400""}"
1700,400,30275.353,"{""message"":""Coupon has no quantity"",""errorCode"":""400""}"
1701,400,30279.038,"{""message"":""Coupon has no quantity"",""errorCode"":""400""}"
1702,400,30282.641,"{""message"":""Coupon has no quantity"",""errorCode"":""400""}"
1703,400,30272.873,"{""message"":""Coupon has no quantity"",""errorCode"":""400""}"
1704,400,30278.578,"{""message"":""Coupon has no quantity"",""errorCode"":""400""}"
1705,400,30318.682,"{""message"":""Coupon has no quantity"",""errorCode"":""400""}"
1706,400,30325.974,"{""message"":""Coupon has no quantity"",""errorCode"":""400""}"
1707,400,30350.2,"{""message"":""Coupon has no quantity"",""errorCode"":""400""}"
1708,400,30356.897,"{""message"":""Coupon has no quantity"",""errorCode"":""400""}"
1709,400,30363.712,"{""message"":""Coupon has no quantity"",""errorCode"":""400""}"
1710,400,30370.402,"{""message"":""Coupon has no quantity"",""errorCode"":""400""}"
1711,400,30378.469,"{""message"":""Coupon has no quantity"",""errorCode"":""400""}"
1712,400,30387.082,"{""message"":""Coupon has no quantity"",""errorCode"":""400""}"
1713,400,30405.528,"{""message"":""Coupon has no quantity"",""errorCode"":""400""}"
1714,400,30392.034,"{""message"":""Coupon has no quantity"",""errorCode"":""400""}"
1715,400,30473.426,"{""message"":""Coupon has no quantity"",""errorCode"":""400""}"
1716,400,30417.444,"{""message"":""Coupon has no quantity"",""errorCode"":""400""}"
1717,400,30443.369,"{""message"":""Coupon has no quantity"",""errorCode"":""400""}"
1718,400,32126.211,"{""message"":""Coupon has no quantity"",""errorCode"":""400""}"
1719,400,30473.329,"{""message"":""Coupon has no quantity"",""errorCode"":""400""}"
1720,400,30478.097,"{""message"":""Coupon has no quantity"",""errorCode"":""400""}"
1721,400,30485.439,"{""message"":""Coupon has no quantity"",""errorCode"":""400""}"
1722,400,30502.287,"{""message"":""Coupon has no quantity"",""errorCode"":""400""}"
1723,400,30489.902,"{""message"":""Coupon has no quantity"",""errorCode"":""400""}"
1724,400,30512.879,"{""message"":""Coupon has no quantity"",""errorCode"":""400""}"
1725,400,30521.954,"{""message"":""Coupon has no quantity"",""errorCode"":""400""}"
1726,400,30529.311,"{""message"":""Coupon has no quantity"",""errorCode"":""400""}"
1727,400,30537.102,"{""message"":""Coupon has no quantity"",""errorCode"":""400""}"
1728,400,30550.575,"{""message"":""Coupon has no quantity"",""errorCode"":""400""}"
1729,400,30587.709,"{""message"":""Coupon has no quantity"",""errorCode"":""400""}"
1730,400,30573.911,"{""message"":""Coupon has no quantity"",""errorCode"":""400""}"
1731,400,30596.047,"{""message"":""Coupon has no quantity"",""errorCode"":""400""}"
1732,400,30616.489,"{""message"":""Coupon has no quantity"",""errorCode"":""400""}"
1733,400,30624.267,"{""message"":""Coupon has no quantity"",""errorCode"":""400""}"
1734,400,30634.874,"{""message"":""Coupon has no quantity"",""errorCode"":""400""}"
1735,400,30640.817,"{""message"":""Coupon has no quantity"",""errorCode"":""400""}"
1736,400,30645.786,"{""message"":""Coupon has no quantity"",""errorCode"":""400""}"
1737,400,30653.65,"{""message"":""Coupon has no quantity"",""errorCode"":""400""}"
1738,400,30656.137,"{""message"":""Coupon has no quantity"",""errorCode"":""400""}"
1739,400,30662.368,"{""message"":""Coupon has no quantity"",""errorCode"":""400""}"
1740,400,30669.347,"{""message"":""Coupon has no quantity"",""errorCode"":""400""}"
1741,400,30690.426,"{""message"":""Coupon has no quantity"",""errorCode"":""400""}"
1742,400,30672.003,"{""message"":""Coupon has no quantity"",""errorCode"":""400""}"
1743,400,30694.452,"{""message"":""Coupon has no quantity"",""errorCode"":""400""}"
1744,400,30697.821,"{""message"":""Coupon has no quantity"",""errorCode"":""400""}"
1745,400,30704.28,"{""message"":""Coupon has no quantity"",""errorCode"":""400""}"
1746,400,30726.117,"{""message"":""Coupon has no quantity"",""errorCode"":""400""}"
1747,400,30715.465,"{""message"":""Coupon has no quantity"",""errorCode"":""400""}"
1748,400,30706.458,"{""message"":""Coupon has no quantity"",""errorCode"":""400""}"
1749,400,30730.274,"{""message"":""Coupon has no quantity"",""errorCode"":""400""}"
1750,400,30737.098,"{""message"":""Coupon has no quantity"",""errorCode"":""400""}"
1751,400,30746.575,"{""message"":""Coupon has no quantity"",""errorCode"":""400""}"
1752,400,30755.088,"{""message"":""Coupon has no quantity"",""errorCode"":""400""}"
1753,400,30762.93,"{""message"":""Coupon has no quantity"",""errorCode"":""400""}"
1754,400,30773.037,"{""message"":""Coupon has no quantity"",""errorCode"":""400""}"
1755,400,30787.045,"{""message"":""Coupon has no quantity"",""errorCode"":""400""}"
1756,400,30797.904,"{""message"":""Coupon has no quantity"",""errorCode"":""400""}"
1757,400,30829.395,"{""message"":""Coupon has no quantity"",""errorCode"":""400""}"
1758,400,30913.891,"{""message"":""Coupon has no quantity"",""errorCode"":""400""}"
1759,400,30929.081,"{""message"":""Coupon has no quantity"",""errorCode"":""400""}"
1760,400,32463.914,"{""message"":""Coupon has no quantity"",""errorCode"":""400""}"
1761,400,31084.952,"{""message"":""Coupon has no quantity"",""errorCode"":""400""}"
1762,400,31109.922,"{""message"":""Coupon has no quantity"",""errorCode"":""400""}"
1763,400,32462.663,"{""message"":""Coupon has no quantity"",""errorCode"":""400""}"
1764,400,32481.256,"{""message"":""Coupon has no quantity"",""errorCode"":""400""}"
1765,400,29759.024,"{""message"":""Coupon has no quantity"",""errorCode"":""400""}"
1766,400,31160.564,"{""message"":""Coupon has no quantity"",""errorCode"":""400""}"
1767,400,31173.72,"{""message"":""Coupon has no quantity"",""errorCode"":""400""}"
1768,400,31188.801,"{""message"":""Coupon has no quantity"",""errorCode"":""400""}"
1769,400,32519.264,"{""message"":""Coupon has no quantity"",""errorCode"":""400""}"
1770,400,31213.713,"{""message"":""Coupon has no quantity"",""errorCode"":""400""}"
1771,400,31230.003,"{""message"":""Coupon has no quantity"",""errorCode"":""400""}"
1772,400,31283.027,"{""message"":""Coupon has no quantity"",""errorCode"":""400""}"
1773,400,31313.393,"{""message"":""Coupon has no quantity"",""errorCode"":""400""}"
1774,400,31353.963,"{""message"":""Coupon has no quantity"",""errorCode"":""400""}"
1775,400,32575.847,"{""message"":""Coupon has no quantity"",""errorCode"":""400""}"
1776,400,32566.103,"{""message"":""Coupon has no quantity"",""errorCode"":""400""}"
1777,400,31417.741,"{""message"":""Coupon has no quantity"",""errorCode"":""400""}"
1778,400,31405.039,"{""message"":""Coupon has no quantity"",""errorCode"":""400""}"
1779,400,31420.751,"{""message"":""Coupon has no quantity"",""errorCode"":""400""}"
1780,400,31438.505,"{""message"":""Coupon has no quantity"",""errorCode"":""400""}"
1781,400,31426.037,"{""message"":""Coupon has no quantity"",""errorCode"":""400""}"
1782,400,31441.735,"{""message"":""Coupon has no quantity"",""errorCode"":""400""}"
1783,400,31450.802,"{""message"":""Coupon has no quantity"",""errorCode"":""400""}"
1784,400,31465.722,"{""message"":""Coupon has no quantity"",""errorCode"":""400""}"
1785,400,31482.866,"{""message"":""Coupon has no quantity"",""errorCode"":""400""}"
1786,400,31492.048,"{""message"":""Coupon has no quantity"",""errorCode"":""400""}"
1787,400,31499.839,"{""message"":""Coupon has no quantity"",""errorCode"":""400""}"
1788,400,31510.965,"{""message"":""Coupon has no quantity"",""errorCode"":""400""}"
1789,400,31521.756,"{""message"":""Coupon has no quantity"",""errorCode"":""400""}"
1790,400,31534.028,"{""message"":""Coupon has no quantity"",""errorCode"":""400""}"
1791,400,31543.129,"{""message"":""Coupon has no quantity"",""errorCode"":""400""}"
1792,400,31549.676,"{""message"":""Coupon has no quantity"",""errorCode"":""400""}"
1793,400,31572.403,"{""message"":""Coupon has no quantity"",""errorCode"":""400""}"
1794,400,32709.194,"{""message"":""Coupon has no quantity"",""errorCode"":""400""}"
1795,400,31552.952,"{""message"":""Coupon has no quantity"",""errorCode"":""400""}"
1796,400,31613.015,"{""message"":""Coupon has no quantity"",""errorCode"":""400""}"
1797,400,31622.641,"{""message"":""Coupon has no quantity"",""errorCode"":""400""}"
1798,400,31631.414,"{""message"":""Coupon has no quantity"",""errorCode"":""400""}"
1799,400,31640.191,"{""message"":""Coupon has no quantity"",""errorCode"":""400""}"
1800,400,31648.912,"{""message"":""Coupon has no quantity"",""errorCode"":""400""}"
1801,400,31658.425,"{""message"":""Coupon has no quantity"",""errorCode"":""400""}"
1802,400,31676.255,"{""message"":""Coupon has no quantity"",""errorCode"":""400""}"
1803,400,31690.935,"{""message"":""Coupon has no quantity"",""errorCode"":""400""}"
1804,400,31706.075,"{""message"":""Coupon has no quantity"",""errorCode"":""400""}"
1805,500,30111.975,"{""timestamp"":""2026-08-16T21:27:50.716+00:00"",""status"":500,""error"":""Internal Server Error"",""path"":""/api/bench/issue/1""}"
1806,500,30097.137,"{""timestamp"":""2026-08-16T21:27:50.703+00:00"",""status"":500,""error"":""Internal Server Error"",""path"":""/api/bench/issue/1""}"
1807,500,30078.058,"{""timestamp"":""2026-08-16T21:27:50.686+00:00"",""status"":500,""error"":""Internal Server Error"",""path"":""/api/bench/issue/1""}"
1808,500,30151.126,"{""timestamp"":""2026-08-16T21:27:50.762+00:00"",""status"":500,""error"":""Internal Server Error"",""path"":""/api/bench/issue/1""}"
1809,500,30105.98,"{""timestamp"":""2026-08-16T21:27:50.721+00:00"",""status"":500,""error"":""Internal Server Error"",""path"":""/api/bench/issue/1""}"
1810,500,30081.035,"{""timestamp"":""2026-08-16T21:27:50.698+00:00"",""status"":500,""error"":""Internal Server Error"",""path"":""/api/bench/issue/1""}"
1811,500,30115.534,"{""timestamp"":""2026-08-16T21:27:50.735+00:00"",""status"":500,""error"":""Internal Server Error"",""path"":""/api/bench/issue/1""}"
1812,500,30107.04,"{""timestamp"":""2026-08-16T21:27:50.728+00:00"",""status"":500,""error"":""Internal Server Error"",""path"":""/api/bench/issue/1""}"
1813,500,30087.504,"{""timestamp"":""2026-08-16T21:27:50.710+00:00"",""status"":500,""error"":""Internal Server Error"",""path"":""/api/bench/issue/1""}"
1814,500,30039.372,"{""timestamp"":""2026-08-16T21:27:50.667+00:00"",""status"":500,""error"":""Internal Server Error"",""path"":""/api/bench/issue/1""}"
1815,500,30049.222,"{""timestamp"":""2026-08-16T21:27:50.679+00:00"",""status"":500,""error"":""Internal Server Error"",""path"":""/api/bench/issue/1""}"
1816,500,30059.751,"{""timestamp"":""2026-08-16T21:27:50.691+00:00"",""status"":500,""error"":""Internal Server Error"",""path"":""/api/bench/issue/1""}"
1817,500,30038.415,"{""timestamp"":""2026-08-16T21:27:50.673+00:00"",""status"":500,""error"":""Internal Server Error"",""path"":""/api/bench/issue/1""}"
1818,500,30112.767,"{""timestamp"":""2026-08-16T21:27:50.749+00:00"",""status"":500,""error"":""Internal Server Error"",""path"":""/api/bench/issue/1""}"
1819,500,30102.036,"{""timestamp"":""2026-08-16T21:27:50.742+00:00"",""status"":500,""error"":""Internal Server Error"",""path"":""/api/bench/issue/1""}"
1820,400,31683.541,"{""message"":""Coupon has no quantity"",""errorCode"":""400""}"
1821,500,30141.458,"{""timestamp"":""2026-08-16T21:27:50.788+00:00"",""status"":500,""error"":""Internal Server Error"",""path"":""/api/bench/issue/1""}"
1822,500,30127.465,"{""timestamp"":""2026-08-16T21:27:50.776+00:00"",""status"":500,""error"":""Internal Server Error"",""path"":""/api/bench/issue/1""}"
1823,500,30104.096,"{""timestamp"":""2026-08-16T21:27:50.756+00:00"",""status"":500,""error"":""Internal Server Error"",""path"":""/api/bench/issue/1""}"
1824,400,32743.362,"{""message"":""Coupon has no quantity"",""errorCode"":""400""}"
1825,200,3241.536,
1826,500,30190.084,"{""timestamp"":""2026-08-16T21:27:50.855+00:00"",""status"":500,""error"":""Internal Server Error"",""path"":""/api/bench/issue/1""}"
1827,500,30180.235,"{""timestamp"":""2026-08-16T21:27:50.849+00:00"",""status"":500,""error"":""Internal Server Error"",""path"":""/api/bench/issue/1""}"
1828,500,30130.726,"{""timestamp"":""2026-08-16T21:27:50.804+00:00"",""status"":500,""error"":""Internal Server Error"",""path"":""/api/bench/issue/1""}"
1829,400,31698.709,"{""message"":""Coupon has no quantity"",""errorCode"":""400""}"
1830,500,30134.169,"{""timestamp"":""2026-08-16T21:27:50.816+00:00"",""status"":500,""error"":""Internal Server Error"",""path"":""/api/bench/issue/1""}"
1831,400,31704.223,"{""message"":""Coupon has no quantity"",""errorCode"":""400""}"
1832,500,30140.738,"{""timestamp"":""2026-08-16T21:27:50.834+00:00"",""status"":500,""error"":""Internal Server Error"",""path"":""/api/bench/issue/1""}"
1833,500,30111.268,"{""timestamp"":""2026-08-16T21:27:50.808+00:00"",""status"":500,""error"":""Internal Server Error"",""path"":""/api/bench/issue/1""}"
1834,500,30095.796,"{""timestamp"":""2026-08-16T21:27:50.797+00:00"",""status"":500,""error"":""Internal Server Error"",""path"":""/api/bench/issue/1""}"
1835,400,31710.983,"{""message"":""Coupon has no quantity"",""errorCode"":""400""}"
1836,500,30109.593,"{""timestamp"":""2026-08-16T21:27:50.822+00:00"",""status"":500,""error"":""Internal Server Error"",""path"":""/api/bench/issue/1""}"
1837,500,30122.456,"{""timestamp"":""2026-08-16T21:27:50.839+00:00"",""status"":500,""error"":""Internal Server Error"",""path"":""/api/bench/issue/1""}"
1838,400,31727.62,"{""message"":""Coupon has no quantity"",""errorCode"":""400""}"
1839,400,32745.389,"{""message"":""Coupon has no quantity"",""errorCode"":""400""}"
1840,500,30138.115,"{""timestamp"":""2026-08-16T21:27:50.860+00:00"",""status"":500,""error"":""Internal Server Error"",""path"":""/api/bench/issue/1""}"
1841,500,30147.732,"{""timestamp"":""2026-08-16T21:27:50.872+00:00"",""status"":500,""error"":""Internal Server Error"",""path"":""/api/bench/issue/1""}"
1842,400,31732.305,"{""message"":""Coupon has no quantity"",""errorCode"":""400""}"
1843,500,30136.523,"{""timestamp"":""2026-08-16T21:27:50.866+00:00"",""status"":500,""error"":""Internal Server Error"",""path"":""/api/bench/issue/1""}"
1844,400,31739.419,"{""message"":""Coupon has no quantity"",""errorCode"":""400""}"
1845,500,30172.412,"{""timestamp"":""2026-08-16T21:27:50.908+00:00"",""status"":500,""error"":""Internal Server Error"",""path"":""/api/bench/issue/1""}"
1846,500,30194.696,"{""timestamp"":""2026-08-16T21:27:50.933+00:00"",""status"":500,""error"":""Internal Server Error"",""path"":""/api/bench/issue/1""}"
1847,500,30178.973,"{""timestamp"":""2026-08-16T21:27:50.921+00:00"",""status"":500,""error"":""Internal Server Error"",""path"":""/api/bench/issue/1""}"
1848,500,30170.956,"{""timestamp"":""2026-08-16T21:27:50.915+00:00"",""status"":500,""error"":""Internal Server Error"",""path"":""/api/bench/issue/1""}"
1849,500,30181.859,"{""timestamp"":""2026-08-16T21:27:50.928+00:00"",""status"":500,""error"":""Internal Server Error"",""path"":""/api/bench/issue/1""}"
1850,400,31740.958,"{""message"":""Coupon has no quantity"",""errorCode"":""400""}"
1851,500,30139.834,"{""timestamp"":""2026-08-16T21:27:50.890+00:00"",""status"":500,""error"":""Internal Server Error"",""path"":""/api/bench/issue/1""}"
1852,500,30126.429,"{""timestamp"":""2026-08-16T21:27:50.878+00:00"",""status"":500,""error"":""Internal Server Error"",""path"":""/api/bench/issue/1""}"
1853,500,30142.681,"{""timestamp"":""2026-08-16T21:27:50.896+00:00"",""status"":500,""error"":""Internal Server Error"",""path"":""/api/bench/issue/1""}"
1854,500,30210.704,"{""timestamp"":""2026-08-16T21:27:50.967+00:00"",""status"":500,""error"":""Internal Server Error"",""path"":""/api/bench/issue/1""}"
1855,500,30070.876,"{""timestamp"":""2026-08-16T21:27:50.829+00:00"",""status"":500,""error"":""Internal Server Error"",""path"":""/api/bench/issue/1""}"
1856,500,30199.054,"{""timestamp"":""2026-08-16T21:27:50.960+00:00"",""status"":500,""error"":""Internal Server Error"",""path"":""/api/bench/issue/1""}"
1857,500,30140.118,"{""timestamp"":""2026-08-16T21:27:50.903+00:00"",""status"":500,""error"":""Internal Server Error"",""path"":""/api/bench/issue/1""}"
1858,500,30119.448,"{""timestamp"":""2026-08-16T21:27:50.884+00:00"",""status"":500,""error"":""Internal Server Error"",""path"":""/api/bench/issue/1""}"
1859,500,30075.58,"{""timestamp"":""2026-08-16T21:27:50.844+00:00"",""status"":500,""error"":""Internal Server Error"",""path"":""/api/bench/issue/1""}"
1860,400,30058.469,"{""message"":""Coupon has no quantity"",""errorCode"":""400""}"
1861,500,30303.197,"{""timestamp"":""2026-08-16T21:27:51.077+00:00"",""status"":500,""error"":""Internal Server Error"",""path"":""/api/bench/issue/1""}"
1862,500,30284.973,"{""timestamp"":""2026-08-16T21:27:51.064+00:00"",""status"":500,""error"":""Internal Server Error"",""path"":""/api/bench/issue/1""}"
1863,500,30269.113,"{""timestamp"":""2026-08-16T21:27:51.051+00:00"",""status"":500,""error"":""Internal Server Error"",""path"":""/api/bench/issue/1""}"
1864,500,30168.701,"{""timestamp"":""2026-08-16T21:27:50.953+00:00"",""status"":500,""error"":""Internal Server Error"",""path"":""/api/bench/issue/1""}"
1865,500,30304.382,"{""timestamp"":""2026-08-16T21:27:51.091+00:00"",""status"":500,""error"":""Internal Server Error"",""path"":""/api/bench/issue/1""}"
1866,500,30250.066,"{""timestamp"":""2026-08-16T21:27:51.039+00:00"",""status"":500,""error"":""Internal Server Error"",""path"":""/api/bench/issue/1""}"
1867,500,30154.759,"{""timestamp"":""2026-08-16T21:27:50.946+00:00"",""status"":500,""error"":""Internal Server Error"",""path"":""/api/bench/issue/1""}"
1868,400,31713.977,"{""message"":""Coupon has no quantity"",""errorCode"":""400""}"
1869,500,30175.378,"{""timestamp"":""2026-08-16T21:27:50.973+00:00"",""status"":500,""error"":""Internal Server Error"",""path"":""/api/bench/issue/1""}"
1870,500,30177.264,"{""timestamp"":""2026-08-16T21:27:50.978+00:00"",""status"":500,""error"":""Internal Server Error"",""path"":""/api/bench/issue/1""}"
1871,500,30189.089,"{""timestamp"":""2026-08-16T21:27:50.993+00:00"",""status"":500,""error"":""Internal Server Error"",""path"":""/api/bench/issue/1""}"
1872,500,30179.109,"{""timestamp"":""2026-08-16T21:27:50.986+00:00"",""status"":500,""error"":""Internal Server Error"",""path"":""/api/bench/issue/1""}"
1873,400,31710.033,"{""message"":""Coupon has no quantity"",""errorCode"":""400""}"
1874,500,30295.843,"{""timestamp"":""2026-08-16T21:27:51.109+00:00"",""status"":500,""error"":""Internal Server Error"",""path"":""/api/bench/issue/1""}"
1875,500,30210.584,"{""timestamp"":""2026-08-16T21:27:51.027+00:00"",""status"":500,""error"":""Internal Server Error"",""path"":""/api/bench/issue/1""}"
1876,500,30200.977,"{""timestamp"":""2026-08-16T21:27:51.019+00:00"",""status"":500,""error"":""Internal Server Error"",""path"":""/api/bench/issue/1""}"
1877,500,30185.432,"{""timestamp"":""2026-08-16T21:27:51.006+00:00"",""status"":500,""error"":""Internal Server Error"",""path"":""/api/bench/issue/1""}"
1878,400,31706.759,"{""message"":""Coupon has no quantity"",""errorCode"":""400""}"
1879,500,30366.474,"{""timestamp"":""2026-08-16T21:27:51.193+00:00"",""status"":500,""error"":""Internal Server Error"",""path"":""/api/bench/issue/1""}"
1880,500,30274.256,"{""timestamp"":""2026-08-16T21:27:51.103+00:00"",""status"":500,""error"":""Internal Server Error"",""path"":""/api/bench/issue/1""}"
1881,500,30226.624,"{""timestamp"":""2026-08-16T21:27:51.058+00:00"",""status"":500,""error"":""Internal Server Error"",""path"":""/api/bench/issue/1""}"
1882,500,30263.887,"{""timestamp"":""2026-08-16T21:27:51.097+00:00"",""status"":500,""error"":""Internal Server Error"",""path"":""/api/bench/issue/1""}"
1883,500,30232.785,"{""timestamp"":""2026-08-16T21:27:51.069+00:00"",""status"":500,""error"":""Internal Server Error"",""path"":""/api/bench/issue/1""}"
1884,400,31702.108,"{""message"":""Coupon has no quantity"",""errorCode"":""400""}"
1885,400,31709.63,"{""message"":""Coupon has no quantity"",""errorCode"":""400""}"
1886,500,30188.552,"{""timestamp"":""2026-08-16T21:27:51.033+00:00"",""status"":500,""error"":""Internal Server Error"",""path"":""/api/bench/issue/1""}"
1887,500,30329.59,"{""timestamp"":""2026-08-16T21:27:51.180+00:00"",""status"":500,""error"":""Internal Server Error"",""path"":""/api/bench/issue/1""}"
1888,500,30322.504,"{""timestamp"":""2026-08-16T21:27:51.173+00:00"",""status"":500,""error"":""Internal Server Error"",""path"":""/api/bench/issue/1""}"
1889,500,30193.01,"{""timestamp"":""2026-08-16T21:27:51.045+00:00"",""status"":500,""error"":""Internal Server Error"",""path"":""/api/bench/issue/1""}"
1890,400,31706.247,"{""message"":""Coupon has no quantity"",""errorCode"":""400""}"
1891,400,31715.783,"{""message"":""Coupon has no quantity"",""errorCode"":""400""}"
1892,500,30392.701,"{""timestamp"":""2026-08-16T21:27:51.255+00:00"",""status"":500,""error"":""Internal Server Error"",""path"":""/api/bench/issue/1""}"
1893,500,30258.983,"{""timestamp"":""2026-08-16T21:27:51.123+00:00"",""status"":500,""error"":""Internal Server Error"",""path"":""/api/bench/issue/1""}"
1894,500,30216.214,"{""timestamp"":""2026-08-16T21:27:51.083+00:00"",""status"":500,""error"":""Internal Server Error"",""path"":""/api/bench/issue/1""}"
1895,500,30245.403,"{""timestamp"":""2026-08-16T21:27:51.115+00:00"",""status"":500,""error"":""Internal Server Error"",""path"":""/api/bench/issue/1""}"
1896,400,31715.529,"{""message"":""Coupon has no quantity"",""errorCode"":""400""}"
1897,500,30497.92,"{""timestamp"":""2026-08-16T21:27:51.371+00:00"",""status"":500,""error"":""Internal Server Error"",""path"":""/api/bench/issue/1""}"
1898,500,30266.844,"{""timestamp"":""2026-08-16T21:27:51.143+00:00"",""status"":500,""error"":""Internal Server Error"",""path"":""/api/bench/issue/1""}"
1899,500,30270.332,"{""timestamp"":""2026-08-16T21:27:51.149+00:00"",""status"":500,""error"":""Internal Server Error"",""path"":""/api/bench/issue/1""}"
1900,500,30254.419,"{""timestamp"":""2026-08-16T21:27:51.136+00:00"",""status"":500,""error"":""Internal Server Error"",""path"":""/api/bench/issue/1""}"
1901,400,31713.732,"{""message"":""Coupon has no quantity"",""errorCode"":""400""}"
1902,500,30316.517,"{""timestamp"":""2026-08-16T21:27:51.203+00:00"",""status"":500,""error"":""Internal Server Error"",""path"":""/api/bench/issue/1""}"
1903,500,30545.418,"{""timestamp"":""2026-08-16T21:27:51.434+00:00"",""status"":500,""error"":""Internal Server Error"",""path"":""/api/bench/issue/1""}"
1904,500,30554.454,"{""timestamp"":""2026-08-16T21:27:51.445+00:00"",""status"":500,""error"":""Internal Server Error"",""path"":""/api/bench/issue/1""}"
1905,500,30301.928,"{""timestamp"":""2026-08-16T21:27:51.197+00:00"",""status"":500,""error"":""Internal Server Error"",""path"":""/api/bench/issue/1""}"
1906,500,30518.238,"{""timestamp"":""2026-08-16T21:27:51.417+00:00"",""status"":500,""error"":""Internal Server Error"",""path"":""/api/bench/issue/1""}"
1907,400,31707.25,"{""message"":""Coupon has no quantity"",""errorCode"":""400""}"
1908,400,31715.329,"{""message"":""Coupon has no quantity"",""errorCode"":""400""}"
1909,500,30260.461,"{""timestamp"":""2026-08-16T21:27:51.166+00:00"",""status"":500,""error"":""Internal Server Error"",""path"":""/api/bench/issue/1""}"
1910,500,30277.999,"{""timestamp"":""2026-08-16T21:27:51.186+00:00"",""status"":500,""error"":""Internal Server Error"",""path"":""/api/bench/issue/1""}"
1911,500,30516.658,"{""timestamp"":""2026-08-16T21:27:51.427+00:00"",""status"":500,""error"":""Internal Server Error"",""path"":""/api/bench/issue/1""}"
1912,500,30246.848,"{""timestamp"":""2026-08-16T21:27:51.159+00:00"",""status"":500,""error"":""Internal Server Error"",""path"":""/api/bench/issue/1""}"
1913,400,30049.478,"{""message"":""Coupon has no quantity"",""errorCode"":""400""}"
1914,500,30491.579,"{""timestamp"":""2026-08-16T21:27:51.408+00:00"",""status"":500,""error"":""Internal Server Error"",""path"":""/api/bench/issue/1""}"
1915,500,30306.192,"{""timestamp"":""2026-08-16T21:27:51.225+00:00"",""status"":500,""error"":""Internal Server Error"",""path"":""/api/bench/issue/1""}"
1916,500,30289.048,"{""timestamp"":""2026-08-16T21:27:51.209+00:00"",""status"":500,""error"":""Internal Server Error"",""path"":""/api/bench/issue/1""}"
1917,500,30315.614,"{""timestamp"":""2026-08-16T21:27:51.237+00:00"",""status"":500,""error"":""Internal Server Error"",""path"":""/api/bench/issue/1""}"
1918,500,30558.016,"{""timestamp"":""2026-08-16T21:27:51.482+00:00"",""status"":500,""error"":""Internal Server Error"",""path"":""/api/bench/issue/1""}"
1919,500,30304.947,"{""timestamp"":""2026-08-16T21:27:51.231+00:00"",""status"":500,""error"":""Internal Server Error"",""path"":""/api/bench/issue/1""}"
1920,500,30314.185,"{""timestamp"":""2026-08-16T21:27:51.243+00:00"",""status"":500,""error"":""Internal Server Error"",""path"":""/api/bench/issue/1""}"
1921,500,30281.983,"{""timestamp"":""2026-08-16T21:27:51.215+00:00"",""status"":500,""error"":""Internal Server Error"",""path"":""/api/bench/issue/1""}"
1922,400,31693.781,"{""message"":""Coupon has no quantity"",""errorCode"":""400""}"
1923,500,30683.187,"{""timestamp"":""2026-08-16T21:27:51.620+00:00"",""status"":500,""error"":""Internal Server Error"",""path"":""/api/bench/issue/1""}"
1924,500,30348.746,"{""timestamp"":""2026-08-16T21:27:51.286+00:00"",""status"":500,""error"":""Internal Server Error"",""path"":""/api/bench/issue/1""}"
1925,500,30341.207,"{""timestamp"":""2026-08-16T21:27:51.281+00:00"",""status"":500,""error"":""Internal Server Error"",""path"":""/api/bench/issue/1""}"
1926,500,30686.833,"{""timestamp"":""2026-08-16T21:27:51.630+00:00"",""status"":500,""error"":""Internal Server Error"",""path"":""/api/bench/issue/1""}"
1927,500,30645.666,"{""timestamp"":""2026-08-16T21:27:51.590+00:00"",""status"":500,""error"":""Internal Server Error"",""path"":""/api/bench/issue/1""}"
1928,400,31691.416,"{""message"":""Coupon has no quantity"",""errorCode"":""400""}"
1929,500,30413.58,"{""timestamp"":""2026-08-16T21:27:51.364+00:00"",""status"":500,""error"":""Internal Server Error"",""path"":""/api/bench/issue/1""}"
1930,500,30389.667,"{""timestamp"":""2026-08-16T21:27:51.341+00:00"",""status"":500,""error"":""Internal Server Error"",""path"":""/api/bench/issue/1""}"
1931,500,30368.951,"{""timestamp"":""2026-08-16T21:27:51.321+00:00"",""status"":500,""error"":""Internal Server Error"",""path"":""/api/bench/issue/1""}"
1932,500,30374.69,"{""timestamp"":""2026-08-16T21:27:51.330+00:00"",""status"":500,""error"":""Internal Server Error"",""path"":""/api/bench/issue/1""}"
1933,500,30390.733,"{""timestamp"":""2026-08-16T21:27:51.348+00:00"",""status"":500,""error"":""Internal Server Error"",""path"":""/api/bench/issue/1""}"
1934,500,30776.787,"{""timestamp"":""2026-08-16T21:27:51.738+00:00"",""status"":500,""error"":""Internal Server Error"",""path"":""/api/bench/issue/1""}"
1935,400,31684.474,"{""message"":""Coupon has no quantity"",""errorCode"":""400""}"
1936,500,30494.893,"{""timestamp"":""2026-08-16T21:27:51.461+00:00"",""status"":500,""error"":""Internal Server Error"",""path"":""/api/bench/issue/1""}"
1937,500,30505.525,"{""timestamp"":""2026-08-16T21:27:51.473+00:00"",""status"":500,""error"":""Internal Server Error"",""path"":""/api/bench/issue/1""}"
1938,500,30427.501,"{""timestamp"":""2026-08-16T21:27:51.397+00:00"",""status"":500,""error"":""Internal Server Error"",""path"":""/api/bench/issue/1""}"
1939,500,30481.391,"{""timestamp"":""2026-08-16T21:27:51.453+00:00"",""status"":500,""error"":""Internal Server Error"",""path"":""/api/bench/issue/1""}"
1940,500,30801.018,"{""timestamp"":""2026-08-16T21:27:51.774+00:00"",""status"":500,""error"":""Internal Server Error"",""path"":""/api/bench/issue/1""}"
1941,400,31682.916,"{""message"":""Coupon has no quantity"",""errorCode"":""400""}"
1942,400,31690.676,"{""message"":""Coupon has no quantity"",""errorCode"":""400""}"
1943,500,30866.551,"{""timestamp"":""2026-08-16T21:27:51.849+00:00"",""status"":500,""error"":""Internal Server Error"",""path"":""/api/bench/issue/1""}"
1944,500,30892.831,"{""timestamp"":""2026-08-16T21:27:51.877+00:00"",""status"":500,""error"":""Internal Server Error"",""path"":""/api/bench/issue/1""}"
1945,500,30512.021,"{""timestamp"":""2026-08-16T21:27:51.497+00:00"",""status"":500,""error"":""Internal Server Error"",""path"":""/api/bench/issue/1""}"
1946,500,30525.818,"{""timestamp"":""2026-08-16T21:27:51.516+00:00"",""status"":500,""error"":""Internal Server Error"",""path"":""/api/bench/issue/1""}"
1947,500,30508.758,"{""timestamp"":""2026-08-16T21:27:51.505+00:00"",""status"":500,""error"":""Internal Server Error"",""path"":""/api/bench/issue/1""}"
1948,500,30986.326,"{""timestamp"":""2026-08-16T21:27:51.985+00:00"",""status"":500,""error"":""Internal Server Error"",""path"":""/api/bench/issue/1""}"
1949,500,30991.357,"{""timestamp"":""2026-08-16T21:27:51.993+00:00"",""status"":500,""error"":""Internal Server Error"",""path"":""/api/bench/issue/1""}"
1950,500,30485.909,"{""timestamp"":""2026-08-16T21:27:51.490+00:00"",""status"":500,""error"":""Internal Server Error"",""path"":""/api/bench/issue/1""}"
1951,500,30502.832,"{""timestamp"":""2026-08-16T21:27:51.511+00:00"",""status"":500,""error"":""Internal Server Error"",""path"":""/api/bench/issue/1""}"
1952,400,31669.194,"{""message"":""Coupon has no quantity"",""errorCode"":""400""}"
1953,500,30569.541,"{""timestamp"":""2026-08-16T21:27:51.582+00:00"",""status"":500,""error"":""Internal Server Error"",""path"":""/api/bench/issue/1""}"
1954,500,30547.321,"{""timestamp"":""2026-08-16T21:27:51.563+00:00"",""status"":500,""error"":""Internal Server Error"",""path"":""/api/bench/issue/1""}"
1955,500,31053.601,"{""timestamp"":""2026-08-16T21:27:52.071+00:00"",""status"":500,""error"":""Internal Server Error"",""path"":""/api/bench/issue/1""}"
1956,500,30549.256,"{""timestamp"":""2026-08-16T21:27:51.568+00:00"",""status"":500,""error"":""Internal Server Error"",""path"":""/api/bench/issue/1""}"
1957,400,31668.475,"{""message"":""Coupon has no quantity"",""errorCode"":""400""}"
1958,500,31034.862,"{""timestamp"":""2026-08-16T21:27:52.059+00:00"",""status"":500,""error"":""Internal Server Error"",""path"":""/api/bench/issue/1""}"
1959,500,31020.548,"{""timestamp"":""2026-08-16T21:27:52.046+00:00"",""status"":500,""error"":""Internal Server Error"",""path"":""/api/bench/issue/1""}"
1960,500,30494.345,"{""timestamp"":""2026-08-16T21:27:51.522+00:00"",""status"":500,""error"":""Internal Server Error"",""path"":""/api/bench/issue/1""}"
1961,500,30543.484,"{""timestamp"":""2026-08-16T21:27:51.575+00:00"",""status"":500,""error"":""Internal Server Error"",""path"":""/api/bench/issue/1""}"
1962,500,30522.501,"{""timestamp"":""2026-08-16T21:27:51.557+00:00"",""status"":500,""error"":""Internal Server Error"",""path"":""/api/bench/issue/1""}"
1963,500,30228.517,"{""timestamp"":""2026-08-16T21:27:51.266+00:00"",""status"":500,""error"":""Internal Server Error"",""path"":""/api/bench/issue/1""}"
1964,400,31663.18,"{""message"":""Coupon has no quantity"",""errorCode"":""400""}"
1965,400,31671.791,"{""message"":""Coupon has no quantity"",""errorCode"":""400""}"
1966,500,30486.627,"{""timestamp"":""2026-08-16T21:27:51.531+00:00"",""status"":500,""error"":""Internal Server Error"",""path"":""/api/bench/issue/1""}"
1967,500,30498.68,"{""timestamp"":""2026-08-16T21:27:51.545+00:00"",""status"":500,""error"":""Internal Server Error"",""path"":""/api/bench/issue/1""}"
1968,500,31003.591,"{""timestamp"":""2026-08-16T21:27:52.052+00:00"",""status"":500,""error"":""Internal Server Error"",""path"":""/api/bench/issue/1""}"
1969,500,30557.728,"{""timestamp"":""2026-08-16T21:27:51.608+00:00"",""status"":500,""error"":""Internal Server Error"",""path"":""/api/bench/issue/1""}"
1970,400,31670.406,"{""message"":""Coupon has no quantity"",""errorCode"":""400""}"
1971,500,30218.003,"{""timestamp"":""2026-08-16T21:27:51.274+00:00"",""status"":500,""error"":""Internal Server Error"",""path"":""/api/bench/issue/1""}"
1972,500,31016.642,"{""timestamp"":""2026-08-16T21:27:52.077+00:00"",""status"":500,""error"":""Internal Server Error"",""path"":""/api/bench/issue/1""}"
1973,500,30534.547,"{""timestamp"":""2026-08-16T21:27:51.597+00:00"",""status"":500,""error"":""Internal Server Error"",""path"":""/api/bench/issue/1""}"
1974,500,30537.7,"{""timestamp"":""2026-08-16T21:27:51.602+00:00"",""status"":500,""error"":""Internal Server Error"",""path"":""/api/bench/issue/1""}"
1975,500,30545.884,"{""timestamp"":""2026-08-16T21:27:51.614+00:00"",""status"":500,""error"":""Internal Server Error"",""path"":""/api/bench/issue/1""}"
1976,400,31661.865,"{""message"":""Coupon has no quantity"",""errorCode"":""400""}"
1977,400,31671.316,"{""message"":""Coupon has no quantity"",""errorCode"":""400""}"
1978,500,30569.299,"{""timestamp"":""2026-08-16T21:27:51.645+00:00"",""status"":500,""error"":""Internal Server Error"",""path"":""/api/bench/issue/1""}"
1979,500,30559.732,"{""timestamp"":""2026-08-16T21:27:51.637+00:00"",""status"":500,""error"":""Internal Server Error"",""path"":""/api/bench/issue/1""}"
1980,500,30592.07,"{""timestamp"":""2026-08-16T21:27:51.673+00:00"",""status"":500,""error"":""Internal Server Error"",""path"":""/api/bench/issue/1""}"
1981,500,30584.588,"{""timestamp"":""2026-08-16T21:27:51.666+00:00"",""status"":500,""error"":""Internal Server Error"",""path"":""/api/bench/issue/1""}"
1982,400,31668.416,"{""message"":""Coupon has no quantity"",""errorCode"":""400""}"
1983,500,30633.182,"{""timestamp"":""2026-08-16T21:27:51.720+00:00"",""status"":500,""error"":""Internal Server Error"",""path"":""/api/bench/issue/1""}"
1984,500,30566.953,"{""timestamp"":""2026-08-16T21:27:51.656+00:00"",""status"":500,""error"":""Internal Server Error"",""path"":""/api/bench/issue/1""}"
1985,500,30606.165,"{""timestamp"":""2026-08-16T21:27:51.697+00:00"",""status"":500,""error"":""Internal Server Error"",""path"":""/api/bench/issue/1""}"
1986,500,30617.503,"{""timestamp"":""2026-08-16T21:27:51.712+00:00"",""status"":500,""error"":""Internal Server Error"",""path"":""/api/bench/issue/1""}"
1987,500,30588.757,"{""timestamp"":""2026-08-16T21:27:51.685+00:00"",""status"":500,""error"":""Internal Server Error"",""path"":""/api/bench/issue/1""}"
1988,500,30606.825,"{""timestamp"":""2026-08-16T21:27:51.706+00:00"",""status"":500,""error"":""Internal Server Error"",""path"":""/api/bench/issue/1""}"
1989,400,31669.633,"{""message"":""Coupon has no quantity"",""errorCode"":""400""}"
1990,400,31675.535,"{""message"":""Coupon has no quantity"",""errorCode"":""400""}"
1991,500,30618.542,"{""timestamp"":""2026-08-16T21:27:51.730+00:00"",""status"":500,""error"":""Internal Server Error"",""path"":""/api/bench/issue/1""}"
1992,500,30634.893,"{""timestamp"":""2026-08-16T21:27:51.749+00:00"",""status"":500,""error"":""Internal Server Error"",""path"":""/api/bench/issue/1""}"
1993,500,31060.966,"{""timestamp"":""2026-08-16T21:27:52.178+00:00"",""status"":500,""error"":""Internal Server Error"",""path"":""/api/bench/issue/1""}"
1994,400,31675.648,"{""message"":""Coupon has no quantity"",""errorCode"":""400""}"
1995,500,30644.017,"{""timestamp"":""2026-08-16T21:27:51.766+00:00"",""status"":500,""error"":""Internal Server Error"",""path"":""/api/bench/issue/1""}"
1996,500,31074.216,"{""timestamp"":""2026-08-16T21:27:52.198+00:00"",""status"":500,""error"":""Internal Server Error"",""path"":""/api/bench/issue/1""}"
1997,500,30630.055,"{""timestamp"":""2026-08-16T21:27:51.756+00:00"",""status"":500,""error"":""Internal Server Error"",""path"":""/api/bench/issue/1""}"
1998,400,31676.087,"{""message"":""Coupon has no quantity"",""errorCode"":""400""}"
1999,400,31682.688,"{""message"":""Coupon has no quantity"",""errorCode"":""400""}"
2000,500,30694.468,"{""timestamp"":""2026-08-16T21:27:51.830+00:00"",""status"":500,""error"":""Internal Server Error"",""path"":""/api/bench/issue/1""}"
2001,500,30680.429,"{""timestamp"":""2026-08-16T21:27:51.818+00:00"",""status"":500,""error"":""Internal Server Error"",""path"":""/api/bench/issue/1""}"
2002,500,31244.078,"{""timestamp"":""2026-08-16T21:27:52.384+00:00"",""status"":500,""error"":""Internal Server Error"",""path"":""/api/bench/issue/1""}"
2003,500,30695.249,"{""timestamp"":""2026-08-16T21:27:51.837+00:00"",""status"":500,""error"":""Internal Server Error"",""path"":""/api/bench/issue/1""}"
2004,500,30677.87,"{""timestamp"":""2026-08-16T21:27:51.823+00:00"",""status"":500,""error"":""Internal Server Error"",""path"":""/api/bench/issue/1""}"
2005,400,31679.799,"{""message"":""Coupon has no quantity"",""errorCode"":""400""}"
2006,500,30731.024,"{""timestamp"":""2026-08-16T21:27:51.883+00:00"",""status"":500,""error"":""Internal Server Error"",""path"":""/api/bench/issue/1""}"
2007,500,31250.078,"{""timestamp"":""2026-08-16T21:27:52.405+00:00"",""status"":500,""error"":""Internal Server Error"",""path"":""/api/bench/issue/1""}"
2008,500,30713.196,"{""timestamp"":""2026-08-16T21:27:51.870+00:00"",""status"":500,""error"":""Internal Server Error"",""path"":""/api/bench/issue/1""}"
2009,400,31680.169,"{""message"":""Coupon has no quantity"",""errorCode"":""400""}"
2010,400,31688.154,"{""message"":""Coupon has no quantity"",""errorCode"":""400""}"
2011,500,30763.344,"{""timestamp"":""2026-08-16T21:27:51.926+00:00"",""status"":500,""error"":""Internal Server Error"",""path"":""/api/bench/issue/1""}"
2012,500,30728.667,"{""timestamp"":""2026-08-16T21:27:51.894+00:00"",""status"":500,""error"":""Internal Server Error"",""path"":""/api/bench/issue/1""}"
2013,500,30732.778,"{""timestamp"":""2026-08-16T21:27:51.901+00:00"",""status"":500,""error"":""Internal Server Error"",""path"":""/api/bench/issue/1""}"
2014,500,30762.733,"{""timestamp"":""2026-08-16T21:27:51.933+00:00"",""status"":500,""error"":""Internal Server Error"",""path"":""/api/bench/issue/1""}"
2015,500,30716.665,"{""timestamp"":""2026-08-16T21:27:51.888+00:00"",""status"":500,""error"":""Internal Server Error"",""path"":""/api/bench/issue/1""}"
2016,500,30744.407,"{""timestamp"":""2026-08-16T21:27:51.919+00:00"",""status"":500,""error"":""Internal Server Error"",""path"":""/api/bench/issue/1""}"
2017,500,30734.988,"{""timestamp"":""2026-08-16T21:27:51.912+00:00"",""status"":500,""error"":""Internal Server Error"",""path"":""/api/bench/issue/1""}"
2018,400,31679.842,"{""message"":""Coupon has no quantity"",""errorCode"":""400""}"
2019,400,31687.499,"{""message"":""Coupon has no quantity"",""errorCode"":""400""}"
2020,500,30761.914,"{""timestamp"":""2026-08-16T21:27:51.946+00:00"",""status"":500,""error"":""Internal Server Error"",""path"":""/api/bench/issue/1""}"
2021,500,30754.267,"{""timestamp"":""2026-08-16T21:27:51.940+00:00"",""status"":500,""error"":""Internal Server Error"",""path"":""/api/bench/issue/1""}"
2022,500,30719.294,"{""timestamp"":""2026-08-16T21:27:51.906+00:00"",""status"":500,""error"":""Internal Server Error"",""path"":""/api/bench/issue/1""}"
2023,500,30810.841,"{""timestamp"":""2026-08-16T21:27:52.000+00:00"",""status"":500,""error"":""Internal Server Error"",""path"":""/api/bench/issue/1""}"
2024,400,31688.045,"{""message"":""Coupon has no quantity"",""errorCode"":""400""}"
2025,500,30777.814,"{""timestamp"":""2026-08-16T21:27:51.972+00:00"",""status"":500,""error"":""Internal Server Error"",""path"":""/api/bench/issue/1""}"
2026,500,30761.388,"{""timestamp"":""2026-08-16T21:27:51.959+00:00"",""status"":500,""error"":""Internal Server Error"",""path"":""/api/bench/issue/1""}"
2027,500,31216.677,"{""timestamp"":""2026-08-16T21:27:52.414+00:00"",""status"":500,""error"":""Internal Server Error"",""path"":""/api/bench/issue/1""}"
2028,500,30778.972,"{""timestamp"":""2026-08-16T21:27:51.978+00:00"",""status"":500,""error"":""Internal Server Error"",""path"":""/api/bench/issue/1""}"
2029,500,30763.689,"{""timestamp"":""2026-08-16T21:27:51.965+00:00"",""status"":500,""error"":""Internal Server Error"",""path"":""/api/bench/issue/1""}"
2030,500,30748.321,"{""timestamp"":""2026-08-16T21:27:51.952+00:00"",""status"":500,""error"":""Internal Server Error"",""path"":""/api/bench/issue/1""}"
2031,500,31215.059,"{""timestamp"":""2026-08-16T21:27:52.421+00:00"",""status"":500,""error"":""Internal Server Error"",""path"":""/api/bench/issue/1""}"
2032,400,31685.278,"{""message"":""Coupon has no quantity"",""errorCode"":""400""}"
2033,400,31695.478,"{""message"":""Coupon has no quantity"",""errorCode"":""400""}"
2034,500,30852.41,"{""timestamp"":""2026-08-16T21:27:52.065+00:00"",""status"":500,""error"":""Internal Server Error"",""path"":""/api/bench/issue/1""}"
2035,500,30794.375,"{""timestamp"":""2026-08-16T21:27:52.009+00:00"",""status"":500,""error"":""Internal Server Error"",""path"":""/api/bench/issue/1""}"
2036,500,30799.943,"{""timestamp"":""2026-08-16T21:27:52.016+00:00"",""status"":500,""error"":""Internal Server Error"",""path"":""/api/bench/issue/1""}"
2037,500,31208.592,"{""timestamp"":""2026-08-16T21:27:52.427+00:00"",""status"":500,""error"":""Internal Server Error"",""path"":""/api/bench/issue/1""}"
2038,400,32807.627,"{""message"":""Coupon has no quantity"",""errorCode"":""400""}"
2039,500,30799.521,"{""timestamp"":""2026-08-16T21:27:52.024+00:00"",""status"":500,""error"":""Internal Server Error"",""path"":""/api/bench/issue/1""}"
2040,500,30806.781,"{""timestamp"":""2026-08-16T21:27:52.034+00:00"",""status"":500,""error"":""Internal Server Error"",""path"":""/api/bench/issue/1""}"
2041,500,30319.782,"{""timestamp"":""2026-08-16T21:27:51.551+00:00"",""status"":500,""error"":""Internal Server Error"",""path"":""/api/bench/issue/1""}"
2042,400,31694.979,"{""message"":""Coupon has no quantity"",""errorCode"":""400""}"
2043,500,30804.828,"{""timestamp"":""2026-08-16T21:27:52.040+00:00"",""status"":500,""error"":""Internal Server Error"",""path"":""/api/bench/issue/1""}"
2044,500,30301.369,"{""timestamp"":""2026-08-16T21:27:51.538+00:00"",""status"":500,""error"":""Internal Server Error"",""path"":""/api/bench/issue/1""}"
2045,500,30882.904,"{""timestamp"":""2026-08-16T21:27:52.123+00:00"",""status"":500,""error"":""Internal Server Error"",""path"":""/api/bench/issue/1""}"
2046,500,30849.059,"{""timestamp"":""2026-08-16T21:27:52.095+00:00"",""status"":500,""error"":""Internal Server Error"",""path"":""/api/bench/issue/1""}"
2047,500,30835.66,"{""timestamp"":""2026-08-16T21:27:52.083+00:00"",""status"":500,""error"":""Internal Server Error"",""path"":""/api/bench/issue/1""}"
2048,500,31188.176,"{""timestamp"":""2026-08-16T21:27:52.439+00:00"",""status"":500,""error"":""Internal Server Error"",""path"":""/api/bench/issue/1""}"
2049,500,31180.963,"{""timestamp"":""2026-08-16T21:27:52.433+00:00"",""status"":500,""error"":""Internal Server Error"",""path"":""/api/bench/issue/1""}"
2050,500,30835.167,"{""timestamp"":""2026-08-16T21:27:52.089+00:00"",""status"":500,""error"":""Internal Server Error"",""path"":""/api/bench/issue/1""}"
2051,400,31679.937,"{""message"":""Coupon has no quantity"",""errorCode"":""400""}"
2052,500,30845.181,"{""timestamp"":""2026-08-16T21:27:52.102+00:00"",""status"":500,""error"":""Internal Server Error"",""path"":""/api/bench/issue/1""}"
2053,500,31184.845,"{""timestamp"":""2026-08-16T21:27:52.444+00:00"",""status"":500,""error"":""Internal Server Error"",""path"":""/api/bench/issue/1""}"
2054,500,30866.986,"{""timestamp"":""2026-08-16T21:27:52.128+00:00"",""status"":500,""error"":""Internal Server Error"",""path"":""/api/bench/issue/1""}"
2055,500,30845.62,"{""timestamp"":""2026-08-16T21:27:52.110+00:00"",""status"":500,""error"":""Internal Server Error"",""path"":""/api/bench/issue/1""}"
2056,500,30849.659,"{""timestamp"":""2026-08-16T21:27:52.117+00:00"",""status"":500,""error"":""Internal Server Error"",""path"":""/api/bench/issue/1""}"
2057,500,30865.772,"{""timestamp"":""2026-08-16T21:27:52.134+00:00"",""status"":500,""error"":""Internal Server Error"",""path"":""/api/bench/issue/1""}"
2058,400,31671.71,"{""message"":""Coupon has no quantity"",""errorCode"":""400""}"
2059,500,30896.266,"{""timestamp"":""2026-08-16T21:27:52.170+00:00"",""status"":500,""error"":""Internal Server Error"",""path"":""/api/bench/issue/1""}"
2060,500,30878.563,"{""timestamp"":""2026-08-16T21:27:52.153+00:00"",""status"":500,""error"":""Internal Server Error"",""path"":""/api/bench/issue/1""}"
2061,500,30864.561,"{""timestamp"":""2026-08-16T21:27:52.142+00:00"",""status"":500,""error"":""Internal Server Error"",""path"":""/api/bench/issue/1""}"
2062,500,30884.362,"{""timestamp"":""2026-08-16T21:27:52.164+00:00"",""status"":500,""error"":""Internal Server Error"",""path"":""/api/bench/issue/1""}"
2063,500,31170.388,"{""timestamp"":""2026-08-16T21:27:52.452+00:00"",""status"":500,""error"":""Internal Server Error"",""path"":""/api/bench/issue/1""}"
2064,500,30864.509,"{""timestamp"":""2026-08-16T21:27:52.148+00:00"",""status"":500,""error"":""Internal Server Error"",""path"":""/api/bench/issue/1""}"
2065,500,31190.438,"{""timestamp"":""2026-08-16T21:27:52.476+00:00"",""status"":500,""error"":""Internal Server Error"",""path"":""/api/bench/issue/1""}"
2066,500,30870.794,"{""timestamp"":""2026-08-16T21:27:52.159+00:00"",""status"":500,""error"":""Internal Server Error"",""path"":""/api/bench/issue/1""}"
2067,500,31191.657,"{""timestamp"":""2026-08-16T21:27:52.483+00:00"",""status"":500,""error"":""Internal Server Error"",""path"":""/api/bench/issue/1""}"
2068,500,31169.792,"{""timestamp"":""2026-08-16T21:27:52.463+00:00"",""status"":500,""error"":""Internal Server Error"",""path"":""/api/bench/issue/1""}"
2069,500,31173.974,"{""timestamp"":""2026-08-16T21:27:52.469+00:00"",""status"":500,""error"":""Internal Server Error"",""path"":""/api/bench/issue/1""}"
2070,400,31650.553,"{""message"":""Coupon has no quantity"",""errorCode"":""400""}"
2071,500,30941.036,"{""timestamp"":""2026-08-16T21:27:52.242+00:00"",""status"":500,""error"":""Internal Server Error"",""path"":""/api/bench/issue/1""}"
2072,500,30933.786,"{""timestamp"":""2026-08-16T21:27:52.236+00:00"",""status"":500,""error"":""Internal Server Error"",""path"":""/api/bench/issue/1""}"
2073,500,30887.602,"{""timestamp"":""2026-08-16T21:27:52.192+00:00"",""status"":500,""error"":""Internal Server Error"",""path"":""/api/bench/issue/1""}"
2074,500,30879.419,"{""timestamp"":""2026-08-16T21:27:52.186+00:00"",""status"":500,""error"":""Internal Server Error"",""path"":""/api/bench/issue/1""}"
2075,500,31189.317,"{""timestamp"":""2026-08-16T21:27:52.498+00:00"",""status"":500,""error"":""Internal Server Error"",""path"":""/api/bench/issue/1""}"
2076,500,30937.676,"{""timestamp"":""2026-08-16T21:27:52.249+00:00"",""status"":500,""error"":""Internal Server Error"",""path"":""/api/bench/issue/1""}"
2077,500,30481.685,"{""timestamp"":""2026-08-16T21:27:51.795+00:00"",""status"":500,""error"":""Internal Server Error"",""path"":""/api/bench/issue/1""}"
2078,500,30948.05,"{""timestamp"":""2026-08-16T21:27:52.263+00:00"",""status"":500,""error"":""Internal Server Error"",""path"":""/api/bench/issue/1""}"
2079,500,30898.284,"{""timestamp"":""2026-08-16T21:27:52.216+00:00"",""status"":500,""error"":""Internal Server Error"",""path"":""/api/bench/issue/1""}"
2080,500,30935.307,"{""timestamp"":""2026-08-16T21:27:52.256+00:00"",""status"":500,""error"":""Internal Server Error"",""path"":""/api/bench/issue/1""}"
2081,500,30900.073,"{""timestamp"":""2026-08-16T21:27:52.223+00:00"",""status"":500,""error"":""Internal Server Error"",""path"":""/api/bench/issue/1""}"
2082,500,30483.74,"{""timestamp"":""2026-08-16T21:27:51.808+00:00"",""status"":500,""error"":""Internal Server Error"",""path"":""/api/bench/issue/1""}"
2083,500,31164.498,"{""timestamp"":""2026-08-16T21:27:52.492+00:00"",""status"":500,""error"":""Internal Server Error"",""path"":""/api/bench/issue/1""}"
2084,500,30880.057,"{""timestamp"":""2026-08-16T21:27:52.211+00:00"",""status"":500,""error"":""Internal Server Error"",""path"":""/api/bench/issue/1""}"
2085,500,30950.461,"{""timestamp"":""2026-08-16T21:27:52.283+00:00"",""status"":500,""error"":""Internal Server Error"",""path"":""/api/bench/issue/1""}"
2086,500,30934.099,"{""timestamp"":""2026-08-16T21:27:52.270+00:00"",""status"":500,""error"":""Internal Server Error"",""path"":""/api/bench/issue/1""}"
2087,500,30953.031,"{""timestamp"":""2026-08-16T21:27:52.289+00:00"",""status"":500,""error"":""Internal Server Error"",""path"":""/api/bench/issue/1""}"
2088,500,30890.553,"{""timestamp"":""2026-08-16T21:27:52.230+00:00"",""status"":500,""error"":""Internal Server Error"",""path"":""/api/bench/issue/1""}"
2089,500,30863.357,"{""timestamp"":""2026-08-16T21:27:52.205+00:00"",""status"":500,""error"":""Internal Server Error"",""path"":""/api/bench/issue/1""}"
2090,500,30932.584,"{""timestamp"":""2026-08-16T21:27:52.277+00:00"",""status"":500,""error"":""Internal Server Error"",""path"":""/api/bench/issue/1""}"
2091,500,31159.227,"{""timestamp"":""2026-08-16T21:27:52.506+00:00"",""status"":500,""error"":""Internal Server Error"",""path"":""/api/bench/issue/1""}"
2092,500,30984.569,"{""timestamp"":""2026-08-16T21:27:52.333+00:00"",""status"":500,""error"":""Internal Server Error"",""path"":""/api/bench/issue/1""}"
2093,500,30967.517,"{""timestamp"":""2026-08-16T21:27:52.318+00:00"",""status"":500,""error"":""Internal Server Error"",""path"":""/api/bench/issue/1""}"
2094,500,30944.981,"{""timestamp"":""2026-08-16T21:27:52.298+00:00"",""status"":500,""error"":""Internal Server Error"",""path"":""/api/bench/issue/1""}"
2095,500,30489.207,"{""timestamp"":""2026-08-16T21:27:51.843+00:00"",""status"":500,""error"":""Internal Server Error"",""path"":""/api/bench/issue/1""}"
2096,500,31163.931,"{""timestamp"":""2026-08-16T21:27:52.520+00:00"",""status"":500,""error"":""Internal Server Error"",""path"":""/api/bench/issue/1""}"
2097,500,30951.046,"{""timestamp"":""2026-08-16T21:27:52.312+00:00"",""status"":500,""error"":""Internal Server Error"",""path"":""/api/bench/issue/1""}"
2098,500,30977.835,"{""timestamp"":""2026-08-16T21:27:52.339+00:00"",""status"":500,""error"":""Internal Server Error"",""path"":""/api/bench/issue/1""}"
2099,500,30980.805,"{""timestamp"":""2026-08-16T21:27:52.346+00:00"",""status"":500,""error"":""Internal Server Error"",""path"":""/api/bench/issue/1""}"
2100,500,31160.706,"{""timestamp"":""2026-08-16T21:27:52.528+00:00"",""status"":500,""error"":""Internal Server Error"",""path"":""/api/bench/issue/1""}"
2101,500,30957.708,"{""timestamp"":""2026-08-16T21:27:52.326+00:00"",""status"":500,""error"":""Internal Server Error"",""path"":""/api/bench/issue/1""}"
2102,500,30933.51,"{""timestamp"":""2026-08-16T21:27:52.305+00:00"",""status"":500,""error"":""Internal Server Error"",""path"":""/api/bench/issue/1""}"
2103,500,31134.017,"{""timestamp"":""2026-08-16T21:27:52.512+00:00"",""status"":500,""error"":""Internal Server Error"",""path"":""/api/bench/issue/1""}"
2104,500,30977.525,"{""timestamp"":""2026-08-16T21:27:52.357+00:00"",""status"":500,""error"":""Internal Server Error"",""path"":""/api/bench/issue/1""}"
2105,500,30993.204,"{""timestamp"":""2026-08-16T21:27:52.377+00:00"",""status"":500,""error"":""Internal Server Error"",""path"":""/api/bench/issue/1""}"
2106,400,30053.365,"{""message"":""Coupon has no quantity"",""errorCode"":""400""}"
2107,500,30972.282,"{""timestamp"":""2026-08-16T21:27:52.364+00:00"",""status"":500,""error"":""Internal Server Error"",""path"":""/api/bench/issue/1""}"
2108,500,30995.472,"{""timestamp"":""2026-08-16T21:27:52.390+00:00"",""status"":500,""error"":""Internal Server Error"",""path"":""/api/bench/issue/1""}"
2109,500,30464.99,"{""timestamp"":""2026-08-16T21:27:51.862+00:00"",""status"":500,""error"":""Internal Server Error"",""path"":""/api/bench/issue/1""}"
2110,500,30952.423,"{""timestamp"":""2026-08-16T21:27:52.352+00:00"",""status"":500,""error"":""Internal Server Error"",""path"":""/api/bench/issue/1""}"
2111,500,30968.337,"{""timestamp"":""2026-08-16T21:27:52.370+00:00"",""status"":500,""error"":""Internal Server Error"",""path"":""/api/bench/issue/1""}"
2112,500,30450.319,"{""timestamp"":""2026-08-16T21:27:51.855+00:00"",""status"":500,""error"":""Internal Server Error"",""path"":""/api/bench/issue/1""}"
2113,400,30061.742,"{""message"":""Coupon has no quantity"",""errorCode"":""400""}"
2114,500,31128.538,"{""timestamp"":""2026-08-16T21:27:52.541+00:00"",""status"":500,""error"":""Internal Server Error"",""path"":""/api/bench/issue/1""}"
2115,500,31119.082,"{""timestamp"":""2026-08-16T21:27:52.535+00:00"",""status"":500,""error"":""Internal Server Error"",""path"":""/api/bench/issue/1""}"
2116,500,30980.234,"{""timestamp"":""2026-08-16T21:27:52.398+00:00"",""status"":500,""error"":""Internal Server Error"",""path"":""/api/bench/issue/1""}"
2117,400,31548.464,"{""message"":""Coupon has no quantity"",""errorCode"":""400""}"
2118,500,31124.172,"{""timestamp"":""2026-08-16T21:27:52.549+00:00"",""status"":500,""error"":""Internal Server Error"",""path"":""/api/bench/issue/1""}"
2119,400,31551.26,"{""message"":""Coupon has no quantity"",""errorCode"":""400""}"
2120,500,31126.523,"{""timestamp"":""2026-08-16T21:27:52.555+00:00"",""status"":500,""error"":""Internal Server Error"",""path"":""/api/bench/issue/1""}"
2121,500,31129.929,"{""timestamp"":""2026-08-16T21:27:52.562+00:00"",""status"":500,""error"":""Internal Server Error"",""path"":""/api/bench/issue/1""}"
2122,500,31133.519,"{""timestamp"":""2026-08-16T21:27:52.567+00:00"",""status"":500,""error"":""Internal Server Error"",""path"":""/api/bench/issue/1""}"
2123,400,30187.589,"{""message"":""Coupon has no quantity"",""errorCode"":""400""}"
2124,400,31553.998,"{""message"":""Coupon has no quantity"",""errorCode"":""400""}"
2125,400,31569.512,"{""message"":""Coupon has no quantity"",""errorCode"":""400""}"
2126,400,31557.183,"{""message"":""Coupon has no quantity"",""errorCode"":""400""}"
2127,400,31575.575,"{""message"":""Coupon has no quantity"",""errorCode"":""400""}"
2128,400,30265.323,"{""message"":""Coupon has no quantity"",""errorCode"":""400""}"
2129,400,31597.163,"{""message"":""Coupon has no quantity"",""errorCode"":""400""}"
2130,400,31606.678,"{""message"":""Coupon has no quantity"",""errorCode"":""400""}"
2131,400,31613.497,"{""message"":""Coupon has no quantity"",""errorCode"":""400""}"
2132,400,31619.554,"{""message"":""Coupon has no quantity"",""errorCode"":""400""}"
2133,400,31626.693,"{""message"":""Coupon has no quantity"",""errorCode"":""400""}"
2134,400,30448.323,"{""message"":""Coupon has no quantity"",""errorCode"":""400""}"
2135,400,30466.273,"{""message"":""Coupon has no quantity"",""errorCode"":""400""}"
2136,400,31647.26,"{""message"":""Coupon has no quantity"",""errorCode"":""400""}"
2137,400,31654.159,"{""message"":""Coupon has no quantity"",""errorCode"":""400""}"
2138,400,31661.59,"{""message"":""Coupon has no quantity"",""errorCode"":""400""}"
2139,400,31673.329,"{""message"":""Coupon has no quantity"",""errorCode"":""400""}"
2140,400,31682.221,"{""message"":""Coupon has no quantity"",""errorCode"":""400""}"
2141,400,31705.395,"{""message"":""Coupon has no quantity"",""errorCode"":""400""}"
2142,400,31695.948,"{""message"":""Coupon has no quantity"",""errorCode"":""400""}"
2143,400,31686.874,"{""message"":""Coupon has no quantity"",""errorCode"":""400""}"
2144,400,31708.357,"{""message"":""Coupon has no quantity"",""errorCode"":""400""}"
2145,400,31715.952,"{""message"":""Coupon has no quantity"",""errorCode"":""400""}"
2146,400,31731.206,"{""message"":""Coupon has no quantity"",""errorCode"":""400""}"
2147,400,31743.396,"{""message"":""Coupon has no quantity"",""errorCode"":""400""}"
2148,400,33018.518,"{""message"":""Coupon has no quantity"",""errorCode"":""400""}"
2149,400,31749.275,"{""message"":""Coupon has no quantity"",""errorCode"":""400""}"
2150,400,31770.101,"{""message"":""Coupon has no quantity"",""errorCode"":""400""}"
2151,400,31778.08,"{""message"":""Coupon has no quantity"",""errorCode"":""400""}"
2152,400,31783.841,"{""message"":""Coupon has no quantity"",""errorCode"":""400""}"
2153,400,31788.755,"{""message"":""Coupon has no quantity"",""errorCode"":""400""}"
2154,400,30687.128,"{""message"":""Coupon has no quantity"",""errorCode"":""400""}"
2155,400,31805.332,"{""message"":""Coupon has no quantity"",""errorCode"":""400""}"
2156,400,31796.24,"{""message"":""Coupon has no quantity"",""errorCode"":""400""}"
2157,400,31808.521,"{""message"":""Coupon has no quantity"",""errorCode"":""400""}"
2158,400,31817.696,"{""message"":""Coupon has no quantity"",""errorCode"":""400""}"
2159,400,31825.563,"{""message"":""Coupon has no quantity"",""errorCode"":""400""}"
2160,400,31831.793,"{""message"":""Coupon has no quantity"",""errorCode"":""400""}"
2161,400,31842.354,"{""message"":""Coupon has no quantity"",""errorCode"":""400""}"
2162,400,31851.706,"{""message"":""Coupon has no quantity"",""errorCode"":""400""}"
2163,400,31865.283,"{""message"":""Coupon has no quantity"",""errorCode"":""400""}"
2164,400,31876.327,"{""message"":""Coupon has no quantity"",""errorCode"":""400""}"
2165,400,30837.975,"{""message"":""Coupon has no quantity"",""errorCode"":""400""}"
2166,400,31900.153,"{""message"":""Coupon has no quantity"",""errorCode"":""400""}"
2167,400,31915.005,"{""message"":""Coupon has no quantity"",""errorCode"":""400""}"
2168,400,30913.18,"{""message"":""Coupon has no quantity"",""errorCode"":""400""}"
2169,400,31924.779,"{""message"":""Coupon has no quantity"",""errorCode"":""400""}"
2170,400,33228.255,"{""message"":""Coupon has no quantity"",""errorCode"":""400""}"
2171,400,31960.407,"{""message"":""Coupon has no quantity"",""errorCode"":""400""}"
2172,400,31980.047,"{""message"":""Coupon has no quantity"",""errorCode"":""400""}"
2173,400,31996.65,"{""message"":""Coupon has no quantity"",""errorCode"":""400""}"
2174,400,32010.676,"{""message"":""Coupon has no quantity"",""errorCode"":""400""}"
2175,400,32020.47,"{""message"":""Coupon has no quantity"",""errorCode"":""400""}"
2176,400,32032.935,"{""message"":""Coupon has no quantity"",""errorCode"":""400""}"
2177,400,32045.224,"{""message"":""Coupon has no quantity"",""errorCode"":""400""}"
2178,400,32054.25,"{""message"":""Coupon has no quantity"",""errorCode"":""400""}"
2179,400,32066.129,"{""message"":""Coupon has no quantity"",""errorCode"":""400""}"
2180,400,32075.875,"{""message"":""Coupon has no quantity"",""errorCode"":""400""}"
2181,400,32085.265,"{""message"":""Coupon has no quantity"",""errorCode"":""400""}"
2182,400,32094.852,"{""message"":""Coupon has no quantity"",""errorCode"":""400""}"
2183,400,32104.617,"{""message"":""Coupon has no quantity"",""errorCode"":""400""}"
2184,400,32114.46,"{""message"":""Coupon has no quantity"",""errorCode"":""400""}"
2185,400,32123.803,"{""message"":""Coupon has no quantity"",""errorCode"":""400""}"
2186,400,32135.005,"{""message"":""Coupon has no quantity"",""errorCode"":""400""}"
2187,400,32156.933,"{""message"":""Coupon has no quantity"",""errorCode"":""400""}"
2188,400,32143.494,"{""message"":""Coupon has no quantity"",""errorCode"":""400""}"
2189,400,32164.41,"{""message"":""Coupon has no quantity"",""errorCode"":""400""}"
2190,400,32173.762,"{""message"":""Coupon has no quantity"",""errorCode"":""400""}"
2191,400,32184.142,"{""message"":""Coupon has no quantity"",""errorCode"":""400""}"
2192,400,32193.461,"{""message"":""Coupon has no quantity"",""errorCode"":""400""}"
2193,400,32202.047,"{""message"":""Coupon has no quantity"",""errorCode"":""400""}"
2194,400,32209.923,"{""message"":""Coupon has no quantity"",""errorCode"":""400""}"
2195,400,32217.273,"{""message"":""Coupon has no quantity"",""errorCode"":""400""}"
2196,400,32236.544,"{""message"":""Coupon has no quantity"",""errorCode"":""400""}"
2197,400,32222.976,"{""message"":""Coupon has no quantity"",""errorCode"":""400""}"
2198,400,32240.439,"{""message"":""Coupon has no quantity"",""errorCode"":""400""}"
2199,400,32247.347,"{""message"":""Coupon has no quantity"",""errorCode"":""400""}"
2200,400,31176.473,"{""message"":""Coupon has no quantity"",""errorCode"":""400""}"
2201,400,32253.328,"{""message"":""Coupon has no quantity"",""errorCode"":""400""}"
2202,400,32260.761,"{""message"":""Coupon has no quantity"",""errorCode"":""400""}"
2203,400,32274.237,"{""message"":""Coupon has no quantity"",""errorCode"":""400""}"
2204,400,32288.167,"{""message"":""Coupon has no quantity"",""errorCode"":""400""}"
2205,400,32307.942,"{""message"":""Coupon has no quantity"",""errorCode"":""400""}"
2206,400,32327.411,"{""message"":""Coupon has no quantity"",""errorCode"":""400""}"
2207,400,32341.844,"{""message"":""Coupon has no quantity"",""errorCode"":""400""}"
2208,400,32356.828,"{""message"":""Coupon has no quantity"",""errorCode"":""400""}"
2209,400,32373.181,"{""message"":""Coupon has no quantity"",""errorCode"":""400""}"
2210,400,32384.565,"{""message"":""Coupon has no quantity"",""errorCode"":""400""}"
2211,400,32395.528,"{""message"":""Coupon has no quantity"",""errorCode"":""400""}"
2212,400,32408.147,"{""message"":""Coupon has no quantity"",""errorCode"":""400""}"
2213,400,31307.036,"{""message"":""Coupon has no quantity"",""errorCode"":""400""}"
2214,400,32429.086,"{""message"":""Coupon has no quantity"",""errorCode"":""400""}"
2215,400,32439.306,"{""message"":""Coupon has no quantity"",""errorCode"":""400""}"
2216,400,32448.717,"{""message"":""Coupon has no quantity"",""errorCode"":""400""}"
2217,400,32460.382,"{""message"":""Coupon has no quantity"",""errorCode"":""400""}"
2218,400,32469.033,"{""message"":""Coupon has no quantity"",""errorCode"":""400""}"
2219,400,32478.372,"{""message"":""Coupon has no quantity"",""errorCode"":""400""}"
2220,400,32489.321,"{""message"":""Coupon has no quantity"",""errorCode"":""400""}"
2221,400,32529.093,"{""message"":""Coupon has no quantity"",""errorCode"":""400""}"
2222,400,32506.254,"{""message"":""Coupon has no quantity"",""errorCode"":""400""}"
2223,400,33755.516,"{""message"":""Coupon has no quantity"",""errorCode"":""400""}"
2224,400,32551.263,"{""message"":""Coupon has no quantity"",""errorCode"":""400""}"
2225,400,32565.018,"{""message"":""Coupon has no quantity"",""errorCode"":""400""}"
2226,400,32575.389,"{""message"":""Coupon has no quantity"",""errorCode"":""400""}"
2227,400,32596.573,"{""message"":""Coupon has no quantity"",""errorCode"":""400""}"
2228,400,32583.133,"{""message"":""Coupon has no quantity"",""errorCode"":""400""}"
2229,400,32620.52,"{""message"":""Coupon has no quantity"",""errorCode"":""400""}"
2230,400,32603.962,"{""message"":""Coupon has no quantity"",""errorCode"":""400""}"
2231,400,33884.692,"{""message"":""Coupon has no quantity"",""errorCode"":""400""}"
2232,400,32639.765,"{""message"":""Coupon has no quantity"",""errorCode"":""400""}"
2233,400,32648.034,"{""message"":""Coupon has no quantity"",""errorCode"":""400""}"
2234,400,32657.538,"{""message"":""Coupon has no quantity"",""errorCode"":""400""}"
2235,400,32665.032,"{""message"":""Coupon has no quantity"",""errorCode"":""400""}"
2236,400,32671.674,"{""message"":""Coupon has no quantity"",""errorCode"":""400""}"
2237,400,32680.437,"{""message"":""Coupon has no quantity"",""errorCode"":""400""}"
2238,400,32688.429,"{""message"":""Coupon has no quantity"",""errorCode"":""400""}"
2239,400,32722.832,"{""message"":""Coupon has no quantity"",""errorCode"":""400""}"
2240,400,32696.39,"{""message"":""Coupon has no quantity"",""errorCode"":""400""}"
2241,400,35183.628,"{""message"":""Coupon has no quantity"",""errorCode"":""400""}"
2242,400,32744.302,"{""message"":""Coupon has no quantity"",""errorCode"":""400""}"
2243,400,32756.035,"{""message"":""Coupon has no quantity"",""errorCode"":""400""}"
2244,400,34091.809,"{""message"":""Coupon has no quantity"",""errorCode"":""400""}"
2245,400,35224.141,"{""message"":""Coupon has no quantity"",""errorCode"":""400""}"
2246,400,32796.437,"{""message"":""Coupon has no quantity"",""errorCode"":""400""}"
2247,400,31564.244,"{""message"":""Coupon has no quantity"",""errorCode"":""400""}"
2248,400,34111.089,"{""message"":""Coupon has no quantity"",""errorCode"":""400""}"
2249,400,32828.055,"{""message"":""Coupon has no quantity"",""errorCode"":""400""}"
2250,400,32841.812,"{""message"":""Coupon has no quantity"",""errorCode"":""400""}"
2251,400,32849.87,"{""message"":""Coupon has no quantity"",""errorCode"":""400""}"
2252,400,32857.412,"{""message"":""Coupon has no quantity"",""errorCode"":""400""}"
2253,400,32865.44,"{""message"":""Coupon has no quantity"",""errorCode"":""400""}"
2254,400,32874.488,"{""message"":""Coupon has no quantity"",""errorCode"":""400""}"
2255,400,32884.097,"{""message"":""Coupon has no quantity"",""errorCode"":""400""}"
2256,400,32895.244,"{""message"":""Coupon has no quantity"",""errorCode"":""400""}"
2257,400,32907.639,"{""message"":""Coupon has no quantity"",""errorCode"":""400""}"
2258,400,32916.334,"{""message"":""Coupon has no quantity"",""errorCode"":""400""}"
2259,400,32924.281,"{""message"":""Coupon has no quantity"",""errorCode"":""400""}"
2260,400,32938.933,"{""message"":""Coupon has no quantity"",""errorCode"":""400""}"
2261,400,32927.237,"{""message"":""Coupon has no quantity"",""errorCode"":""400""}"
2262,400,32946.199,"{""message"":""Coupon has no quantity"",""errorCode"":""400""}"
2263,400,32954.131,"{""message"":""Coupon has no quantity"",""errorCode"":""400""}"
2264,400,32961.394,"{""message"":""Coupon has no quantity"",""errorCode"":""400""}"
2265,400,32969.11,"{""message"":""Coupon has no quantity"",""errorCode"":""400""}"
2266,400,32977.202,"{""message"":""Coupon has no quantity"",""errorCode"":""400""}"
2267,400,32991.073,"{""message"":""Coupon has no quantity"",""errorCode"":""400""}"
2268,400,33007.37,"{""message"":""Coupon has no quantity"",""errorCode"":""400""}"
2269,400,31742.965,"{""message"":""Coupon has no quantity"",""errorCode"":""400""}"
2270,400,33029.523,"{""message"":""Coupon has no quantity"",""errorCode"":""400""}"
2271,400,33036.372,"{""message"":""Coupon has no quantity"",""errorCode"":""400""}"
2272,400,33045.04,"{""message"":""Coupon has no quantity"",""errorCode"":""400""}"
2273,400,33053.014,"{""message"":""Coupon has no quantity"",""errorCode"":""400""}"
2274,400,33064.818,"{""message"":""Coupon has no quantity"",""errorCode"":""400""}"
2275,400,33074.135,"{""message"":""Coupon has no quantity"",""errorCode"":""400""}"
2276,400,33082.852,"{""message"":""Coupon has no quantity"",""errorCode"":""400""}"
2277,400,33090.18,"{""message"":""Coupon has no quantity"",""errorCode"":""400""}"
2278,400,33096.975,"{""message"":""Coupon has no quantity"",""errorCode"":""400""}"
2279,400,33104.143,"{""message"":""Coupon has no quantity"",""errorCode"":""400""}"
2280,400,33112.762,"{""message"":""Coupon has no quantity"",""errorCode"":""400""}"
2281,400,33123.853,"{""message"":""Coupon has no quantity"",""errorCode"":""400""}"
2282,400,33134.717,"{""message"":""Coupon has no quantity"",""errorCode"":""400""}"
2283,400,33143.792,"{""message"":""Coupon has no quantity"",""errorCode"":""400""}"
2284,400,33151.618,"{""message"":""Coupon has no quantity"",""errorCode"":""400""}"
2285,400,33163.057,"{""message"":""Coupon has no quantity"",""errorCode"":""400""}"
2286,400,33183.478,"{""message"":""Coupon has no quantity"",""errorCode"":""400""}"
2287,400,33168.474,"{""message"":""Coupon has no quantity"",""errorCode"":""400""}"
2288,400,33189.619,"{""message"":""Coupon has no quantity"",""errorCode"":""400""}"
2289,400,33197.669,"{""message"":""Coupon has no quantity"",""errorCode"":""400""}"
2290,400,33206.014,"{""message"":""Coupon has no quantity"",""errorCode"":""400""}"
2291,400,33213.036,"{""message"":""Coupon has no quantity"",""errorCode"":""400""}"
2292,400,33222.982,"{""message"":""Coupon has no quantity"",""errorCode"":""400""}"
2293,400,33232.918,"{""message"":""Coupon has no quantity"",""errorCode"":""400""}"
2294,400,33244.669,"{""message"":""Coupon has no quantity"",""errorCode"":""400""}"
2295,400,33255.973,"{""message"":""Coupon has no quantity"",""errorCode"":""400""}"
2296,400,33263.775,"{""message"":""Coupon has no quantity"",""errorCode"":""400""}"
2297,400,33272.647,"{""message"":""Coupon has no quantity"",""errorCode"":""400""}"
2298,400,33281.758,"{""message"":""Coupon has no quantity"",""errorCode"":""400""}"
2299,400,33288.355,"{""message"":""Coupon has no quantity"",""errorCode"":""400""}"
2300,400,33295.724,"{""message"":""Coupon has no quantity"",""errorCode"":""400""}"
2301,400,33301.583,"{""message"":""Coupon has no quantity"",""errorCode"":""400""}"
2302,400,33308.402,"{""message"":""Coupon has no quantity"",""errorCode"":""400""}"
2303,400,33316.343,"{""message"":""Coupon has no quantity"",""errorCode"":""400""}"
2304,400,33325.878,"{""message"":""Coupon has no quantity"",""errorCode"":""400""}"
2305,400,34546.878,"{""message"":""Coupon has no quantity"",""errorCode"":""400""}"
2306,400,34557.155,"{""message"":""Coupon has no quantity"",""errorCode"":""400""}"
2307,400,33353.025,"{""message"":""Coupon has no quantity"",""errorCode"":""400""}"
2308,400,33362.77,"{""message"":""Coupon has no quantity"",""errorCode"":""400""}"
2309,400,33372.305,"{""message"":""Coupon has no quantity"",""errorCode"":""400""}"
2310,400,33381.788,"{""message"":""Coupon has no quantity"",""errorCode"":""400""}"
2311,400,33391.976,"{""message"":""Coupon has no quantity"",""errorCode"":""400""}"
2312,400,33406.192,"{""message"":""Coupon has no quantity"",""errorCode"":""400""}"
2313,400,34671.089,"{""message"":""Coupon has no quantity"",""errorCode"":""400""}"
2314,400,33431.171,"{""message"":""Coupon has no quantity"",""errorCode"":""400""}"
2315,400,33440.637,"{""message"":""Coupon has no quantity"",""errorCode"":""400""}"
2316,400,33448.363,"{""message"":""Coupon has no quantity"",""errorCode"":""400""}"
2317,400,33482.193,"{""message"":""Coupon has no quantity"",""errorCode"":""400""}"
2318,400,33456.293,"{""message"":""Coupon has no quantity"",""errorCode"":""400""}"
2319,400,34728.437,"{""message"":""Coupon has no quantity"",""errorCode"":""400""}"
2320,400,33505.767,"{""message"":""Coupon has no quantity"",""errorCode"":""400""}"
2321,400,32305.934,"{""message"":""Coupon has no quantity"",""errorCode"":""400""}"
2322,400,34759.758,"{""message"":""Coupon has no quantity"",""errorCode"":""400""}"
2323,400,33550.204,"{""message"":""Coupon has no quantity"",""errorCode"":""400""}"
2324,400,33578.038,"{""message"":""Coupon has no quantity"",""errorCode"":""400""}"
2325,400,34784.648,"{""message"":""Coupon has no quantity"",""errorCode"":""400""}"
2326,400,33626.775,"{""message"":""Coupon has no quantity"",""errorCode"":""400""}"
2327,400,33606.782,"{""message"":""Coupon has no quantity"",""errorCode"":""400""}"
2328,400,34816.348,"{""message"":""Coupon has no quantity"",""errorCode"":""400""}"
2329,400,33693.08,"{""message"":""Coupon has no quantity"",""errorCode"":""400""}"
2330,400,32391.505,"{""message"":""Coupon has no quantity"",""errorCode"":""400""}"
2331,400,33652.638,"{""message"":""Coupon has no quantity"",""errorCode"":""400""}"
2332,400,33659.366,"{""message"":""Coupon has no quantity"",""errorCode"":""400""}"
2333,400,33669.223,"{""message"":""Coupon has no quantity"",""errorCode"":""400""}"
2334,400,33703.767,"{""message"":""Coupon has no quantity"",""errorCode"":""400""}"
2335,400,33687.042,"{""message"":""Coupon has no quantity"",""errorCode"":""400""}"
2336,400,33712.745,"{""message"":""Coupon has no quantity"",""errorCode"":""400""}"
2337,400,33740.205,"{""message"":""Coupon has no quantity"",""errorCode"":""400""}"
2338,400,33779.586,"{""message"":""Coupon has no quantity"",""errorCode"":""400""}"
2339,400,32489.27,"{""message"":""Coupon has no quantity"",""errorCode"":""400""}"
2340,400,33824.837,"{""message"":""Coupon has no quantity"",""errorCode"":""400""}"
2341,400,33836.47,"{""message"":""Coupon has no quantity"",""errorCode"":""400""}"
2342,400,32521.232,"{""message"":""Coupon has no quantity"",""errorCode"":""400""}"
2343,400,33862.875,"{""message"":""Coupon has no quantity"",""errorCode"":""400""}"
2344,400,32533.129,"{""message"":""Coupon has no quantity"",""errorCode"":""400""}"
2345,400,32565.598,"{""message"":""Coupon has no quantity"",""errorCode"":""400""}"
2346,400,33878.041,"{""message"":""Coupon has no quantity"",""errorCode"":""400""}"
2347,400,33885.019,"{""message"":""Coupon has no quantity"",""errorCode"":""400""}"
2348,400,33897.675,"{""message"":""Coupon has no quantity"",""errorCode"":""400""}"
2349,400,33906.117,"{""message"":""Coupon has no quantity"",""errorCode"":""400""}"
2350,400,33913.068,"{""message"":""Coupon has no quantity"",""errorCode"":""400""}"
2351,400,33922.971,"{""message"":""Coupon has no quantity"",""errorCode"":""400""}"
2352,400,33929.14,"{""message"":""Coupon has no quantity"",""errorCode"":""400""}"
2353,400,33945.666,"{""message"":""Coupon has no quantity"",""errorCode"":""400""}"
2354,400,33933.361,"{""message"":""Coupon has no quantity"",""errorCode"":""400""}"
2355,400,33960.189,"{""message"":""Coupon has no quantity"",""errorCode"":""400""}"
2356,400,33948.162,"{""message"":""Coupon has no quantity"",""errorCode"":""400""}"
2357,400,33970.87,"{""message"":""Coupon has no quantity"",""errorCode"":""400""}"
2358,400,33980.448,"{""message"":""Coupon has no quantity"",""errorCode"":""400""}"
2359,400,33990.888,"{""message"":""Coupon has no quantity"",""errorCode"":""400""}"
2360,400,35136.011,"{""message"":""Coupon has no quantity"",""errorCode"":""400""}"
2361,400,34009.603,"{""message"":""Coupon has no quantity"",""errorCode"":""400""}"
2362,400,34017.952,"{""message"":""Coupon has no quantity"",""errorCode"":""400""}"
2363,400,34025.975,"{""message"":""Coupon has no quantity"",""errorCode"":""400""}"
2364,400,34032.243,"{""message"":""Coupon has no quantity"",""errorCode"":""400""}"
2365,400,34040.11,"{""message"":""Coupon has no quantity"",""errorCode"":""400""}"
2366,400,34046.718,"{""message"":""Coupon has no quantity"",""errorCode"":""400""}"
2367,400,34054.75,"{""message"":""Coupon has no quantity"",""errorCode"":""400""}"
2368,400,34062.385,"{""message"":""Coupon has no quantity"",""errorCode"":""400""}"
2369,400,34068.584,"{""message"":""Coupon has no quantity"",""errorCode"":""400""}"
2370,400,34075.272,"{""message"":""Coupon has no quantity"",""errorCode"":""400""}"
2371,400,35223.338,"{""message"":""Coupon has no quantity"",""errorCode"":""400""}"
2372,400,34083.656,"{""message"":""Coupon has no quantity"",""errorCode"":""400""}"
2373,400,34088.498,"{""message"":""Coupon has no quantity"",""errorCode"":""400""}"
2374,400,34093.446,"{""message"":""Coupon has no quantity"",""errorCode"":""400""}"
2375,400,34098.926,"{""message"":""Coupon has no quantity"",""errorCode"":""400""}"
2376,400,34104.755,"{""message"":""Coupon has no quantity"",""errorCode"":""400""}"
2377,400,34108.339,"{""message"":""Coupon has no quantity"",""errorCode"":""400""}"
2378,400,34111.731,"{""message"":""Coupon has no quantity"",""errorCode"":""400""}"
2379,400,34124.429,"{""message"":""Coupon has no quantity"",""errorCode"":""400""}"
2380,400,34114.753,"{""message"":""Coupon has no quantity"",""errorCode"":""400""}"
2381,400,34131.497,"{""message"":""Coupon has no quantity"",""errorCode"":""400""}"
2382,400,34137.753,"{""message"":""Coupon has no quantity"",""errorCode"":""400""}"
2383,400,34145.398,"{""message"":""Coupon has no quantity"",""errorCode"":""400""}"
2384,400,34151.615,"{""message"":""Coupon has no quantity"",""errorCode"":""400""}"
2385,400,34160.196,"{""message"":""Coupon has no quantity"",""errorCode"":""400""}"
2386,400,34167.953,"{""message"":""Coupon has no quantity"",""errorCode"":""400""}"
2387,400,34176.275,"{""message"":""Coupon has no quantity"",""errorCode"":""400""}"
2388,400,34193.147,"{""message"":""Coupon has no quantity"",""errorCode"":""400""}"
2389,400,34181.909,"{""message"":""Coupon has no quantity"",""errorCode"":""400""}"
2390,400,34198.557,"{""message"":""Coupon has no quantity"",""errorCode"":""400""}"
2391,400,34207.503,"{""message"":""Coupon has no quantity"",""errorCode"":""400""}"
2392,400,34228.126,"{""message"":""Coupon has no quantity"",""errorCode"":""400""}"
2393,400,34214.251,"{""message"":""Coupon has no quantity"",""errorCode"":""400""}"
2394,400,34233.178,"{""message"":""Coupon has no quantity"",""errorCode"":""400""}"
2395,400,34238.801,"{""message"":""Coupon has no quantity"",""errorCode"":""400""}"
2396,400,34248.574,"{""message"":""Coupon has no quantity"",""errorCode"":""400""}"
2397,400,34269.518,"{""message"":""Coupon has no quantity"",""errorCode"":""400""}"
2398,400,34257.279,"{""message"":""Coupon has no quantity"",""errorCode"":""400""}"
2399,400,34276.688,"{""message"":""Coupon has no quantity"",""errorCode"":""400""}"
2400,400,34283.33,"{""message"":""Coupon has no quantity"",""errorCode"":""400""}"
2401,400,34291.021,"{""message"":""Coupon has no quantity"",""errorCode"":""400""}"
2402,400,34298.967,"{""message"":""Coupon has no quantity"",""errorCode"":""400""}"
2403,400,33095.166,"{""message"":""Coupon has no quantity"",""errorCode"":""400""}"
2404,400,33103.534,"{""message"":""Coupon has no quantity"",""errorCode"":""400""}"
2405,400,34323.622,"{""message"":""Coupon has no quantity"",""errorCode"":""400""}"
2406,400,34340.474,"{""message"":""Coupon has no quantity"",""errorCode"":""400""}"
2407,400,34379.596,"{""message"":""Coupon has no quantity"",""errorCode"":""400""}"
2408,400,35605.394,"{""message"":""Coupon has no quantity"",""errorCode"":""400""}"
2409,400,34388.863,"{""message"":""Coupon has no quantity"",""errorCode"":""400""}"
2410,400,34398.859,"{""message"":""Coupon has no quantity"",""errorCode"":""400""}"
2411,400,33177.695,"{""message"":""Coupon has no quantity"",""errorCode"":""400""}"
2412,400,35663.333,"{""message"":""Coupon has no quantity"",""errorCode"":""400""}"
2413,400,34447.006,"{""message"":""Coupon has no quantity"",""errorCode"":""400""}"
2414,400,35721.428,"{""message"":""Coupon has no quantity"",""errorCode"":""400""}"
2415,400,34467.359,"{""message"":""Coupon has no quantity"",""errorCode"":""400""}"
2416,400,34476.313,"{""message"":""Coupon has no quantity"",""errorCode"":""400""}"
2417,400,33254.179,"{""message"":""Coupon has no quantity"",""errorCode"":""400""}"
2418,400,34510.905,"{""message"":""Coupon has no quantity"",""errorCode"":""400""}"
2419,400,34494.686,"{""message"":""Coupon has no quantity"",""errorCode"":""400""}"
2420,400,34528.522,"{""message"":""Coupon has no quantity"",""errorCode"":""400""}"
2421,400,33291.52,"{""message"":""Coupon has no quantity"",""errorCode"":""400""}"
2422,400,34534.171,"{""message"":""Coupon has no quantity"",""errorCode"":""400""}"
2423,400,33354.364,"{""message"":""Coupon has no quantity"",""errorCode"":""400""}"
2424,400,34549.288,"{""message"":""Coupon has no quantity"",""errorCode"":""400""}"
2425,400,34559.087,"{""message"":""Coupon has no quantity"",""errorCode"":""400""}"
2426,400,33392.731,"{""message"":""Coupon has no quantity"",""errorCode"":""400""}"
2427,400,34583.499,"{""message"":""Coupon has no quantity"",""errorCode"":""400""}"
2428,400,34598.139,"{""message"":""Coupon has no quantity"",""errorCode"":""400""}"
2429,400,34610.798,"{""message"":""Coupon has no quantity"",""errorCode"":""400""}"
2430,400,34621.998,"{""message"":""Coupon has no quantity"",""errorCode"":""400""}"
2431,400,34636.656,"{""message"":""Coupon has no quantity"",""errorCode"":""400""}"
2432,400,34646.051,"{""message"":""Coupon has no quantity"",""errorCode"":""400""}"
2433,400,34654.393,"{""message"":""Coupon has no quantity"",""errorCode"":""400""}"
2434,400,34663.329,"{""message"":""Coupon has no quantity"",""errorCode"":""400""}"
2435,400,34674.884,"{""message"":""Coupon has no quantity"",""errorCode"":""400""}"
2436,400,34686.153,"{""message"":""Coupon has no quantity"",""errorCode"":""400""}"
2437,400,34712.81,"{""message"":""Coupon has no quantity"",""errorCode"":""400""}"
2438,400,33561.647,"{""message"":""Coupon has no quantity"",""errorCode"":""400""}"
2439,400,34715.299,"{""message"":""Coupon has no quantity"",""errorCode"":""400""}"
2440,400,34722.414,"{""message"":""Coupon has no quantity"",""errorCode"":""400""}"
2441,400,33604.593,"{""message"":""Coupon has no quantity"",""errorCode"":""400""}"
2442,400,35948.929,"{""message"":""Coupon has no quantity"",""errorCode"":""400""}"
2443,400,34743.839,"{""message"":""Coupon has no quantity"",""errorCode"":""400""}"
2444,400,34751.405,"{""message"":""Coupon has no quantity"",""errorCode"":""400""}"
2445,400,34759.056,"{""message"":""Coupon has no quantity"",""errorCode"":""400""}"
2446,400,34771.348,"{""message"":""Coupon has no quantity"",""errorCode"":""400""}"
2447,400,34781.355,"{""message"":""Coupon has no quantity"",""errorCode"":""400""}"
2448,400,34785.484,"{""message"":""Coupon has no quantity"",""errorCode"":""400""}"
2449,400,34793.078,"{""message"":""Coupon has no quantity"",""errorCode"":""400""}"
2450,400,34800.327,"{""message"":""Coupon has no quantity"",""errorCode"":""400""}"
2451,400,34809.107,"{""message"":""Coupon has no quantity"",""errorCode"":""400""}"
2452,400,34818.409,"{""message"":""Coupon has no quantity"",""errorCode"":""400""}"
2453,400,34827.716,"{""message"":""Coupon has no quantity"",""errorCode"":""400""}"
2454,400,34836.367,"{""message"":""Coupon has no quantity"",""errorCode"":""400""}"
2455,400,34846.15,"{""message"":""Coupon has no quantity"",""errorCode"":""400""}"
2456,400,34854.179,"{""message"":""Coupon has no quantity"",""errorCode"":""400""}"
2457,400,34863.108,"{""message"":""Coupon has no quantity"",""errorCode"":""400""}"
2458,400,34885.37,"{""message"":""Coupon has no quantity"",""errorCode"":""400""}"
2459,400,33735.736,"{""message"":""Coupon has no quantity"",""errorCode"":""400""}"
2460,400,34887.004,"{""message"":""Coupon has no quantity"",""errorCode"":""400""}"
2461,400,34893.669,"{""message"":""Coupon has no quantity"",""errorCode"":""400""}"
2462,400,34900.749,"{""message"":""Coupon has no quantity"",""errorCode"":""400""}"
2463,400,34906.949,"{""message"":""Coupon has no quantity"",""errorCode"":""400""}"
2464,400,34914.484,"{""message"":""Coupon has no quantity"",""errorCode"":""400""}"
2465,400,34923.496,"{""message"":""Coupon has no quantity"",""errorCode"":""400""}"
2466,400,34932.29,"{""message"":""Coupon has no quantity"",""errorCode"":""400""}"
2467,400,36090.949,"{""message"":""Coupon has no quantity"",""errorCode"":""400""}"
2468,400,34949.261,"{""message"":""Coupon has no quantity"",""errorCode"":""400""}"
2469,400,33814.293,"{""message"":""Coupon has no quantity"",""errorCode"":""400""}"
2470,400,34962.374,"{""message"":""Coupon has no quantity"",""errorCode"":""400""}"
2471,400,34980.329,"{""message"":""Coupon has no quantity"",""errorCode"":""400""}"
2472,400,34967.909,"{""message"":""Coupon has no quantity"",""errorCode"":""400""}"
2473,400,34986.082,"{""message"":""Coupon has no quantity"",""errorCode"":""400""}"
2474,400,35007.74,"{""message"":""Coupon has no quantity"",""errorCode"":""400""}"
2475,400,34992.31,"{""message"":""Coupon has no quantity"",""errorCode"":""400""}"
2476,400,35014.883,"{""message"":""Coupon has no quantity"",""errorCode"":""400""}"
2477,400,35023.316,"{""message"":""Coupon has no quantity"",""errorCode"":""400""}"
2478,400,35032.014,"{""message"":""Coupon has no quantity"",""errorCode"":""400""}"
2479,400,35039.235,"{""message"":""Coupon has no quantity"",""errorCode"":""400""}"
2480,400,35047.178,"{""message"":""Coupon has no quantity"",""errorCode"":""400""}"
2481,400,35057.37,"{""message"":""Coupon has no quantity"",""errorCode"":""400""}"
2482,400,35066.179,"{""message"":""Coupon has no quantity"",""errorCode"":""400""}"
2483,400,35073.639,"{""message"":""Coupon has no quantity"",""errorCode"":""400""}"
2484,400,35081.124,"{""message"":""Coupon has no quantity"",""errorCode"":""400""}"
2485,400,35090.697,"{""message"":""Coupon has no quantity"",""errorCode"":""400""}"
2486,400,35098.62,"{""message"":""Coupon has no quantity"",""errorCode"":""400""}"
2487,400,35107.966,"{""message"":""Coupon has no quantity"",""errorCode"":""400""}"
2488,400,35122.026,"{""message"":""Coupon has no quantity"",""errorCode"":""400""}"
2489,400,35150.331,"{""message"":""Coupon has no quantity"",""errorCode"":""400""}"
2490,400,36300.748,"{""message"":""Coupon has no quantity"",""errorCode"":""400""}"
2491,400,35188.476,"{""message"":""Coupon has no quantity"",""errorCode"":""400""}"
2492,400,35213.396,"{""message"":""Coupon has no quantity"",""errorCode"":""400""}"
2493,400,35231.215,"{""message"":""Coupon has no quantity"",""errorCode"":""400""}"
2494,400,35246.585,"{""message"":""Coupon has no quantity"",""errorCode"":""400""}"
2495,400,35259.219,"{""message"":""Coupon has no quantity"",""errorCode"":""400""}"
2496,400,35280.304,"{""message"":""Coupon has no quantity"",""errorCode"":""400""}"
2497,400,35265.764,"{""message"":""Coupon has no quantity"",""errorCode"":""400""}"
2498,400,36374.653,"{""message"":""Coupon has no quantity"",""errorCode"":""400""}"
2499,400,35296.449,"{""message"":""Coupon has no quantity"",""errorCode"":""400""}"
2500,400,35307.47,"{""message"":""Coupon has no quantity"",""errorCode"":""400""}"
2501,400,35316.914,"{""message"":""Coupon has no quantity"",""errorCode"":""400""}"
2502,400,35327.531,"{""message"":""Coupon has no quantity"",""errorCode"":""400""}"
2503,400,35335.314,"{""message"":""Coupon has no quantity"",""errorCode"":""400""}"
2504,400,35461.224,"{""message"":""Coupon has no quantity"",""errorCode"":""400""}"
2505,400,35340.012,"{""message"":""Coupon has no quantity"",""errorCode"":""400""}"
2506,400,34099.139,"{""message"":""Coupon has no quantity"",""errorCode"":""400""}"
2507,400,35355.836,"{""message"":""Coupon has no quantity"",""errorCode"":""400""}"
2508,400,35364.807,"{""message"":""Coupon has no quantity"",""errorCode"":""400""}"
2509,400,35376.988,"{""message"":""Coupon has no quantity"",""errorCode"":""400""}"
2510,400,35392.73,"{""message"":""Coupon has no quantity"",""errorCode"":""400""}"
2511,400,34177.645,"{""message"":""Coupon has no quantity"",""errorCode"":""400""}"
2512,400,35474.055,"{""message"":""Coupon has no quantity"",""errorCode"":""400""}"
2513,400,34194.548,"{""message"":""Coupon has no quantity"",""errorCode"":""400""}"
2514,400,35485.057,"{""message"":""Coupon has no quantity"",""errorCode"":""400""}"
2515,400,35496.819,"{""message"":""Coupon has no quantity"",""errorCode"":""400""}"
2516,400,35508.646,"{""message"":""Coupon has no quantity"",""errorCode"":""400""}"
2517,400,35519.646,"{""message"":""Coupon has no quantity"",""errorCode"":""400""}"
2518,400,35529.157,"{""message"":""Coupon has no quantity"",""errorCode"":""400""}"
2519,400,35547.753,"{""message"":""Coupon has no quantity"",""errorCode"":""400""}"
2520,400,35535.199,"{""message"":""Coupon has no quantity"",""errorCode"":""400""}"
2521,400,35559.072,"{""message"":""Coupon has no quantity"",""errorCode"":""400""}"
2522,400,35548.715,"{""message"":""Coupon has no quantity"",""errorCode"":""400""}"
2523,400,35564.102,"{""message"":""Coupon has no quantity"",""errorCode"":""400""}"
2524,400,35576.133,"{""message"":""Coupon has no quantity"",""errorCode"":""400""}"
2525,400,36582.845,"{""message"":""Coupon has no quantity"",""errorCode"":""400""}"
2526,400,36598.687,"{""message"":""Coupon has no quantity"",""errorCode"":""400""}"
2527,400,36603.746,"{""message"":""Coupon has no quantity"",""errorCode"":""400""}"
2528,400,35604.903,"{""message"":""Coupon has no quantity"",""errorCode"":""400""}"
2529,400,35613.621,"{""message"":""Coupon has no quantity"",""errorCode"":""400""}"
2530,400,35620.526,"{""message"":""Coupon has no quantity"",""errorCode"":""400""}"
2531,400,35628.054,"{""message"":""Coupon has no quantity"",""errorCode"":""400""}"
2532,400,35644.918,"{""message"":""Coupon has no quantity"",""errorCode"":""400""}"
2533,400,35633.935,"{""message"":""Coupon has no quantity"",""errorCode"":""400""}"
2534,400,35648.923,"{""message"":""Coupon has no quantity"",""errorCode"":""400""}"
2535,400,35682.336,"{""message"":""Coupon has no quantity"",""errorCode"":""400""}"
2536,400,35653.925,"{""message"":""Coupon has no quantity"",""errorCode"":""400""}"
2537,400,35665.303,"{""message"":""Coupon has no quantity"",""errorCode"":""400""}"
2538,400,35686.507,"{""message"":""Coupon has no quantity"",""errorCode"":""400""}"
2539,400,35692.793,"{""message"":""Coupon has no quantity"",""errorCode"":""400""}"
2540,400,34486.887,"{""message"":""Coupon has no quantity"",""errorCode"":""400""}"
2541,400,35704.784,"{""message"":""Coupon has no quantity"",""errorCode"":""400""}"
2542,400,35728.006,"{""message"":""Coupon has no quantity"",""errorCode"":""400""}"
2543,400,35708.697,"{""message"":""Coupon has no quantity"",""errorCode"":""400""}"
2544,400,35715.648,"{""message"":""Coupon has no quantity"",""errorCode"":""400""}"
2545,400,35732.47,"{""message"":""Coupon has no quantity"",""errorCode"":""400""}"
2546,400,35742.6,"{""message"":""Coupon has no quantity"",""errorCode"":""400""}"
2547,400,35748.037,"{""message"":""Coupon has no quantity"",""errorCode"":""400""}"
2548,400,35754.879,"{""message"":""Coupon has no quantity"",""errorCode"":""400""}"
2549,400,35762.51,"{""message"":""Coupon has no quantity"",""errorCode"":""400""}"
2550,400,35766.617,"{""message"":""Coupon has no quantity"",""errorCode"":""400""}"
2551,400,35771.122,"{""message"":""Coupon has no quantity"",""errorCode"":""400""}"
2552,400,35775.834,"{""message"":""Coupon has no quantity"",""errorCode"":""400""}"
2553,400,35780.975,"{""message"":""Coupon has no quantity"",""errorCode"":""400""}"
2554,400,35785.811,"{""message"":""Coupon has no quantity"",""errorCode"":""400""}"
2555,400,35789.515,"{""message"":""Coupon has no quantity"",""errorCode"":""400""}"
2556,400,35794.048,"{""message"":""Coupon has no quantity"",""errorCode"":""400""}"
2557,400,35813.995,"{""message"":""Coupon has no quantity"",""errorCode"":""400""}"
2558,400,35802.784,"{""message"":""Coupon has no quantity"",""errorCode"":""400""}"
2559,400,35792.522,"{""message"":""Coupon has no quantity"",""errorCode"":""400""}"
2560,400,35816.961,"{""message"":""Coupon has no quantity"",""errorCode"":""400""}"
2561,400,35828.388,"{""message"":""Coupon has no quantity"",""errorCode"":""400""}"
2562,400,35835.537,"{""message"":""Coupon has no quantity"",""errorCode"":""400""}"
2563,400,35841.156,"{""message"":""Coupon has no quantity"",""errorCode"":""400""}"
2564,400,35847.835,"{""message"":""Coupon has no quantity"",""errorCode"":""400""}"
2565,400,34701.131,"{""message"":""Coupon has no quantity"",""errorCode"":""400""}"
2566,400,35859.747,"{""message"":""Coupon has no quantity"",""errorCode"":""400""}"
2567,400,35867.438,"{""message"":""Coupon has no quantity"",""errorCode"":""400""}"
2568,400,35877.408,"{""message"":""Coupon has no quantity"",""errorCode"":""400""}"
2569,400,35887.268,"{""message"":""Coupon has no quantity"",""errorCode"":""400""}"
2570,400,35895.711,"{""message"":""Coupon has no quantity"",""errorCode"":""400""}"
2571,400,35913.916,"{""message"":""Coupon has no quantity"",""errorCode"":""400""}"
2572,400,36891.773,"{""message"":""Coupon has no quantity"",""errorCode"":""400""}"
2573,400,35924.787,"{""message"":""Coupon has no quantity"",""errorCode"":""400""}"
2574,400,35961.705,"{""message"":""Coupon has no quantity"",""errorCode"":""400""}"
2575,400,35943.744,"{""message"":""Coupon has no quantity"",""errorCode"":""400""}"
2576,400,35950.18,"{""message"":""Coupon has no quantity"",""errorCode"":""400""}"
2577,400,35966.426,"{""message"":""Coupon has no quantity"",""errorCode"":""400""}"
2578,400,35972.652,"{""message"":""Coupon has no quantity"",""errorCode"":""400""}"
2579,400,35979.29,"{""message"":""Coupon has no quantity"",""errorCode"":""400""}"
2580,400,35989.974,"{""message"":""Coupon has no quantity"",""errorCode"":""400""}"
2581,400,35997.482,"{""message"":""Coupon has no quantity"",""errorCode"":""400""}"
2582,400,36002.173,"{""message"":""Coupon has no quantity"",""errorCode"":""400""}"
2583,400,36012.491,"{""message"":""Coupon has no quantity"",""errorCode"":""400""}"
2584,400,36022.403,"{""message"":""Coupon has no quantity"",""errorCode"":""400""}"
2585,400,36032.805,"{""message"":""Coupon has no quantity"",""errorCode"":""400""}"
2586,400,36040.25,"{""message"":""Coupon has no quantity"",""errorCode"":""400""}"
2587,400,36048.246,"{""message"":""Coupon has no quantity"",""errorCode"":""400""}"
2588,400,34924.08,"{""message"":""Coupon has no quantity"",""errorCode"":""400""}"
2589,400,36076.549,"{""message"":""Coupon has no quantity"",""errorCode"":""400""}"
2590,400,36061.387,"{""message"":""Coupon has no quantity"",""errorCode"":""400""}"
2591,400,36084.892,"{""message"":""Coupon has no quantity"",""errorCode"":""400""}"
2592,400,36095.856,"{""message"":""Coupon has no quantity"",""errorCode"":""400""}"
2593,400,36104.736,"{""message"":""Coupon has no quantity"",""errorCode"":""400""}"
2594,400,36112.599,"{""message"":""Coupon has no quantity"",""errorCode"":""400""}"
2595,400,36119.877,"{""message"":""Coupon has no quantity"",""errorCode"":""400""}"
2596,400,36136.88,"{""message"":""Coupon has no quantity"",""errorCode"":""400""}"
2597,400,35036.24,"{""message"":""Coupon has no quantity"",""errorCode"":""400""}"
2598,400,36140.973,"{""message"":""Coupon has no quantity"",""errorCode"":""400""}"
2599,400,36146.211,"{""message"":""Coupon has no quantity"",""errorCode"":""400""}"
2600,400,36155.473,"{""message"":""Coupon has no quantity"",""errorCode"":""400""}"
2601,400,36174.329,"{""message"":""Coupon has no quantity"",""errorCode"":""400""}"
2602,400,36164.539,"{""message"":""Coupon has no quantity"",""errorCode"":""400""}"
2603,400,36177.945,"{""message"":""Coupon has no quantity"",""errorCode"":""400""}"
2604,400,36185.081,"{""message"":""Coupon has no quantity"",""errorCode"":""400""}"
2605,400,36190.227,"{""message"":""Coupon has no quantity"",""errorCode"":""400""}"
2606,400,36195.552,"{""message"":""Coupon has no quantity"",""errorCode"":""400""}"
2607,400,36199.386,"{""message"":""Coupon has no quantity"",""errorCode"":""400""}"
2608,400,36206.328,"{""message"":""Coupon has no quantity"",""errorCode"":""400""}"
2609,400,36213.231,"{""message"":""Coupon has no quantity"",""errorCode"":""400""}"
2610,400,36220.061,"{""message"":""Coupon has no quantity"",""errorCode"":""400""}"
2611,400,36226.819,"{""message"":""Coupon has no quantity"",""errorCode"":""400""}"
2612,400,36233.444,"{""message"":""Coupon has no quantity"",""errorCode"":""400""}"
2613,400,36260.483,"{""message"":""Coupon has no quantity"",""errorCode"":""400""}"
2614,400,36244.223,"{""message"":""Coupon has no quantity"",""errorCode"":""400""}"
2615,400,36267.426,"{""message"":""Coupon has no quantity"",""errorCode"":""400""}"
2616,400,36278.378,"{""message"":""Coupon has no quantity"",""errorCode"":""400""}"
2617,400,36288.227,"{""message"":""Coupon has no quantity"",""errorCode"":""400""}"
2618,400,36306.505,"{""message"":""Coupon has no quantity"",""errorCode"":""400""}"
2619,400,36292.633,"{""message"":""Coupon has no quantity"",""errorCode"":""400""}"
2620,400,36310.43,"{""message"":""Coupon has no quantity"",""errorCode"":""400""}"
2621,400,36316.802,"{""message"":""Coupon has no quantity"",""errorCode"":""400""}"
2622,400,36325.214,"{""message"":""Coupon has no quantity"",""errorCode"":""400""}"
2623,400,35335.267,"{""message"":""Coupon has no quantity"",""errorCode"":""400""}"
2624,400,35343.262,"{""message"":""Coupon has no quantity"",""errorCode"":""400""}"
2625,400,35349.767,"{""message"":""Coupon has no quantity"",""errorCode"":""400""}"
2626,400,36362.279,"{""message"":""Coupon has no quantity"",""errorCode"":""400""}"
2627,400,36366.404,"{""message"":""Coupon has no quantity"",""errorCode"":""400""}"
2628,400,36379.807,"{""message"":""Coupon has no quantity"",""errorCode"":""400""}"
2629,400,36371.078,"{""message"":""Coupon has no quantity"",""errorCode"":""400""}"
2630,400,36384.051,"{""message"":""Coupon has no quantity"",""errorCode"":""400""}"
2631,400,36388.832,"{""message"":""Coupon has no quantity"",""errorCode"":""400""}"
2632,400,36393.839,"{""message"":""Coupon has no quantity"",""errorCode"":""400""}"
2633,400,36397.88,"{""message"":""Coupon has no quantity"",""errorCode"":""400""}"
2634,400,36405.562,"{""message"":""Coupon has no quantity"",""errorCode"":""400""}"
2635,400,36412.327,"{""message"":""Coupon has no quantity"",""errorCode"":""400""}"
2636,400,36416.548,"{""message"":""Coupon has no quantity"",""errorCode"":""400""}"
2637,400,36421.519,"{""message"":""Coupon has no quantity"",""errorCode"":""400""}"
2638,400,36425.901,"{""message"":""Coupon has no quantity"",""errorCode"":""400""}"
2639,400,36437.309,"{""message"":""Coupon has no quantity"",""errorCode"":""400""}"
2640,400,36428.746,"{""message"":""Coupon has no quantity"",""errorCode"":""400""}"
2641,400,36441.786,"{""message"":""Coupon has no quantity"",""errorCode"":""400""}"
2642,400,36448.984,"{""message"":""Coupon has no quantity"",""errorCode"":""400""}"
2643,400,36454.431,"{""message"":""Coupon has no quantity"",""errorCode"":""400""}"
2644,400,36459.997,"{""message"":""Coupon has no quantity"",""errorCode"":""400""}"
2645,400,36465.698,"{""message"":""Coupon has no quantity"",""errorCode"":""400""}"
2646,400,36470.672,"{""message"":""Coupon has no quantity"",""errorCode"":""400""}"
2647,400,36476.786,"{""message"":""Coupon has no quantity"",""errorCode"":""400""}"
2648,400,36483.094,"{""message"":""Coupon has no quantity"",""errorCode"":""400""}"
2649,400,36490.43,"{""message"":""Coupon has no quantity"",""errorCode"":""400""}"
2650,400,36495.805,"{""message"":""Coupon has no quantity"",""errorCode"":""400""}"
2651,400,36501.997,"{""message"":""Coupon has no quantity"",""errorCode"":""400""}"
2652,400,36507.177,"{""message"":""Coupon has no quantity"",""errorCode"":""400""}"
2653,400,36521.344,"{""message"":""Coupon has no quantity"",""errorCode"":""400""}"
2654,400,36511.464,"{""message"":""Coupon has no quantity"",""errorCode"":""400""}"
2655,400,36527.972,"{""message"":""Coupon has no quantity"",""errorCode"":""400""}"
2656,400,36534.231,"{""message"":""Coupon has no quantity"",""errorCode"":""400""}"
2657,400,36541.447,"{""message"":""Coupon has no quantity"",""errorCode"":""400""}"
2658,400,36551.776,"{""message"":""Coupon has no quantity"",""errorCode"":""400""}"
2659,400,36561.526,"{""message"":""Coupon has no quantity"",""errorCode"":""400""}"
2660,400,36568.773,"{""message"":""Coupon has no quantity"",""errorCode"":""400""}"
2661,400,36576.31,"{""message"":""Coupon has no quantity"",""errorCode"":""400""}"
2662,400,36588.01,"{""message"":""Coupon has no quantity"",""errorCode"":""400""}"
2663,400,36598.389,"{""message"":""Coupon has no quantity"",""errorCode"":""400""}"
2664,400,36605.848,"{""message"":""Coupon has no quantity"",""errorCode"":""400""}"
2665,400,36623.633,"{""message"":""Coupon has no quantity"",""errorCode"":""400""}"
2666,400,36609.827,"{""message"":""Coupon has no quantity"",""errorCode"":""400""}"
2667,400,36633.13,"{""message"":""Coupon has no quantity"",""errorCode"":""400""}"
2668,400,36658.842,"{""message"":""Coupon has no quantity"",""errorCode"":""400""}"
2669,400,36637.942,"{""message"":""Coupon has no quantity"",""errorCode"":""400""}"
2670,400,36644.629,"{""message"":""Coupon has no quantity"",""errorCode"":""400""}"
2671,400,35706.529,"{""message"":""Coupon has no quantity"",""errorCode"":""400""}"
2672,400,36668.5,"{""message"":""Coupon has no quantity"",""errorCode"":""400""}"
2673,400,36677.395,"{""message"":""Coupon has no quantity"",""errorCode"":""400""}"
2674,400,36684.028,"{""message"":""Coupon has no quantity"",""errorCode"":""400""}"
2675,400,36692.463,"{""message"":""Coupon has no quantity"",""errorCode"":""400""}"
2676,400,36701.827,"{""message"":""Coupon has no quantity"",""errorCode"":""400""}"
2677,400,36709.402,"{""message"":""Coupon has no quantity"",""errorCode"":""400""}"
2678,400,36716.323,"{""message"":""Coupon has no quantity"",""errorCode"":""400""}"
2679,400,36726.084,"{""message"":""Coupon has no quantity"",""errorCode"":""400""}"
2680,400,36742.457,"{""message"":""Coupon has no quantity"",""errorCode"":""400""}"
2681,400,36759.964,"{""message"":""Coupon has no quantity"",""errorCode"":""400""}"
2682,400,36792.493,"{""message"":""Coupon has no quantity"",""errorCode"":""400""}"
2683,400,36833.329,"{""message"":""Coupon has no quantity"",""errorCode"":""400""}"
2684,400,36849.211,"{""message"":""Coupon has no quantity"",""errorCode"":""400""}"
2685,400,36873.819,"{""message"":""Coupon has no quantity"",""errorCode"":""400""}"
2686,400,36887.662,"{""message"":""Coupon has no quantity"",""errorCode"":""400""}"
2687,400,36900.252,"{""message"":""Coupon has no quantity"",""errorCode"":""400""}"
2688,400,36909.242,"{""message"":""Coupon has no quantity"",""errorCode"":""400""}"
2689,400,36918.05,"{""message"":""Coupon has no quantity"",""errorCode"":""400""}"
2690,400,36927.931,"{""message"":""Coupon has no quantity"",""errorCode"":""400""}"
2691,400,36939.637,"{""message"":""Coupon has no quantity"",""errorCode"":""400""}"
2692,400,36974.43,"{""message"":""Coupon has no quantity"",""errorCode"":""400""}"
2693,400,36954.01,"{""message"":""Coupon has no quantity"",""errorCode"":""400""}"
2694,400,38510.645,"{""message"":""Coupon has no quantity"",""errorCode"":""400""}"
2695,400,38496.08,"{""message"":""Coupon has no quantity"",""errorCode"":""400""}"
2696,400,37009.733,"{""message"":""Coupon has no quantity"",""errorCode"":""400""}"
2697,400,37020.159,"{""message"":""Coupon has no quantity"",""errorCode"":""400""}"
2698,400,37032.304,"{""message"":""Coupon has no quantity"",""errorCode"":""400""}"
2699,400,37067.561,"{""message"":""Coupon has no quantity"",""errorCode"":""400""}"
2700,400,37089.177,"{""message"":""Coupon has no quantity"",""errorCode"":""400""}"
2701,400,38574.886,"{""message"":""Coupon has no quantity"",""errorCode"":""400""}"
2702,400,37128.007,"{""message"":""Coupon has no quantity"",""errorCode"":""400""}"
2703,400,37148.346,"{""message"":""Coupon has no quantity"",""errorCode"":""400""}"
2704,400,37160.592,"{""message"":""Coupon has no quantity"",""errorCode"":""400""}"
2705,400,37208.173,"{""message"":""Coupon has no quantity"",""errorCode"":""400""}"
2706,400,37223.838,"{""message"":""Coupon has no quantity"",""errorCode"":""400""}"
2707,400,37247.601,"{""message"":""Coupon has no quantity"",""errorCode"":""400""}"
2708,400,37268.53,"{""message"":""Coupon has no quantity"",""errorCode"":""400""}"
2709,400,37282.947,"{""message"":""Coupon has no quantity"",""errorCode"":""400""}"
2710,400,37297.583,"{""message"":""Coupon has no quantity"",""errorCode"":""400""}"
2711,400,37309.998,"{""message"":""Coupon has no quantity"",""errorCode"":""400""}"
2712,400,37323.048,"{""message"":""Coupon has no quantity"",""errorCode"":""400""}"
2713,400,38734.057,"{""message"":""Coupon has no quantity"",""errorCode"":""400""}"
2714,400,37351.871,"{""message"":""Coupon has no quantity"",""errorCode"":""400""}"
2715,400,37379.966,"{""message"":""Coupon has no quantity"",""errorCode"":""400""}"
2716,400,37409.397,"{""message"":""Coupon has no quantity"",""errorCode"":""400""}"
2717,400,37389.48,"{""message"":""Coupon has no quantity"",""errorCode"":""400""}"
2718,400,37433.692,"{""message"":""Coupon has no quantity"",""errorCode"":""400""}"
2719,400,37415.174,"{""message"":""Coupon has no quantity"",""errorCode"":""400""}"
2720,400,37452.199,"{""message"":""Coupon has no quantity"",""errorCode"":""400""}"
2721,400,36101.219,"{""message"":""Coupon has no quantity"",""errorCode"":""400""}"
2722,400,37462.217,"{""message"":""Coupon has no quantity"",""errorCode"":""400""}"
2723,400,37474.474,"{""message"":""Coupon has no quantity"",""errorCode"":""400""}"
2724,400,37485.055,"{""message"":""Coupon has no quantity"",""errorCode"":""400""}"
2725,400,37496.272,"{""message"":""Coupon has no quantity"",""errorCode"":""400""}"
2726,400,37507.081,"{""message"":""Coupon has no quantity"",""errorCode"":""400""}"
2727,400,37520.832,"{""message"":""Coupon has no quantity"",""errorCode"":""400""}"
2728,400,37535.842,"{""message"":""Coupon has no quantity"",""errorCode"":""400""}"
2729,400,37562.534,"{""message"":""Coupon has no quantity"",""errorCode"":""400""}"
2730,400,38872.247,"{""message"":""Coupon has no quantity"",""errorCode"":""400""}"
2731,400,37586.211,"{""message"":""Coupon has no quantity"",""errorCode"":""400""}"
2732,400,37569.808,"{""message"":""Coupon has no quantity"",""errorCode"":""400""}"
2733,400,38909.835,"{""message"":""Coupon has no quantity"",""errorCode"":""400""}"
2734,400,37623.453,"{""message"":""Coupon has no quantity"",""errorCode"":""400""}"
2735,400,37600.913,"{""message"":""Coupon has no quantity"",""errorCode"":""400""}"
2736,400,37634.053,"{""message"":""Coupon has no quantity"",""errorCode"":""400""}"
2737,400,37646.281,"{""message"":""Coupon has no quantity"",""errorCode"":""400""}"
2738,400,37660.732,"{""message"":""Coupon has no quantity"",""errorCode"":""400""}"
2739,400,37673.535,"{""message"":""Coupon has no quantity"",""errorCode"":""400""}"
2740,400,39027.196,"{""message"":""Coupon has no quantity"",""errorCode"":""400""}"
2741,400,37714.739,"{""message"":""Coupon has no quantity"",""errorCode"":""400""}"
2742,400,37736.12,"{""message"":""Coupon has no quantity"",""errorCode"":""400""}"
2743,400,37748.25,"{""message"":""Coupon has no quantity"",""errorCode"":""400""}"
2744,400,37755.91,"{""message"":""Coupon has no quantity"",""errorCode"":""400""}"
2745,400,37763.754,"{""message"":""Coupon has no quantity"",""errorCode"":""400""}"
2746,400,37771.423,"{""message"":""Coupon has no quantity"",""errorCode"":""400""}"
2747,400,39097.362,"{""message"":""Coupon has no quantity"",""errorCode"":""400""}"
2748,400,37786.279,"{""message"":""Coupon has no quantity"",""errorCode"":""400""}"
2749,400,37796.555,"{""message"":""Coupon has no quantity"",""errorCode"":""400""}"
2750,400,37806.863,"{""message"":""Coupon has no quantity"",""errorCode"":""400""}"
2751,400,37834.51,"{""message"":""Coupon has no quantity"",""errorCode"":""400""}"
2752,400,39185.732,"{""message"":""Coupon has no quantity"",""errorCode"":""400""}"
2753,400,37873.909,"{""message"":""Coupon has no quantity"",""errorCode"":""400""}"
2754,400,37885.006,"{""message"":""Coupon has no quantity"",""errorCode"":""400""}"
2755,400,37894.821,"{""message"":""Coupon has no quantity"",""errorCode"":""400""}"
2756,400,37907.862,"{""message"":""Coupon has no quantity"",""errorCode"":""400""}"
2757,400,37922.201,"{""message"":""Coupon has no quantity"",""errorCode"":""400""}"
2758,400,39256.669,"{""message"":""Coupon has no quantity"",""errorCode"":""400""}"
2759,400,37941.007,"{""message"":""Coupon has no quantity"",""errorCode"":""400""}"
2760,400,37950.693,"{""message"":""Coupon has no quantity"",""errorCode"":""400""}"
2761,400,37958.865,"{""message"":""Coupon has no quantity"",""errorCode"":""400""}"
2762,400,37966.614,"{""message"":""Coupon has no quantity"",""errorCode"":""400""}"
2763,400,37973.864,"{""message"":""Coupon has no quantity"",""errorCode"":""400""}"
2764,400,37980.954,"{""message"":""Coupon has no quantity"",""errorCode"":""400""}"
2765,400,37997.839,"{""message"":""Coupon has no quantity"",""errorCode"":""400""}"
2766,400,37985.275,"{""message"":""Coupon has no quantity"",""errorCode"":""400""}"
2767,400,38023.724,"{""message"":""Coupon has no quantity"",""errorCode"":""400""}"
2768,400,37953.171,"{""message"":""Coupon has no quantity"",""errorCode"":""400""}"
2769,400,37979.527,"{""message"":""Coupon has no quantity"",""errorCode"":""400""}"
2770,400,37992.482,"{""message"":""Coupon has no quantity"",""errorCode"":""400""}"
2771,400,39371.068,"{""message"":""Coupon has no quantity"",""errorCode"":""400""}"
2772,400,38015.477,"{""message"":""Coupon has no quantity"",""errorCode"":""400""}"
2773,400,38025.154,"{""message"":""Coupon has no quantity"",""errorCode"":""400""}"
2774,400,38036.505,"{""message"":""Coupon has no quantity"",""errorCode"":""400""}"
2775,400,38050.148,"{""message"":""Coupon has no quantity"",""errorCode"":""400""}"
2776,400,38061.576,"{""message"":""Coupon has no quantity"",""errorCode"":""400""}"
2777,400,38071.119,"{""message"":""Coupon has no quantity"",""errorCode"":""400""}"
2778,400,38078.899,"{""message"":""Coupon has no quantity"",""errorCode"":""400""}"
2779,400,38088.666,"{""message"":""Coupon has no quantity"",""errorCode"":""400""}"
2780,400,38100.204,"{""message"":""Coupon has no quantity"",""errorCode"":""400""}"
2781,400,38121.178,"{""message"":""Coupon has no quantity"",""errorCode"":""400""}"
2782,400,38108.069,"{""message"":""Coupon has no quantity"",""errorCode"":""400""}"
2783,400,38126.31,"{""message"":""Coupon has no quantity"",""errorCode"":""400""}"
2784,400,38141.113,"{""message"":""Coupon has no quantity"",""errorCode"":""400""}"
2785,400,38149.352,"{""message"":""Coupon has no quantity"",""errorCode"":""400""}"
2786,400,38158.09,"{""message"":""Coupon has no quantity"",""errorCode"":""400""}"
2787,400,38165.0,"{""message"":""Coupon has no quantity"",""errorCode"":""400""}"
2788,400,38173.196,"{""message"":""Coupon has no quantity"",""errorCode"":""400""}"
2789,400,38179.629,"{""message"":""Coupon has no quantity"",""errorCode"":""400""}"
2790,400,38186.019,"{""message"":""Coupon has no quantity"",""errorCode"":""400""}"
2791,400,38203.741,"{""message"":""Coupon has no quantity"",""errorCode"":""400""}"
2792,400,36699.541,"{""message"":""Coupon has no quantity"",""errorCode"":""400""}"
2793,400,38188.275,"{""message"":""Coupon has no quantity"",""errorCode"":""400""}"
2794,400,36710.605,"{""message"":""Coupon has no quantity"",""errorCode"":""400""}"
2795,400,38236.99,"{""message"":""Coupon has no quantity"",""errorCode"":""400""}"
2796,400,38250.565,"{""message"":""Coupon has no quantity"",""errorCode"":""400""}"
2797,400,38259.816,"{""message"":""Coupon has no quantity"",""errorCode"":""400""}"
2798,400,38265.538,"{""message"":""Coupon has no quantity"",""errorCode"":""400""}"
2799,400,38274.761,"{""message"":""Coupon has no quantity"",""errorCode"":""400""}"
2800,400,36823.498,"{""message"":""Coupon has no quantity"",""errorCode"":""400""}"
2801,400,38308.527,"{""message"":""Coupon has no quantity"",""errorCode"":""400""}"
2802,400,38326.598,"{""message"":""Coupon has no quantity"",""errorCode"":""400""}"
2803,400,38338.07,"{""message"":""Coupon has no quantity"",""errorCode"":""400""}"
2804,400,38345.657,"{""message"":""Coupon has no quantity"",""errorCode"":""400""}"
2805,400,39962.144,"{""message"":""Coupon has no quantity"",""errorCode"":""400""}"
2806,400,38351.977,"{""message"":""Coupon has no quantity"",""errorCode"":""400""}"
2807,400,38370.07,"{""message"":""Coupon has no quantity"",""errorCode"":""400""}"
2808,400,38375.848,"{""message"":""Coupon has no quantity"",""errorCode"":""400""}"
2809,400,38385.631,"{""message"":""Coupon has no quantity"",""errorCode"":""400""}"
2810,400,38403.416,"{""message"":""Coupon has no quantity"",""errorCode"":""400""}"
2811,400,38418.642,"{""message"":""Coupon has no quantity"",""errorCode"":""400""}"
2812,400,38429.68,"{""message"":""Coupon has no quantity"",""errorCode"":""400""}"
2813,400,37074.194,"{""message"":""Coupon has no quantity"",""errorCode"":""400""}"
2814,400,38448.339,"{""message"":""Coupon has no quantity"",""errorCode"":""400""}"
2815,400,38458.097,"{""message"":""Coupon has no quantity"",""errorCode"":""400""}"
2816,400,38465.829,"{""message"":""Coupon has no quantity"",""errorCode"":""400""}"
2817,400,38590.83,"{""message"":""Coupon has no quantity"",""errorCode"":""400""}"
2818,400,38472.418,"{""message"":""Coupon has no quantity"",""errorCode"":""400""}"
2819,400,38483.343,"{""message"":""Coupon has no quantity"",""errorCode"":""400""}"
2820,400,38499.106,"{""message"":""Coupon has no quantity"",""errorCode"":""400""}"
2821,400,38507.731,"{""message"":""Coupon has no quantity"",""errorCode"":""400""}"
2822,400,38520.067,"{""message"":""Coupon has no quantity"",""errorCode"":""400""}"
2823,400,38530.597,"{""message"":""Coupon has no quantity"",""errorCode"":""400""}"
2824,400,38539.275,"{""message"":""Coupon has no quantity"",""errorCode"":""400""}"
2825,400,38549.23,"{""message"":""Coupon has no quantity"",""errorCode"":""400""}"
2826,400,38557.02,"{""message"":""Coupon has no quantity"",""errorCode"":""400""}"
2827,400,37259.707,"{""message"":""Coupon has no quantity"",""errorCode"":""400""}"
2828,400,38591.265,"{""message"":""Coupon has no quantity"",""errorCode"":""400""}"
2829,400,38600.27,"{""message"":""Coupon has no quantity"",""errorCode"":""400""}"
2830,400,38609.038,"{""message"":""Coupon has no quantity"",""errorCode"":""400""}"
2831,400,37302.131,"{""message"":""Coupon has no quantity"",""errorCode"":""400""}"
2832,400,38630.923,"{""message"":""Coupon has no quantity"",""errorCode"":""400""}"
2833,400,38641.417,"{""message"":""Coupon has no quantity"",""errorCode"":""400""}"
2834,400,38657.154,"{""message"":""Coupon has no quantity"",""errorCode"":""400""}"
2835,400,38687.798,"{""message"":""Coupon has no quantity"",""errorCode"":""400""}"
2836,400,40471.072,"{""message"":""Coupon has no quantity"",""errorCode"":""400""}"
2837,400,37399.878,"{""message"":""Coupon has no quantity"",""errorCode"":""400""}"
2838,400,38728.368,"{""message"":""Coupon has no quantity"",""errorCode"":""400""}"
2839,400,38748.359,"{""message"":""Coupon has no quantity"",""errorCode"":""400""}"
2840,400,38756.311,"{""message"":""Coupon has no quantity"",""errorCode"":""400""}"
2841,400,38766.381,"{""message"":""Coupon has no quantity"",""errorCode"":""400""}"
2842,400,38777.085,"{""message"":""Coupon has no quantity"",""errorCode"":""400""}"
2843,400,38787.725,"{""message"":""Coupon has no quantity"",""errorCode"":""400""}"
2844,400,38798.846,"{""message"":""Coupon has no quantity"",""errorCode"":""400""}"
2845,400,37494.62,"{""message"":""Coupon has no quantity"",""errorCode"":""400""}"
2846,400,38831.692,"{""message"":""Coupon has no quantity"",""errorCode"":""400""}"
2847,400,38853.556,"{""message"":""Coupon has no quantity"",""errorCode"":""400""}"
2848,400,38879.15,"{""message"":""Coupon has no quantity"",""errorCode"":""400""}"
2849,400,38889.99,"{""message"":""Coupon has no quantity"",""errorCode"":""400""}"
2850,400,37573.14,"{""message"":""Coupon has no quantity"",""errorCode"":""400""}"
2851,400,38909.756,"{""message"":""Coupon has no quantity"",""errorCode"":""400""}"
2852,400,38922.924,"{""message"":""Coupon has no quantity"",""errorCode"":""400""}"
2853,400,38933.379,"{""message"":""Coupon has no quantity"",""errorCode"":""400""}"
2854,400,38942.486,"{""message"":""Coupon has no quantity"",""errorCode"":""400""}"
2855,400,37646.371,"{""message"":""Coupon has no quantity"",""errorCode"":""400""}"
2856,400,38949.935,"{""message"":""Coupon has no quantity"",""errorCode"":""400""}"
2857,400,38995.124,"{""message"":""Coupon has no quantity"",""errorCode"":""400""}"
2858,400,38979.992,"{""message"":""Coupon has no quantity"",""errorCode"":""400""}"
2859,400,39018.492,"{""message"":""Coupon has no quantity"",""errorCode"":""400""}"
2860,400,39001.882,"{""message"":""Coupon has no quantity"",""errorCode"":""400""}"
2861,400,40715.707,"{""message"":""Coupon has no quantity"",""errorCode"":""400""}"
2862,400,40728.316,"{""message"":""Coupon has no quantity"",""errorCode"":""400""}"
2863,400,39066.889,"{""message"":""Coupon has no quantity"",""errorCode"":""400""}"
2864,400,39092.637,"{""message"":""Coupon has no quantity"",""errorCode"":""400""}"
2865,400,39076.853,"{""message"":""Coupon has no quantity"",""errorCode"":""400""}"
2866,400,39103.325,"{""message"":""Coupon has no quantity"",""errorCode"":""400""}"
2867,400,39124.364,"{""message"":""Coupon has no quantity"",""errorCode"":""400""}"
2868,400,39110.059,"{""message"":""Coupon has no quantity"",""errorCode"":""400""}"
2869,400,37765.799,"{""message"":""Coupon has no quantity"",""errorCode"":""400""}"
2870,400,39170.939,"{""message"":""Coupon has no quantity"",""errorCode"":""400""}"
2871,400,39150.504,"{""message"":""Coupon has no quantity"",""errorCode"":""400""}"
2872,400,39189.504,"{""message"":""Coupon has no quantity"",""errorCode"":""400""}"
2873,400,39205.569,"{""message"":""Coupon has no quantity"",""errorCode"":""400""}"
2874,400,39214.413,"{""message"":""Coupon has no quantity"",""errorCode"":""400""}"
2875,400,39225.791,"{""message"":""Coupon has no quantity"",""errorCode"":""400""}"
2876,400,39250.534,"{""message"":""Coupon has no quantity"",""errorCode"":""400""}"
2877,400,39235.028,"{""message"":""Coupon has no quantity"",""errorCode"":""400""}"
2878,400,39259.944,"{""message"":""Coupon has no quantity"",""errorCode"":""400""}"
2879,400,39269.654,"{""message"":""Coupon has no quantity"",""errorCode"":""400""}"
2880,400,39280.16,"{""message"":""Coupon has no quantity"",""errorCode"":""400""}"
2881,400,39292.213,"{""message"":""Coupon has no quantity"",""errorCode"":""400""}"
2882,400,39306.386,"{""message"":""Coupon has no quantity"",""errorCode"":""400""}"
2883,400,39341.35,"{""message"":""Coupon has no quantity"",""errorCode"":""400""}"
2884,400,39321.949,"{""message"":""Coupon has no quantity"",""errorCode"":""400""}"
2885,400,39357.614,"{""message"":""Coupon has no quantity"",""errorCode"":""400""}"
2886,400,39366.384,"{""message"":""Coupon has no quantity"",""errorCode"":""400""}"
2887,400,39378.481,"{""message"":""Coupon has no quantity"",""errorCode"":""400""}"
2888,400,39387.165,"{""message"":""Coupon has no quantity"",""errorCode"":""400""}"
2889,400,39395.923,"{""message"":""Coupon has no quantity"",""errorCode"":""400""}"
2890,400,39405.086,"{""message"":""Coupon has no quantity"",""errorCode"":""400""}"
2891,400,39417.201,"{""message"":""Coupon has no quantity"",""errorCode"":""400""}"
2892,400,39487.11,"{""message"":""Coupon has no quantity"",""errorCode"":""400""}"
2893,400,39442.183,"{""message"":""Coupon has no quantity"",""errorCode"":""400""}"
2894,400,39422.377,"{""message"":""Coupon has no quantity"",""errorCode"":""400""}"
2895,400,39453.416,"{""message"":""Coupon has no quantity"",""errorCode"":""400""}"
2896,400,39463.55,"{""message"":""Coupon has no quantity"",""errorCode"":""400""}"
2897,400,39507.51,"{""message"":""Coupon has no quantity"",""errorCode"":""400""}"
2898,400,41134.976,"{""message"":""Coupon has no quantity"",""errorCode"":""400""}"
2899,400,39597.027,"{""message"":""Coupon has no quantity"",""errorCode"":""400""}"
2900,400,39625.138,"{""message"":""Coupon has no quantity"",""errorCode"":""400""}"
2901,400,39658.475,"{""message"":""Coupon has no quantity"",""errorCode"":""400""}"
2902,400,39676.112,"{""message"":""Coupon has no quantity"",""errorCode"":""400""}"
2903,400,39702.532,"{""message"":""Coupon has no quantity"",""errorCode"":""400""}"
2904,400,38125.399,"{""message"":""Coupon has no quantity"",""errorCode"":""400""}"
2905,400,39849.493,"{""message"":""Coupon has no quantity"",""errorCode"":""400""}"
2906,400,39766.735,"{""message"":""Coupon has no quantity"",""errorCode"":""400""}"
2907,400,39787.408,"{""message"":""Coupon has no quantity"",""errorCode"":""400""}"
2908,400,39864.785,"{""message"":""Coupon has no quantity"",""errorCode"":""400""}"
2909,400,39881.751,"{""message"":""Coupon has no quantity"",""errorCode"":""400""}"
2910,400,39897.008,"{""message"":""Coupon has no quantity"",""errorCode"":""400""}"
2911,400,39906.482,"{""message"":""Coupon has no quantity"",""errorCode"":""400""}"
2912,400,39917.73,"{""message"":""Coupon has no quantity"",""errorCode"":""400""}"
2913,400,39932.125,"{""message"":""Coupon has no quantity"",""errorCode"":""400""}"
2914,400,40003.675,"{""message"":""Coupon has no quantity"",""errorCode"":""400""}"
2915,400,39944.845,"{""message"":""Coupon has no quantity"",""errorCode"":""400""}"
2916,400,39981.639,"{""message"":""Coupon has no quantity"",""errorCode"":""400""}"
2917,400,40013.958,"{""message"":""Coupon has no quantity"",""errorCode"":""400""}"
2918,400,40033.109,"{""message"":""Coupon has no quantity"",""errorCode"":""400""}"
2919,400,40049.471,"{""message"":""Coupon has no quantity"",""errorCode"":""400""}"
2920,400,40087.951,"{""message"":""Coupon has no quantity"",""errorCode"":""400""}"
2921,400,40059.558,"{""message"":""Coupon has no quantity"",""errorCode"":""400""}"
2922,400,40071.77,"{""message"":""Coupon has no quantity"",""errorCode"":""400""}"
2923,400,40089.6,"{""message"":""Coupon has no quantity"",""errorCode"":""400""}"
2924,400,40096.358,"{""message"":""Coupon has no quantity"",""errorCode"":""400""}"
2925,400,40115.302,"{""message"":""Coupon has no quantity"",""errorCode"":""400""}"
2926,400,40100.98,"{""message"":""Coupon has no quantity"",""errorCode"":""400""}"
2927,400,40123.977,"{""message"":""Coupon has no quantity"",""errorCode"":""400""}"
2928,400,40133.787,"{""message"":""Coupon has no quantity"",""errorCode"":""400""}"
2929,400,40143.609,"{""message"":""Coupon has no quantity"",""errorCode"":""400""}"
2930,400,40151.297,"{""message"":""Coupon has no quantity"",""errorCode"":""400""}"
2931,400,40172.059,"{""message"":""Coupon has no quantity"",""errorCode"":""400""}"
2932,400,40156.279,"{""message"":""Coupon has no quantity"",""errorCode"":""400""}"
2933,400,40175.792,"{""message"":""Coupon has no quantity"",""errorCode"":""400""}"
2934,400,38452.872,"{""message"":""Coupon has no quantity"",""errorCode"":""400""}"
2935,400,40221.734,"{""message"":""Coupon has no quantity"",""errorCode"":""400""}"
2936,400,40233.801,"{""message"":""Coupon has no quantity"",""errorCode"":""400""}"
2937,400,40241.814,"{""message"":""Coupon has no quantity"",""errorCode"":""400""}"
2938,400,40249.301,"{""message"":""Coupon has no quantity"",""errorCode"":""400""}"
2939,400,40269.651,"{""message"":""Coupon has no quantity"",""errorCode"":""400""}"
2940,400,40257.949,"{""message"":""Coupon has no quantity"",""errorCode"":""400""}"
2941,400,40275.921,"{""message"":""Coupon has no quantity"",""errorCode"":""400""}"
2942,400,40286.626,"{""message"":""Coupon has no quantity"",""errorCode"":""400""}"
2943,400,40296.272,"{""message"":""Coupon has no quantity"",""errorCode"":""400""}"
2944,400,40307.835,"{""message"":""Coupon has no quantity"",""errorCode"":""400""}"
2945,400,40317.648,"{""message"":""Coupon has no quantity"",""errorCode"":""400""}"
2946,400,40328.148,"{""message"":""Coupon has no quantity"",""errorCode"":""400""}"
2947,400,40338.645,"{""message"":""Coupon has no quantity"",""errorCode"":""400""}"
2948,400,40348.331,"{""message"":""Coupon has no quantity"",""errorCode"":""400""}"
2949,400,40355.266,"{""message"":""Coupon has no quantity"",""errorCode"":""400""}"
2950,400,40363.501,"{""message"":""Coupon has no quantity"",""errorCode"":""400""}"
2951,400,40370.921,"{""message"":""Coupon has no quantity"",""errorCode"":""400""}"
2952,400,40378.677,"{""message"":""Coupon has no quantity"",""errorCode"":""400""}"
2953,400,40388.589,"{""message"":""Coupon has no quantity"",""errorCode"":""400""}"
2954,400,40398.978,"{""message"":""Coupon has no quantity"",""errorCode"":""400""}"
2955,400,40410.957,"{""message"":""Coupon has no quantity"",""errorCode"":""400""}"
2956,400,40434.5,"{""message"":""Coupon has no quantity"",""errorCode"":""400""}"
2957,400,40446.074,"{""message"":""Coupon has no quantity"",""errorCode"":""400""}"
2958,400,40417.426,"{""message"":""Coupon has no quantity"",""errorCode"":""400""}"
2959,400,38791.942,"{""message"":""Coupon has no quantity"",""errorCode"":""400""}"
2960,400,38776.246,"{""message"":""Coupon has no quantity"",""errorCode"":""400""}"
2961,400,40479.685,"{""message"":""Coupon has no quantity"",""errorCode"":""400""}"
2962,400,40490.31,"{""message"":""Coupon has no quantity"",""errorCode"":""400""}"
2963,400,40500.676,"{""message"":""Coupon has no quantity"",""errorCode"":""400""}"
2964,400,40511.417,"{""message"":""Coupon has no quantity"",""errorCode"":""400""}"
2965,400,40526.241,"{""message"":""Coupon has no quantity"",""errorCode"":""400""}"
2966,400,40540.014,"{""message"":""Coupon has no quantity"",""errorCode"":""400""}"
2967,400,40556.747,"{""message"":""Coupon has no quantity"",""errorCode"":""400""}"
2968,400,40574.212,"{""message"":""Coupon has no quantity"",""errorCode"":""400""}"
2969,400,40620.926,"{""message"":""Coupon has no quantity"",""errorCode"":""400""}"
2970,400,40587.881,"{""message"":""Coupon has no quantity"",""errorCode"":""400""}"
2971,400,40600.746,"{""message"":""Coupon has no quantity"",""errorCode"":""400""}"
2972,400,40625.35,"{""message"":""Coupon has no quantity"",""errorCode"":""400""}"
2973,400,40634.981,"{""message"":""Coupon has no quantity"",""errorCode"":""400""}"
2974,400,40654.667,"{""message"":""Coupon has no quantity"",""errorCode"":""400""}"
2975,400,40639.199,"{""message"":""Coupon has no quantity"",""errorCode"":""400""}"
2976,400,40662.473,"{""message"":""Coupon has no quantity"",""errorCode"":""400""}"
2977,400,40673.598,"{""message"":""Coupon has no quantity"",""errorCode"":""400""}"
2978,400,40681.689,"{""message"":""Coupon has no quantity"",""errorCode"":""400""}"
2979,400,40689.205,"{""message"":""Coupon has no quantity"",""errorCode"":""400""}"
2980,400,40708.497,"{""message"":""Coupon has no quantity"",""errorCode"":""400""}"
2981,400,40694.958,"{""message"":""Coupon has no quantity"",""errorCode"":""400""}"
2982,400,40716.805,"{""message"":""Coupon has no quantity"",""errorCode"":""400""}"
2983,400,40722.794,"{""message"":""Coupon has no quantity"",""errorCode"":""400""}"
2984,400,40729.613,"{""message"":""Coupon has no quantity"",""errorCode"":""400""}"
2985,400,40742.598,"{""message"":""Coupon has no quantity"",""errorCode"":""400""}"
2986,400,40753.089,"{""message"":""Coupon has no quantity"",""errorCode"":""400""}"
2987,400,40772.757,"{""message"":""Coupon has no quantity"",""errorCode"":""400""}"
2988,400,40761.098,"{""message"":""Coupon has no quantity"",""errorCode"":""400""}"
2989,400,40779.482,"{""message"":""Coupon has no quantity"",""errorCode"":""400""}"
2990,400,40789.384,"{""message"":""Coupon has no quantity"",""errorCode"":""400""}"
2991,400,40797.644,"{""message"":""Coupon has no quantity"",""errorCode"":""400""}"
2992,400,40822.958,"{""message"":""Coupon has no quantity"",""errorCode"":""400""}"
2993,400,40805.628,"{""message"":""Coupon has no quantity"",""errorCode"":""400""}"
2994,400,40834.062,"{""message"":""Coupon has no quantity"",""errorCode"":""400""}"
2995,400,40853.187,"{""message"":""Coupon has no quantity"",""errorCode"":""400""}"
2996,400,39306.209,"{""message"":""Coupon has no quantity"",""errorCode"":""400""}"
2997,400,40876.692,"{""message"":""Coupon has no quantity"",""errorCode"":""400""}"
2998,400,40887.658,"{""message"":""Coupon has no quantity"",""errorCode"":""400""}"
2999,400,40897.159,"{""message"":""Coupon has no quantity"",""errorCode"":""400""}"
