idx,status,elapsed_ms,error
0,200,91.493,
1,200,1039.523,
2,200,1334.235,
3,200,9797.194,
4,200,1599.612,
5,200,924.672,
6,200,420.159,
7,200,3701.337,
8,200,3325.775,
9,200,2551.322,
10,200,9432.341,
11,200,8267.716,
12,200,297.488,
13,200,2647.878,
14,200,8660.378,
15,200,229.934,
16,200,2591.259,
17,200,3571.851,
18,200,10955.68,
19,200,2192.532,
20,200,5645.184,
21,200,1643.749,
22,200,614.174,
23,200,91.774,
24,200,5183.903,
25,200,6220.822,
26,200,8432.521,
27,200,3227.884,
28,200,4778.871,
29,200,6457.708,
30,200,1355.476,
31,200,9088.059,
32,200,2378.501,
33,200,2108.191,
34,200,1071.129,
35,200,1174.195,
36,200,2622.669,
37,200,88.987,
38,200,980.941,
39,200,19099.999,
40,200,10009.654,
41,200,14728.286,
42,200,2999.653,
43,200,267.968,
44,200,1454.624,
45,200,16819.119,
46,200,1722.123,
47,200,15023.681,
48,200,11723.672,
49,200,18630.985,
50,200,2181.414,
51,200,4427.011,
52,200,1152.484,
53,200,11589.125,
54,200,6044.924,
55,200,16846.983,
56,200,2340.456,
57,200,8426.967,
58,200,9547.823,
59,200,12686.985,
60,200,7241.792,
61,200,8086.57,
62,200,4435.728,
63,200,5180.645,
64,200,17107.601,
65,200,429.296,
66,200,1604.366,
67,200,5376.945,
68,200,6404.218,
69,200,9020.453,
70,200,6508.034,
71,200,1691.753,
72,200,4925.041,
73,200,666.47,
74,200,3471.127,
75,200,2157.958,
76,200,9331.954,
77,200,1015.763,
78,200,16888.616,
79,200,789.014,
80,200,507.221,
81,200,894.524,
82,200,10417.944,
83,200,7410.121,
84,200,7335.951,
85,200,4662.774,
86,200,303.844,
87,200,1789.362,
88,200,4709.625,
89,200,2707.779,
90,200,554.795,
91,200,4210.224,
92,200,3473.628,
93,200,3704.844,
94,200,1183.593,
95,200,8491.984,
96,200,10022.345,
97,200,2921.681,
98,200,1218.517,
99,200,183.355,
100,200,6325.209,
101,200,862.536,
102,200,1671.847,
103,200,1627.005,
104,200,6530.071,
105,200,13736.76,
106,200,1377.588,
107,200,4431.603,
108,200,3829.054,
109,200,9123.325,
110,200,5310.617,
111,200,9791.11,
112,200,10412.79,
113,200,6682.982,
114,200,519.353,
115,200,8729.912,
116,200,4375.28,
117,200,5350.833,
118,200,2369.374,
119,200,6756.043,
120,200,5836.657,
121,200,9608.867,
122,200,978.304,
123,200,11002.654,
124,200,7319.691,
125,200,1737.446,
126,200,2388.972,
127,200,3970.202,
128,200,4103.85,
129,200,2602.011,
130,200,1503.36,
131,200,1221.111,
132,200,5180.194,
133,200,3863.004,
134,200,9480.239,
135,200,13624.24,
136,200,3371.808,
137,200,1655.459,
138,200,5704.921,
139,200,3987.266,
140,200,7074.232,
141,200,7914.503,
142,200,4221.055,
143,200,1925.888,
144,200,1798.384,
145,200,3470.227,
146,200,9982.926,
147,200,4526.53,
148,200,4928.716,
149,200,2039.232,
150,200,274.758,
151,200,18055.911,
152,200,28825.458,
153,200,5863.744,
154,200,8795.314,
155,200,2937.935,
156,200,16147.859,
157,200,4556.729,
158,200,10657.907,
159,200,3019.031,
160,200,10390.812,
161,200,3717.423,
162,200,10007.603,
163,200,18693.894,
164,200,2871.832,
165,200,3613.848,
166,200,4196.256,
167,200,11349.176,
168,200,3323.233,
169,200,5334.882,
170,200,3783.275,
171,200,7557.345,
172,200,4729.599,
173,200,6891.469,
174,200,3490.058,
175,200,24117.25,
176,200,6335.397,
177,200,10897.826,
178,200,7195.453,
179,200,6749.262,
180,200,4876.693,
181,200,7220.077,
182,200,8269.783,
183,200,6623.7,
184,200,20898.894,
185,200,6197.102,
186,200,7377.671,
187,200,5703.645,
188,200,11145.505,
189,200,5151.532,
190,200,9445.573,
191,200,9582.228,
192,200,13290.888,
193,200,6300.919,
194,200,7039.552,
195,200,19403.306,
196,200,5344.659,
197,200,4869.254,
198,200,9215.538,
199,200,7778.723,
200,200,5287.872,
201,200,6530.838,
202,200,16372.719,
203,200,11402.491,
204,200,5375.61,
205,200,11126.949,
206,200,13660.312,
207,200,8312.681,
208,500,30116.747,"{""timestamp"":""2026-08-16T21:25:57.741+00:00"",""status"":500,""error"":""Internal Server Error"",""path"":""/api/bench/issue/1""}"
209,200,19644.704,
210,200,7217.925,
211,200,9928.589,
212,200,5414.334,
213,200,14202.657,
214,200,5772.98,
215,200,5713.085,
216,200,15675.715,
217,200,6557.709,
218,200,6590.276,
219,200,6784.118,
220,200,8958.789,
221,200,10020.602,
222,200,6035.099,
223,200,8312.691,
224,200,17776.809,
225,200,6301.562,
226,200,6642.4,
227,200,9678.756,
228,200,8641.006,
229,200,6387.49,
230,200,9311.334,
231,200,8889.799,
232,200,12676.994,
233,200,9699.487,
234,200,10845.903,
235,200,13414.385,
236,200,7297.501,
237,200,15704.859,
238,200,10385.329,
239,200,6852.179,
240,200,7787.164,
241,200,19941.559,
242,200,8505.462,
243,200,9916.466,
244,200,10185.059,
245,200,9211.558,
246,200,9070.969,
247,200,7177.121,
248,200,7093.173,
249,200,8556.755,
250,200,7436.92,
251,200,10070.213,
252,200,8629.283,
253,200,13112.242,
254,200,13235.783,
255,200,10587.652,
256,200,11029.314,
257,200,11179.454,
258,200,11907.957,
259,200,10849.354,
260,200,7525.194,
261,200,10873.946,
262,200,8256.051,
263,200,18312.93,
264,200,10449.685,
265,200,7820.081,
266,200,11923.706,
267,200,12827.834,
268,200,10241.534,
269,200,11967.811,
270,200,16904.603,
271,200,8102.114,
272,200,11713.851,
273,200,8945.235,
274,200,9105.652,
275,200,17403.836,
276,200,17550.02,
277,200,9653.845,
278,200,13520.619,
279,200,8894.353,
280,200,18918.222,
281,200,10027.612,
282,200,10246.057,
283,200,14383.898,
284,200,12390.44,
285,200,18390.59,
286,200,13886.424,
287,200,8723.035,
288,200,17423.351,
289,200,9395.975,
290,200,17106.933,
291,200,13398.326,
292,200,9891.621,
293,200,11075.973,
294,200,9686.907,
295,200,10568.855,
296,200,9942.497,
297,200,9411.381,
298,200,10416.073,
299,200,12145.232,
300,-1,3.67,URLError: <urlopen error [WinError 10014] 호출에 대한 포인터 인수를 사용하려는 동안 시스템에서 잘못된 포인터 주소를 감지했습니다>
301,-1,3.993,URLError: <urlopen error [WinError 10014] 호출에 대한 포인터 인수를 사용하려는 동안 시스템에서 잘못된 포인터 주소를 감지했습니다>
302,200,9475.786,
303,-1,2.874,URLError: <urlopen error [WinError 10014] 호출에 대한 포인터 인수를 사용하려는 동안 시스템에서 잘못된 포인터 주소를 감지했습니다>
304,200,9813.918,
305,-1,7.451,URLError: <urlopen error [WinError 10014] 호출에 대한 포인터 인수를 사용하려는 동안 시스템에서 잘못된 포인터 주소를 감지했습니다>
306,-1,8.674,URLError: <urlopen error [WinError 10014] 호출에 대한 포인터 인수를 사용하려는 동안 시스템에서 잘못된 포인터 주소를 감지했습니다>
307,200,10726.824,
308,-1,4.587,URLError: <urlopen error [WinError 10014] 호출에 대한 포인터 인수를 사용하려는 동안 시스템에서 잘못된 포인터 주소를 감지했습니다>
309,-1,3.417,URLError: <urlopen error [WinError 10014] 호출에 대한 포인터 인수를 사용하려는 동안 시스템에서 잘못된 포인터 주소를 감지했습니다>
310,-1,3.624,URLError: <urlopen error [WinError 10014] 호출에 대한 포인터 인수를 사용하려는 동안 시스템에서 잘못된 포인터 주소를 감지했습니다>
311,200,11384.056,
312,-1,3.931,URLError: <urlopen error [WinError 10014] 호출에 대한 포인터 인수를 사용하려는 동안 시스템에서 잘못된 포인터 주소를 감지했습니다>
313,-1,4.989,URLError: <urlopen error [WinError 10014] 호출에 대한 포인터 인수를 사용하려는 동안 시스템에서 잘못된 포인터 주소를 감지했습니다>
314,200,15044.277,
315,-1,7.272,URLError: <urlopen error [WinError 10014] 호출에 대한 포인터 인수를 사용하려는 동안 시스템에서 잘못된 포인터 주소를 감지했습니다>
316,-1,5.145,URLError: <urlopen error [WinError 10014] 호출에 대한 포인터 인수를 사용하려는 동안 시스템에서 잘못된 포인터 주소를 감지했습니다>
317,-1,7.28,URLError: <urlopen error [WinError 10014] 호출에 대한 포인터 인수를 사용하려는 동안 시스템에서 잘못된 포인터 주소를 감지했습니다>
318,-1,5.609,URLError: <urlopen error [WinError 10014] 호출에 대한 포인터 인수를 사용하려는 동안 시스템에서 잘못된 포인터 주소를 감지했습니다>
319,-1,5.067,URLError: <urlopen error [WinError 10014] 호출에 대한 포인터 인수를 사용하려는 동안 시스템에서 잘못된 포인터 주소를 감지했습니다>
320,-1,5.801,URLError: <urlopen error [WinError 10014] 호출에 대한 포인터 인수를 사용하려는 동안 시스템에서 잘못된 포인터 주소를 감지했습니다>
321,-1,5.131,URLError: <urlopen error [WinError 10014] 호출에 대한 포인터 인수를 사용하려는 동안 시스템에서 잘못된 포인터 주소를 감지했습니다>
322,200,15600.523,
323,200,11759.539,
324,-1,5.649,URLError: <urlopen error [WinError 10014] 호출에 대한 포인터 인수를 사용하려는 동안 시스템에서 잘못된 포인터 주소를 감지했습니다>
325,-1,5.912,URLError: <urlopen error [WinError 10014] 호출에 대한 포인터 인수를 사용하려는 동안 시스템에서 잘못된 포인터 주소를 감지했습니다>
326,-1,2.775,URLError: <urlopen error [WinError 10014] 호출에 대한 포인터 인수를 사용하려는 동안 시스템에서 잘못된 포인터 주소를 감지했습니다>
327,-1,2.784,URLError: <urlopen error [WinError 10014] 호출에 대한 포인터 인수를 사용하려는 동안 시스템에서 잘못된 포인터 주소를 감지했습니다>
328,-1,4.601,URLError: <urlopen error [WinError 10014] 호출에 대한 포인터 인수를 사용하려는 동안 시스템에서 잘못된 포인터 주소를 감지했습니다>
329,-1,5.305,URLError: <urlopen error [WinError 10014] 호출에 대한 포인터 인수를 사용하려는 동안 시스템에서 잘못된 포인터 주소를 감지했습니다>
330,-1,4.822,URLError: <urlopen error [WinError 10014] 호출에 대한 포인터 인수를 사용하려는 동안 시스템에서 잘못된 포인터 주소를 감지했습니다>
331,-1,3.281,URLError: <urlopen error [WinError 10014] 호출에 대한 포인터 인수를 사용하려는 동안 시스템에서 잘못된 포인터 주소를 감지했습니다>
332,-1,4.691,URLError: <urlopen error [WinError 10014] 호출에 대한 포인터 인수를 사용하려는 동안 시스템에서 잘못된 포인터 주소를 감지했습니다>
333,-1,3.514,URLError: <urlopen error [WinError 10014] 호출에 대한 포인터 인수를 사용하려는 동안 시스템에서 잘못된 포인터 주소를 감지했습니다>
334,-1,4.176,URLError: <urlopen error [WinError 10014] 호출에 대한 포인터 인수를 사용하려는 동안 시스템에서 잘못된 포인터 주소를 감지했습니다>
335,200,12592.463,
336,200,16781.401,
337,200,11205.921,
338,200,15085.667,
339,200,13942.119,
340,-1,6.245,URLError: <urlopen error [WinError 10014] 호출에 대한 포인터 인수를 사용하려는 동안 시스템에서 잘못된 포인터 주소를 감지했습니다>
341,200,12534.727,
342,-1,5.906,URLError: <urlopen error [WinError 10014] 호출에 대한 포인터 인수를 사용하려는 동안 시스템에서 잘못된 포인터 주소를 감지했습니다>
343,200,11430.445,
344,-1,10.259,URLError: <urlopen error [WinError 10014] 호출에 대한 포인터 인수를 사용하려는 동안 시스템에서 잘못된 포인터 주소를 감지했습니다>
345,200,16448.709,
346,-1,9.391,URLError: <urlopen error [WinError 10014] 호출에 대한 포인터 인수를 사용하려는 동안 시스템에서 잘못된 포인터 주소를 감지했습니다>
347,-1,5.556,URLError: <urlopen error [WinError 10014] 호출에 대한 포인터 인수를 사용하려는 동안 시스템에서 잘못된 포인터 주소를 감지했습니다>
348,-1,6.728,URLError: <urlopen error [WinError 10014] 호출에 대한 포인터 인수를 사용하려는 동안 시스템에서 잘못된 포인터 주소를 감지했습니다>
349,-1,7.097,URLError: <urlopen error [WinError 10014] 호출에 대한 포인터 인수를 사용하려는 동안 시스템에서 잘못된 포인터 주소를 감지했습니다>
350,200,11305.942,
351,-1,5.69,URLError: <urlopen error [WinError 10014] 호출에 대한 포인터 인수를 사용하려는 동안 시스템에서 잘못된 포인터 주소를 감지했습니다>
352,200,11447.921,
353,200,9648.222,
354,200,11090.46,
355,200,14619.763,
356,200,11378.551,
357,200,12226.659,
358,200,17513.515,
359,200,10765.047,
360,200,18102.106,
361,200,14910.773,
362,200,13826.873,
363,200,10557.646,
364,200,10044.346,
365,200,20258.089,
366,200,17588.729,
367,200,10509.402,
368,200,10351.635,
369,200,18700.063,
370,200,18077.364,
371,200,18092.334,
372,200,14768.574,
373,200,11629.397,
374,200,15904.742,
375,200,18886.831,
376,200,12121.7,
377,200,13578.177,
378,200,12057.818,
379,200,11502.351,
380,200,11191.728,
381,200,11086.29,
382,200,10901.317,
383,200,13438.145,
384,200,13521.693,
385,200,11898.362,
386,200,15186.678,
387,200,11459.435,
388,200,12587.443,
389,200,10979.509,
390,200,14040.696,
391,200,11792.385,
392,200,15546.856,
393,200,15051.589,
394,200,11129.643,
395,200,15687.55,
396,200,11539.137,
397,200,11564.972,
398,200,13911.287,
399,200,11926.588,
400,200,18100.65,
401,200,15929.049,
402,200,13661.737,
403,200,14550.94,
404,200,14854.483,
405,200,12763.268,
406,200,11379.48,
407,200,12254.261,
408,200,19867.421,
409,200,13338.071,
410,200,12810.693,
411,200,12933.677,
412,200,14466.15,
413,200,16484.779,
414,200,13970.817,
415,200,11810.697,
416,200,12712.691,
417,200,12674.869,
418,200,14302.252,
419,200,18087.268,
420,200,21538.277,
421,200,12612.082,
422,200,20360.82,
423,200,17236.859,
424,200,12197.689,
425,200,15695.285,
426,200,12121.247,
427,200,17802.494,
428,200,12283.388,
429,200,14008.995,
430,200,12249.78,
431,200,16035.028,
432,200,14535.896,
433,200,13879.516,
434,200,12866.312,
435,200,15744.831,
436,200,14098.273,
437,200,13023.285,
438,200,13091.234,
439,200,16103.072,
440,200,18503.633,
441,200,12736.465,
442,200,13896.934,
443,200,15051.741,
444,200,19123.824,
445,200,18865.025,
446,200,15757.422,
447,200,13507.209,
448,200,13181.0,
449,200,18743.409,
450,200,13104.663,
451,200,14143.397,
452,200,14342.128,
453,200,23271.173,
454,200,14168.455,
455,200,14847.24,
456,200,16662.341,
457,200,24735.03,
458,200,13366.162,
459,200,13522.546,
460,200,20835.982,
461,200,17565.901,
462,200,13779.286,
463,200,15922.631,
464,200,16326.987,
465,200,14895.809,
466,200,18210.301,
467,200,14253.315,
468,200,13657.279,
469,200,15590.412,
470,200,16418.491,
471,200,14178.203,
472,200,14274.311,
473,200,22888.603,
474,200,22645.53,
475,200,14491.86,
476,200,14331.062,
477,200,16087.859,
478,200,15444.779,
479,200,14517.519,
480,200,18146.014,
481,200,24577.489,
482,200,15236.963,
483,200,18239.215,
484,200,16488.408,
485,200,19243.412,
486,200,16575.312,
487,200,18312.004,
488,200,18279.156,
489,200,15112.517,
490,200,21353.365,
491,200,16149.023,
492,200,15342.471,
493,200,18535.449,
494,200,15137.079,
495,200,20327.932,
496,200,14527.228,
497,200,15031.886,
498,200,15597.005,
499,200,16287.491,
500,200,20448.507,
501,200,19345.819,
502,200,14896.593,
503,200,24208.494,
504,200,15055.196,
505,200,18308.623,
506,200,17531.311,
507,200,17708.995,
508,200,17402.837,
509,200,15255.222,
510,200,16002.342,
511,200,16961.397,
512,200,16377.968,
513,200,16653.142,
514,200,17791.541,
515,400,29618.863,"{""message"":""Coupon has no quantity"",""errorCode"":""400""}"
516,200,18319.617,
517,200,16074.27,
518,200,15451.419,
519,200,16877.205,
520,200,19648.834,
521,200,18598.464,
522,200,16393.554,
523,200,17761.997,
524,200,18970.196,
525,200,20077.983,
526,200,15917.366,
527,200,19320.654,
528,200,17170.169,
529,200,16266.749,
530,200,16149.483,
531,200,19462.448,
532,200,17392.839,
533,200,17844.612,
534,200,18692.351,
535,200,19114.486,
536,200,19496.989,
537,200,19905.121,
538,200,17246.303,
539,200,16168.766,
540,200,19235.22,
541,200,18997.247,
542,200,16787.731,
543,200,17711.115,
544,200,22412.07,
545,200,16717.144,
546,200,19989.238,
547,200,16554.296,
548,200,18146.078,
549,200,20827.274,
550,200,18097.989,
551,200,17544.595,
552,200,17963.0,
553,200,17558.715,
554,200,16725.154,
555,200,17473.521,
556,200,18365.173,
557,200,19226.996,
558,200,16608.272,
559,200,17655.282,
560,200,17028.607,
561,200,17628.375,
562,500,30026.802,"{""timestamp"":""2026-08-16T21:25:58.338+00:00"",""status"":500,""error"":""Internal Server Error"",""path"":""/api/bench/issue/1""}"
563,200,17405.044,
564,200,21388.167,
565,200,19508.307,
566,200,19824.052,
567,200,18446.034,
568,500,30029.153,"{""timestamp"":""2026-08-16T21:25:58.356+00:00"",""status"":500,""error"":""Internal Server Error"",""path"":""/api/bench/issue/1""}"
569,200,19668.761,
570,200,23000.227,
571,200,17330.812,
572,200,20009.117,
573,200,17556.914,
574,200,18828.167,
575,200,17461.213,
576,200,20665.261,
577,200,19427.007,
578,200,21375.971,
579,200,21137.176,
580,200,19664.6,
581,200,18830.879,
582,200,18532.88,
583,200,20111.919,
584,200,20302.522,
585,200,21017.216,
586,200,18422.528,
587,200,18737.422,
588,200,23988.071,
589,200,18864.21,
590,200,20330.385,
591,200,21366.529,
592,200,20406.119,
593,200,19044.7,
594,200,17884.942,
595,200,19334.761,
596,200,19263.776,
597,200,21267.536,
598,200,19227.792,
599,200,17763.73,
600,200,23354.877,
601,200,20789.528,
602,200,21865.255,
603,200,18874.336,
604,200,20932.161,
605,200,18646.695,
606,200,19972.652,
607,200,21956.147,
608,200,18226.979,
609,200,18709.882,
610,200,20510.408,
611,200,18146.619,
612,200,19420.486,
613,200,18387.528,
614,200,18912.763,
615,200,18276.285,
616,200,22040.249,
617,200,19778.605,
618,200,19146.926,
619,200,18481.818,
620,200,25171.548,
621,200,20549.17,
622,200,18696.999,
623,200,19064.215,
624,200,18284.696,
625,200,18552.363,
626,200,22508.175,
627,200,19827.929,
628,200,18613.507,
629,200,25014.89,
630,200,20288.241,
631,200,22841.489,
632,200,19637.097,
633,200,26961.805,
634,200,21294.502,
635,200,21460.834,
636,200,18971.518,
637,200,19120.885,
638,200,19315.242,
639,200,22330.693,
640,200,18598.432,
641,200,21637.443,
642,200,27065.653,
643,200,19537.111,
644,200,20085.042,
645,200,18965.843,
646,200,22496.603,
647,200,24932.728,
648,200,19546.809,
649,200,20884.302,
650,200,22350.542,
651,200,19366.685,
652,200,25729.192,
653,200,21789.798,
654,200,18852.622,
655,200,23804.423,
656,200,19391.081,
657,200,20187.77,
658,200,20503.402,
659,200,25761.831,
660,200,20808.699,
661,200,20275.494,
662,200,20680.688,
663,200,19570.385,
664,200,27263.749,
665,200,21966.217,
666,200,20339.014,
667,200,20059.524,
668,200,25575.221,
669,200,19621.834,
670,200,19964.375,
671,200,21624.174,
672,200,23373.656,
673,200,20451.317,
674,200,20362.542,
675,200,23714.032,
676,200,19277.979,
677,200,20689.811,
678,200,19368.642,
679,200,21899.79,
680,200,20963.044,
681,200,19864.568,
682,200,19966.778,
683,200,19578.67,
684,200,22952.908,
685,200,19375.993,
686,200,20372.75,
687,200,22291.044,
688,200,19480.159,
689,200,20555.394,
690,200,21249.073,
691,200,23822.021,
692,200,22866.176,
693,200,20675.028,
694,200,25321.503,
695,200,20956.687,
696,200,26199.374,
697,200,22805.463,
698,200,20998.82,
699,200,20254.61,
700,200,23399.738,
701,200,21416.341,
702,200,22872.931,
703,200,20581.635,
704,200,19804.482,
705,200,28104.351,
706,200,21043.479,
707,200,20682.172,
708,200,20491.353,
709,200,23451.312,
710,200,20417.637,
711,200,22492.91,
712,200,21187.613,
713,200,23664.244,
714,200,20648.376,
715,200,20023.746,
716,200,20754.987,
717,200,22087.193,
718,200,21308.182,
719,200,20175.905,
720,200,20577.354,
721,200,21612.12,
722,200,21746.631,
723,200,21699.473,
724,200,22958.474,
725,200,20747.259,
726,200,20392.042,
727,200,23041.589,
728,200,21090.318,
729,200,21180.149,
730,200,23002.989,
731,200,25112.609,
732,200,26751.877,
733,200,23924.775,
734,200,28771.043,
735,200,21530.57,
736,200,24915.858,
737,200,21193.494,
738,200,21729.062,
739,200,21089.628,
740,200,23745.58,
741,200,21497.736,
742,200,22455.863,
743,200,20908.566,
744,200,21434.442,
745,200,23467.967,
746,200,20723.051,
747,200,20766.869,
748,200,21249.589,
749,200,21840.402,
750,200,21738.731,
751,200,22075.773,
752,200,23121.766,
753,200,21795.561,
754,200,21239.445,
755,200,22382.155,
756,200,21850.012,
757,200,25868.167,
758,200,23877.125,
759,200,22923.037,
760,200,22300.783,
761,200,22470.309,
762,200,25892.631,
763,200,21538.326,
764,200,26783.878,
765,200,24162.476,
766,200,22170.797,
767,200,24964.823,
768,200,21285.355,
769,200,25161.002,
770,200,22189.4,
771,200,22372.707,
772,200,27069.467,
773,200,22588.288,
774,200,21091.651,
775,200,23781.378,
776,200,21218.965,
777,200,23356.476,
778,200,21743.845,
779,200,25615.71,
780,200,22200.368,
781,200,21889.635,
782,200,23363.035,
783,200,21845.379,
784,200,22796.821,
785,200,23649.373,
786,200,21818.761,
787,200,22158.466,
788,200,23859.462,
789,200,22014.338,
790,200,21793.533,
791,200,28794.26,
792,200,24456.277,
793,200,26004.357,
794,200,22496.487,
795,200,24036.207,
796,200,25247.579,
797,200,21631.46,
798,200,21741.729,
799,200,27932.281,
800,200,22850.96,
801,200,22650.85,
802,200,22320.943,
803,200,24073.716,
804,200,24617.06,
805,200,24582.831,
806,200,26385.971,
807,200,22667.191,
808,200,23561.972,
809,200,23438.049,
810,200,26271.998,
811,200,25398.65,
812,400,30867.512,"{""message"":""Coupon has no quantity"",""errorCode"":""400""}"
813,200,22280.934,
814,200,21986.615,
815,200,23978.687,
816,200,24431.899,
817,200,23192.421,
818,200,28697.059,
819,200,24610.128,
820,200,26698.263,
821,200,22883.713,
822,200,22158.896,
823,200,22385.076,
824,200,24369.033,
825,200,22836.33,
826,200,23822.203,
827,200,23938.054,
828,200,23801.633,
829,200,23142.416,
830,200,22386.968,
831,200,23541.452,
832,200,24062.552,
833,200,24815.55,
834,200,24036.123,
835,200,25281.191,
836,200,23186.732,
837,200,23274.43,
838,200,23049.56,
839,200,25714.908,
840,200,22912.876,
841,200,23068.698,
842,200,22859.391,
843,200,23821.259,
844,200,22517.175,
845,200,24680.9,
846,200,24217.287,
847,200,22604.723,
848,200,23690.093,
849,200,22756.149,
850,200,23526.982,
851,400,29473.829,"{""message"":""Coupon has no quantity"",""errorCode"":""400""}"
852,400,30914.223,"{""message"":""Coupon has no quantity"",""errorCode"":""400""}"
853,200,24416.119,
854,200,24165.715,
855,200,24670.145,
856,200,27733.934,
857,200,22768.454,
858,400,28931.31,"{""message"":""Coupon has no quantity"",""errorCode"":""400""}"
859,200,26050.076,
860,200,27282.534,
861,400,29237.048,"{""message"":""Coupon has no quantity"",""errorCode"":""400""}"
862,200,28323.231,
863,200,26443.655,
864,200,22906.653,
865,200,23611.123,
866,200,25096.722,
867,200,24440.043,
868,200,25434.754,
869,400,29769.395,"{""message"":""Coupon has no quantity"",""errorCode"":""400""}"
870,200,23476.814,
871,200,25266.799,
872,200,23781.638,
873,200,23979.615,
874,200,25319.41,
875,200,26998.617,
876,200,24288.32,
877,200,25634.868,
878,200,25166.479,
879,200,23479.933,
880,200,23320.649,
881,200,24635.634,
882,200,28584.922,
883,200,24151.238,
884,200,27930.105,
885,200,28320.002,
886,200,25748.823,
887,200,25465.171,
888,400,28723.95,"{""message"":""Coupon has no quantity"",""errorCode"":""400""}"
889,400,30047.558,"{""message"":""Coupon has no quantity"",""errorCode"":""400""}"
890,200,24344.141,
891,200,23996.411,
892,200,24902.57,
893,200,24156.901,
894,200,27299.006,
895,200,26334.921,
896,200,24951.505,
897,200,26901.488,
898,200,25063.263,
899,200,24028.673,
900,200,23706.324,
901,200,27784.235,
902,200,23641.814,
903,200,27946.383,
904,200,23899.948,
905,400,29030.283,"{""message"":""Coupon has no quantity"",""errorCode"":""400""}"
906,200,27099.189,
907,200,28450.319,
908,200,28141.788,
909,200,26321.517,
910,200,24075.827,
911,200,23933.186,
912,200,24843.95,
913,400,30450.927,"{""message"":""Coupon has no quantity"",""errorCode"":""400""}"
914,200,26643.126,
915,200,23972.982,
916,200,24721.488,
917,200,26885.909,
918,200,24748.378,
919,200,25843.148,
920,200,24676.355,
921,400,30537.456,"{""message"":""Coupon has no quantity"",""errorCode"":""400""}"
922,200,27111.742,
923,200,24208.356,
924,200,25102.405,
925,200,24431.928,
926,200,25798.765,
927,200,25700.621,
928,200,24354.796,
929,200,25442.086,
930,200,25215.27,
931,200,25271.835,
932,200,25769.231,
933,200,26721.133,
934,200,26035.381,
935,200,26157.512,
936,200,26007.15,
937,200,24612.837,
938,200,24490.653,
939,200,26364.627,
940,400,28986.121,"{""message"":""Coupon has no quantity"",""errorCode"":""400""}"
941,200,24580.764,
942,200,24562.593,
943,400,31193.001,"{""message"":""Coupon has no quantity"",""errorCode"":""400""}"
944,200,24627.251,
945,200,25274.733,
946,200,24958.786,
947,200,24721.84,
948,200,24797.963,
949,200,24684.09,
950,200,26188.818,
951,200,27896.156,
952,400,31241.027,"{""message"":""Coupon has no quantity"",""errorCode"":""400""}"
953,200,27464.33,
954,200,25693.789,
955,400,29518.018,"{""message"":""Coupon has no quantity"",""errorCode"":""400""}"
956,400,29109.67,"{""message"":""Coupon has no quantity"",""errorCode"":""400""}"
957,200,24718.088,
958,400,28556.87,"{""message"":""Coupon has no quantity"",""errorCode"":""400""}"
959,200,28000.366,
960,200,26471.471,
961,200,25828.73,
962,200,24893.165,
963,200,28237.179,
964,200,25039.7,
965,200,25512.96,
966,200,26222.015,
967,200,26904.352,
968,200,25083.0,
969,400,28512.584,"{""message"":""Coupon has no quantity"",""errorCode"":""400""}"
970,200,25514.977,
971,200,25134.458,
972,200,25289.546,
973,200,27907.87,
974,200,25231.061,
975,200,26027.352,
976,200,25603.794,
977,200,25438.288,
978,200,25416.732,
979,400,29434.16,"{""message"":""Coupon has no quantity"",""errorCode"":""400""}"
980,200,25368.484,
981,200,26352.267,
982,400,28516.815,"{""message"":""Coupon has no quantity"",""errorCode"":""400""}"
983,200,26316.362,
984,200,27547.891,
985,400,29999.486,"{""message"":""Coupon has no quantity"",""errorCode"":""400""}"
986,200,28300.014,
987,200,28381.79,
988,200,25685.918,
989,200,26525.867,
990,200,27031.157,
991,400,30516.277,"{""message"":""Coupon has no quantity"",""errorCode"":""400""}"
992,200,25713.271,
993,400,30054.271,"{""message"":""Coupon has no quantity"",""errorCode"":""400""}"
994,200,25474.168,
995,200,26460.573,
996,200,25833.357,
997,200,26547.562,
998,200,25681.649,
999,200,25934.379,
1000,200,25768.63,
1001,400,28466.204,"{""message"":""Coupon has no quantity"",""errorCode"":""400""}"
1002,200,27103.807,
1003,200,26341.56,
1004,200,27193.891,
1005,200,25938.512,
1006,200,25772.697,
1007,200,27264.315,
1008,200,26564.259,
1009,400,29223.308,"{""message"":""Coupon has no quantity"",""errorCode"":""400""}"
1010,200,25730.138,
1011,400,29706.144,"{""message"":""Coupon has no quantity"",""errorCode"":""400""}"
1012,200,28159.946,
1013,200,26707.955,
1014,400,28705.659,"{""message"":""Coupon has no quantity"",""errorCode"":""400""}"
1015,200,26574.245,
1016,400,31326.923,"{""message"":""Coupon has no quantity"",""errorCode"":""400""}"
1017,400,28838.169,"{""message"":""Coupon has no quantity"",""errorCode"":""400""}"
1018,200,27992.96,
1019,200,25849.972,
1020,400,28639.134,"{""message"":""Coupon has no quantity"",""errorCode"":""400""}"
1021,400,28445.474,"{""message"":""Coupon has no quantity"",""errorCode"":""400""}"
1022,400,28612.069,"{""message"":""Coupon has no quantity"",""errorCode"":""400""}"
1023,200,26427.809,
1024,200,28112.0,
1025,400,28477.755,"{""message"":""Coupon has no quantity"",""errorCode"":""400""}"
1026,200,26239.648,
1027,200,1003.105,
1028,400,30532.01,"{""message"":""Coupon has no quantity"",""errorCode"":""400""}"
1029,200,26270.422,
1030,200,27162.872,
1031,200,27907.547,
1032,200,27723.458,
1033,400,28942.491,"{""message"":""Coupon has no quantity"",""errorCode"":""400""}"
1034,200,27424.164,
1035,200,27493.288,
1036,400,29792.715,"{""message"":""Coupon has no quantity"",""errorCode"":""400""}"
1037,400,28568.264,"{""message"":""Coupon has no quantity"",""errorCode"":""400""}"
1038,200,26311.475,
1039,400,30623.553,"{""message"":""Coupon has no quantity"",""errorCode"":""400""}"
1040,400,28319.229,"{""message"":""Coupon has no quantity"",""errorCode"":""400""}"
1041,200,27440.376,
1042,200,26761.945,
1043,200,27166.259,
1044,400,28578.065,"{""message"":""Coupon has no quantity"",""errorCode"":""400""}"
1045,200,27041.172,
1046,200,27855.652,
1047,400,28495.937,"{""message"":""Coupon has no quantity"",""errorCode"":""400""}"
1048,200,27516.497,
1049,400,28280.718,"{""message"":""Coupon has no quantity"",""errorCode"":""400""}"
1050,200,27194.946,
1051,200,27209.295,
1052,200,26526.664,
1053,200,26861.173,
1054,200,27765.187,
1055,400,32899.247,"{""message"":""Coupon has no quantity"",""errorCode"":""400""}"
1056,200,27692.682,
1057,200,26956.097,
1058,200,26666.371,
1059,200,27554.488,
1060,400,28619.478,"{""message"":""Coupon has no quantity"",""errorCode"":""400""}"
1061,200,27733.012,
1062,200,27024.364,
1063,400,30046.696,"{""message"":""Coupon has no quantity"",""errorCode"":""400""}"
1064,200,27043.314,
1065,200,27259.538,
1066,200,27953.308,
1067,400,28492.159,"{""message"":""Coupon has no quantity"",""errorCode"":""400""}"
1068,400,28914.396,"{""message"":""Coupon has no quantity"",""errorCode"":""400""}"
1069,200,27319.999,
1070,400,28266.527,"{""message"":""Coupon has no quantity"",""errorCode"":""400""}"
1071,400,28351.016,"{""message"":""Coupon has no quantity"",""errorCode"":""400""}"
1072,200,27260.717,
1073,400,28669.309,"{""message"":""Coupon has no quantity"",""errorCode"":""400""}"
1074,400,33676.367,"{""message"":""Coupon has no quantity"",""errorCode"":""400""}"
1075,400,28688.576,"{""message"":""Coupon has no quantity"",""errorCode"":""400""}"
1076,200,27942.502,
1077,400,28917.994,"{""message"":""Coupon has no quantity"",""errorCode"":""400""}"
1078,400,28223.377,"{""message"":""Coupon has no quantity"",""errorCode"":""400""}"
1079,400,29333.963,"{""message"":""Coupon has no quantity"",""errorCode"":""400""}"
1080,200,27189.127,
1081,400,28334.689,"{""message"":""Coupon has no quantity"",""errorCode"":""400""}"
1082,400,28203.665,"{""message"":""Coupon has no quantity"",""errorCode"":""400""}"
1083,200,27240.998,
1084,400,28882.885,"{""message"":""Coupon has no quantity"",""errorCode"":""400""}"
1085,200,27445.114,
1086,400,28352.71,"{""message"":""Coupon has no quantity"",""errorCode"":""400""}"
1087,200,27739.504,
1088,200,27280.451,
1089,200,27555.01,
1090,400,28355.814,"{""message"":""Coupon has no quantity"",""errorCode"":""400""}"
1091,400,31082.749,"{""message"":""Coupon has no quantity"",""errorCode"":""400""}"
1092,200,27792.881,
1093,400,28673.723,"{""message"":""Coupon has no quantity"",""errorCode"":""400""}"
1094,400,29032.552,"{""message"":""Coupon has no quantity"",""errorCode"":""400""}"
1095,400,29108.841,"{""message"":""Coupon has no quantity"",""errorCode"":""400""}"
1096,400,28731.068,"{""message"":""Coupon has no quantity"",""errorCode"":""400""}"
1097,200,27599.812,
1098,200,27888.193,
1099,400,28381.482,"{""message"":""Coupon has no quantity"",""errorCode"":""400""}"
1100,200,27498.905,
1101,400,28516.863,"{""message"":""Coupon has no quantity"",""errorCode"":""400""}"
1102,400,29106.547,"{""message"":""Coupon has no quantity"",""errorCode"":""400""}"
1103,200,27958.692,
1104,400,29080.124,"{""message"":""Coupon has no quantity"",""errorCode"":""400""}"
1105,400,28403.299,"{""message"":""Coupon has no quantity"",""errorCode"":""400""}"
1106,400,28511.485,"{""message"":""Coupon has no quantity"",""errorCode"":""400""}"
1107,400,28276.868,"{""message"":""Coupon has no quantity"",""errorCode"":""400""}"
1108,400,29159.665,"{""message"":""Coupon has no quantity"",""errorCode"":""400""}"
1109,400,29363.71,"{""message"":""Coupon has no quantity"",""errorCode"":""400""}"
1110,400,28453.92,"{""message"":""Coupon has no quantity"",""errorCode"":""400""}"
1111,400,28884.366,"{""message"":""Coupon has no quantity"",""errorCode"":""400""}"
1112,400,31036.913,"{""message"":""Coupon has no quantity"",""errorCode"":""400""}"
1113,400,29028.52,"{""message"":""Coupon has no quantity"",""errorCode"":""400""}"
1114,400,29769.51,"{""message"":""Coupon has no quantity"",""errorCode"":""400""}"
1115,400,29085.399,"{""message"":""Coupon has no quantity"",""errorCode"":""400""}"
1116,400,28269.361,"{""message"":""Coupon has no quantity"",""errorCode"":""400""}"
1117,400,29152.06,"{""message"":""Coupon has no quantity"",""errorCode"":""400""}"
1118,400,28196.256,"{""message"":""Coupon has no quantity"",""errorCode"":""400""}"
1119,400,28308.31,"{""message"":""Coupon has no quantity"",""errorCode"":""400""}"
1120,400,28128.339,"{""message"":""Coupon has no quantity"",""errorCode"":""400""}"
1121,200,28039.507,
1122,400,28306.237,"{""message"":""Coupon has no quantity"",""errorCode"":""400""}"
1123,400,29078.767,"{""message"":""Coupon has no quantity"",""errorCode"":""400""}"
1124,400,28393.647,"{""message"":""Coupon has no quantity"",""errorCode"":""400""}"
1125,400,28468.11,"{""message"":""Coupon has no quantity"",""errorCode"":""400""}"
1126,400,28195.202,"{""message"":""Coupon has no quantity"",""errorCode"":""400""}"
1127,400,28208.659,"{""message"":""Coupon has no quantity"",""errorCode"":""400""}"
1128,400,28056.484,"{""message"":""Coupon has no quantity"",""errorCode"":""400""}"
1129,400,28045.656,"{""message"":""Coupon has no quantity"",""errorCode"":""400""}"
1130,400,29123.353,"{""message"":""Coupon has no quantity"",""errorCode"":""400""}"
1131,400,28492.175,"{""message"":""Coupon has no quantity"",""errorCode"":""400""}"
1132,400,28309.752,"{""message"":""Coupon has no quantity"",""errorCode"":""400""}"
1133,400,28372.896,"{""message"":""Coupon has no quantity"",""errorCode"":""400""}"
1134,400,29880.034,"{""message"":""Coupon has no quantity"",""errorCode"":""400""}"
1135,400,28108.776,"{""message"":""Coupon has no quantity"",""errorCode"":""400""}"
1136,400,28724.681,"{""message"":""Coupon has no quantity"",""errorCode"":""400""}"
1137,400,29247.277,"{""message"":""Coupon has no quantity"",""errorCode"":""400""}"
1138,400,28834.739,"{""message"":""Coupon has no quantity"",""errorCode"":""400""}"
1139,400,28259.974,"{""message"":""Coupon has no quantity"",""errorCode"":""400""}"
1140,400,28671.754,"{""message"":""Coupon has no quantity"",""errorCode"":""400""}"
1141,400,30208.351,"{""message"":""Coupon has no quantity"",""errorCode"":""400""}"
1142,400,28498.756,"{""message"":""Coupon has no quantity"",""errorCode"":""400""}"
1143,400,28218.061,"{""message"":""Coupon has no quantity"",""errorCode"":""400""}"
1144,400,28682.799,"{""message"":""Coupon has no quantity"",""errorCode"":""400""}"
1145,400,28828.947,"{""message"":""Coupon has no quantity"",""errorCode"":""400""}"
1146,400,28321.557,"{""message"":""Coupon has no quantity"",""errorCode"":""400""}"
1147,400,29282.257,"{""message"":""Coupon has no quantity"",""errorCode"":""400""}"
1148,400,36044.753,"{""message"":""Coupon has no quantity"",""errorCode"":""400""}"
1149,400,28194.437,"{""message"":""Coupon has no quantity"",""errorCode"":""400""}"
1150,400,30875.889,"{""message"":""Coupon has no quantity"",""errorCode"":""400""}"
1151,400,28965.219,"{""message"":""Coupon has no quantity"",""errorCode"":""400""}"
1152,400,29592.704,"{""message"":""Coupon has no quantity"",""errorCode"":""400""}"
1153,400,29322.337,"{""message"":""Coupon has no quantity"",""errorCode"":""400""}"
1154,400,29714.347,"{""message"":""Coupon has no quantity"",""errorCode"":""400""}"
1155,400,28304.802,"{""message"":""Coupon has no quantity"",""errorCode"":""400""}"
1156,400,29397.307,"{""message"":""Coupon has no quantity"",""errorCode"":""400""}"
1157,400,29233.231,"{""message"":""Coupon has no quantity"",""errorCode"":""400""}"
1158,400,28373.018,"{""message"":""Coupon has no quantity"",""errorCode"":""400""}"
1159,400,28193.178,"{""message"":""Coupon has no quantity"",""errorCode"":""400""}"
1160,400,29440.914,"{""message"":""Coupon has no quantity"",""errorCode"":""400""}"
1161,400,28369.198,"{""message"":""Coupon has no quantity"",""errorCode"":""400""}"
1162,400,29140.232,"{""message"":""Coupon has no quantity"",""errorCode"":""400""}"
1163,400,29297.247,"{""message"":""Coupon has no quantity"",""errorCode"":""400""}"
1164,400,28942.438,"{""message"":""Coupon has no quantity"",""errorCode"":""400""}"
1165,400,29012.988,"{""message"":""Coupon has no quantity"",""errorCode"":""400""}"
1166,400,29034.409,"{""message"":""Coupon has no quantity"",""errorCode"":""400""}"
1167,400,28602.323,"{""message"":""Coupon has no quantity"",""errorCode"":""400""}"
1168,400,28151.565,"{""message"":""Coupon has no quantity"",""errorCode"":""400""}"
1169,400,28549.629,"{""message"":""Coupon has no quantity"",""errorCode"":""400""}"
1170,400,29026.339,"{""message"":""Coupon has no quantity"",""errorCode"":""400""}"
1171,400,28752.466,"{""message"":""Coupon has no quantity"",""errorCode"":""400""}"
1172,400,29362.789,"{""message"":""Coupon has no quantity"",""errorCode"":""400""}"
1173,400,31284.018,"{""message"":""Coupon has no quantity"",""errorCode"":""400""}"
1174,400,28660.362,"{""message"":""Coupon has no quantity"",""errorCode"":""400""}"
1175,400,28287.233,"{""message"":""Coupon has no quantity"",""errorCode"":""400""}"
1176,400,28360.686,"{""message"":""Coupon has no quantity"",""errorCode"":""400""}"
1177,400,28226.375,"{""message"":""Coupon has no quantity"",""errorCode"":""400""}"
1178,400,29798.784,"{""message"":""Coupon has no quantity"",""errorCode"":""400""}"
1179,400,34060.343,"{""message"":""Coupon has no quantity"",""errorCode"":""400""}"
1180,400,29539.184,"{""message"":""Coupon has no quantity"",""errorCode"":""400""}"
1181,400,28262.92,"{""message"":""Coupon has no quantity"",""errorCode"":""400""}"
1182,400,28953.809,"{""message"":""Coupon has no quantity"",""errorCode"":""400""}"
1183,400,28571.109,"{""message"":""Coupon has no quantity"",""errorCode"":""400""}"
1184,400,29398.085,"{""message"":""Coupon has no quantity"",""errorCode"":""400""}"
1185,400,28350.559,"{""message"":""Coupon has no quantity"",""errorCode"":""400""}"
1186,400,31122.251,"{""message"":""Coupon has no quantity"",""errorCode"":""400""}"
1187,400,29276.322,"{""message"":""Coupon has no quantity"",""errorCode"":""400""}"
1188,400,28278.318,"{""message"":""Coupon has no quantity"",""errorCode"":""400""}"
1189,400,30774.509,"{""message"":""Coupon has no quantity"",""errorCode"":""400""}"
1190,400,28681.185,"{""message"":""Coupon has no quantity"",""errorCode"":""400""}"
1191,400,28852.152,"{""message"":""Coupon has no quantity"",""errorCode"":""400""}"
1192,400,28560.937,"{""message"":""Coupon has no quantity"",""errorCode"":""400""}"
1193,400,28700.386,"{""message"":""Coupon has no quantity"",""errorCode"":""400""}"
1194,400,28351.576,"{""message"":""Coupon has no quantity"",""errorCode"":""400""}"
1195,400,28254.53,"{""message"":""Coupon has no quantity"",""errorCode"":""400""}"
1196,400,30602.846,"{""message"":""Coupon has no quantity"",""errorCode"":""400""}"
1197,400,28942.085,"{""message"":""Coupon has no quantity"",""errorCode"":""400""}"
1198,400,29476.451,"{""message"":""Coupon has no quantity"",""errorCode"":""400""}"
1199,400,28407.565,"{""message"":""Coupon has no quantity"",""errorCode"":""400""}"
1200,400,28277.856,"{""message"":""Coupon has no quantity"",""errorCode"":""400""}"
1201,400,28507.301,"{""message"":""Coupon has no quantity"",""errorCode"":""400""}"
1202,400,28392.775,"{""message"":""Coupon has no quantity"",""errorCode"":""400""}"
1203,400,28312.807,"{""message"":""Coupon has no quantity"",""errorCode"":""400""}"
1204,400,28387.895,"{""message"":""Coupon has no quantity"",""errorCode"":""400""}"
1205,400,34502.509,"{""message"":""Coupon has no quantity"",""errorCode"":""400""}"
1206,400,28560.356,"{""message"":""Coupon has no quantity"",""errorCode"":""400""}"
1207,400,29249.473,"{""message"":""Coupon has no quantity"",""errorCode"":""400""}"
1208,400,28587.162,"{""message"":""Coupon has no quantity"",""errorCode"":""400""}"
1209,400,29930.419,"{""message"":""Coupon has no quantity"",""errorCode"":""400""}"
1210,400,28856.355,"{""message"":""Coupon has no quantity"",""errorCode"":""400""}"
1211,400,28492.048,"{""message"":""Coupon has no quantity"",""errorCode"":""400""}"
1212,400,29118.09,"{""message"":""Coupon has no quantity"",""errorCode"":""400""}"
1213,400,28912.282,"{""message"":""Coupon has no quantity"",""errorCode"":""400""}"
1214,400,33115.114,"{""message"":""Coupon has no quantity"",""errorCode"":""400""}"
1215,400,30160.525,"{""message"":""Coupon has no quantity"",""errorCode"":""400""}"
1216,400,28886.741,"{""message"":""Coupon has no quantity"",""errorCode"":""400""}"
1217,400,29051.774,"{""message"":""Coupon has no quantity"",""errorCode"":""400""}"
1218,400,28615.021,"{""message"":""Coupon has no quantity"",""errorCode"":""400""}"
1219,400,28428.246,"{""message"":""Coupon has no quantity"",""errorCode"":""400""}"
1220,400,28512.739,"{""message"":""Coupon has no quantity"",""errorCode"":""400""}"
1221,400,29701.827,"{""message"":""Coupon has no quantity"",""errorCode"":""400""}"
1222,400,30576.251,"{""message"":""Coupon has no quantity"",""errorCode"":""400""}"
1223,400,28448.202,"{""message"":""Coupon has no quantity"",""errorCode"":""400""}"
1224,400,30397.698,"{""message"":""Coupon has no quantity"",""errorCode"":""400""}"
1225,400,28771.984,"{""message"":""Coupon has no quantity"",""errorCode"":""400""}"
1226,400,28727.724,"{""message"":""Coupon has no quantity"",""errorCode"":""400""}"
1227,400,30897.528,"{""message"":""Coupon has no quantity"",""errorCode"":""400""}"
1228,400,30609.732,"{""message"":""Coupon has no quantity"",""errorCode"":""400""}"
1229,400,28671.008,"{""message"":""Coupon has no quantity"",""errorCode"":""400""}"
1230,400,28908.912,"{""message"":""Coupon has no quantity"",""errorCode"":""400""}"
1231,400,28430.27,"{""message"":""Coupon has no quantity"",""errorCode"":""400""}"
1232,400,29267.38,"{""message"":""Coupon has no quantity"",""errorCode"":""400""}"
1233,400,29149.497,"{""message"":""Coupon has no quantity"",""errorCode"":""400""}"
1234,400,29199.731,"{""message"":""Coupon has no quantity"",""errorCode"":""400""}"
1235,400,29287.531,"{""message"":""Coupon has no quantity"",""errorCode"":""400""}"
1236,400,30901.833,"{""message"":""Coupon has no quantity"",""errorCode"":""400""}"
1237,400,28653.976,"{""message"":""Coupon has no quantity"",""errorCode"":""400""}"
1238,400,28596.011,"{""message"":""Coupon has no quantity"",""errorCode"":""400""}"
1239,400,28714.769,"{""message"":""Coupon has no quantity"",""errorCode"":""400""}"
1240,400,28735.927,"{""message"":""Coupon has no quantity"",""errorCode"":""400""}"
1241,400,29681.745,"{""message"":""Coupon has no quantity"",""errorCode"":""400""}"
1242,400,28525.388,"{""message"":""Coupon has no quantity"",""errorCode"":""400""}"
1243,400,28657.588,"{""message"":""Coupon has no quantity"",""errorCode"":""400""}"
1244,400,29010.108,"{""message"":""Coupon has no quantity"",""errorCode"":""400""}"
1245,400,28746.065,"{""message"":""Coupon has no quantity"",""errorCode"":""400""}"
1246,400,28622.645,"{""message"":""Coupon has no quantity"",""errorCode"":""400""}"
1247,400,28596.981,"{""message"":""Coupon has no quantity"",""errorCode"":""400""}"
1248,400,28835.405,"{""message"":""Coupon has no quantity"",""errorCode"":""400""}"
1249,400,29314.27,"{""message"":""Coupon has no quantity"",""errorCode"":""400""}"
1250,400,28816.496,"{""message"":""Coupon has no quantity"",""errorCode"":""400""}"
1251,400,30745.655,"{""message"":""Coupon has no quantity"",""errorCode"":""400""}"
1252,400,29037.779,"{""message"":""Coupon has no quantity"",""errorCode"":""400""}"
1253,400,30149.25,"{""message"":""Coupon has no quantity"",""errorCode"":""400""}"
1254,400,28960.676,"{""message"":""Coupon has no quantity"",""errorCode"":""400""}"
1255,400,28525.952,"{""message"":""Coupon has no quantity"",""errorCode"":""400""}"
1256,400,28685.153,"{""message"":""Coupon has no quantity"",""errorCode"":""400""}"
1257,400,28780.005,"{""message"":""Coupon has no quantity"",""errorCode"":""400""}"
1258,400,28609.3,"{""message"":""Coupon has no quantity"",""errorCode"":""400""}"
1259,400,28588.707,"{""message"":""Coupon has no quantity"",""errorCode"":""400""}"
1260,400,33182.947,"{""message"":""Coupon has no quantity"",""errorCode"":""400""}"
1261,400,29674.499,"{""message"":""Coupon has no quantity"",""errorCode"":""400""}"
1262,400,33539.284,"{""message"":""Coupon has no quantity"",""errorCode"":""400""}"
1263,400,29887.878,"{""message"":""Coupon has no quantity"",""errorCode"":""400""}"
1264,400,28694.982,"{""message"":""Coupon has no quantity"",""errorCode"":""400""}"
1265,400,29114.766,"{""message"":""Coupon has no quantity"",""errorCode"":""400""}"
1266,400,30339.243,"{""message"":""Coupon has no quantity"",""errorCode"":""400""}"
1267,400,29082.185,"{""message"":""Coupon has no quantity"",""errorCode"":""400""}"
1268,400,29984.805,"{""message"":""Coupon has no quantity"",""errorCode"":""400""}"
1269,400,29323.113,"{""message"":""Coupon has no quantity"",""errorCode"":""400""}"
1270,400,29061.291,"{""message"":""Coupon has no quantity"",""errorCode"":""400""}"
1271,400,28599.792,"{""message"":""Coupon has no quantity"",""errorCode"":""400""}"
1272,400,28797.303,"{""message"":""Coupon has no quantity"",""errorCode"":""400""}"
1273,400,29512.346,"{""message"":""Coupon has no quantity"",""errorCode"":""400""}"
1274,400,28679.935,"{""message"":""Coupon has no quantity"",""errorCode"":""400""}"
1275,400,28827.947,"{""message"":""Coupon has no quantity"",""errorCode"":""400""}"
1276,400,29267.697,"{""message"":""Coupon has no quantity"",""errorCode"":""400""}"
1277,400,28873.001,"{""message"":""Coupon has no quantity"",""errorCode"":""400""}"
1278,400,28943.983,"{""message"":""Coupon has no quantity"",""errorCode"":""400""}"
1279,400,30321.469,"{""message"":""Coupon has no quantity"",""errorCode"":""400""}"
1280,400,28802.374,"{""message"":""Coupon has no quantity"",""errorCode"":""400""}"
1281,400,29458.618,"{""message"":""Coupon has no quantity"",""errorCode"":""400""}"
1282,400,29106.081,"{""message"":""Coupon has no quantity"",""errorCode"":""400""}"
1283,400,28636.546,"{""message"":""Coupon has no quantity"",""errorCode"":""400""}"
1284,400,28985.168,"{""message"":""Coupon has no quantity"",""errorCode"":""400""}"
1285,400,33680.964,"{""message"":""Coupon has no quantity"",""errorCode"":""400""}"
1286,400,28661.698,"{""message"":""Coupon has no quantity"",""errorCode"":""400""}"
1287,400,29047.914,"{""message"":""Coupon has no quantity"",""errorCode"":""400""}"
1288,400,28885.766,"{""message"":""Coupon has no quantity"",""errorCode"":""400""}"
1289,400,29772.003,"{""message"":""Coupon has no quantity"",""errorCode"":""400""}"
1290,400,29520.936,"{""message"":""Coupon has no quantity"",""errorCode"":""400""}"
1291,400,28658.113,"{""message"":""Coupon has no quantity"",""errorCode"":""400""}"
1292,400,32486.645,"{""message"":""Coupon has no quantity"",""errorCode"":""400""}"
1293,400,29005.404,"{""message"":""Coupon has no quantity"",""errorCode"":""400""}"
1294,400,29203.221,"{""message"":""Coupon has no quantity"",""errorCode"":""400""}"
1295,400,28931.255,"{""message"":""Coupon has no quantity"",""errorCode"":""400""}"
1296,400,29189.263,"{""message"":""Coupon has no quantity"",""errorCode"":""400""}"
1297,400,30167.162,"{""message"":""Coupon has no quantity"",""errorCode"":""400""}"
1298,400,29387.631,"{""message"":""Coupon has no quantity"",""errorCode"":""400""}"
1299,400,29049.378,"{""message"":""Coupon has no quantity"",""errorCode"":""400""}"
1300,400,30053.876,"{""message"":""Coupon has no quantity"",""errorCode"":""400""}"
1301,400,29472.115,"{""message"":""Coupon has no quantity"",""errorCode"":""400""}"
1302,400,28859.411,"{""message"":""Coupon has no quantity"",""errorCode"":""400""}"
1303,400,28926.522,"{""message"":""Coupon has no quantity"",""errorCode"":""400""}"
1304,400,33790.183,"{""message"":""Coupon has no quantity"",""errorCode"":""400""}"
1305,400,30745.866,"{""message"":""Coupon has no quantity"",""errorCode"":""400""}"
1306,400,29209.067,"{""message"":""Coupon has no quantity"",""errorCode"":""400""}"
1307,400,32892.876,"{""message"":""Coupon has no quantity"",""errorCode"":""400""}"
1308,400,29182.558,"{""message"":""Coupon has no quantity"",""errorCode"":""400""}"
1309,400,30085.2,"{""message"":""Coupon has no quantity"",""errorCode"":""400""}"
1310,400,30235.084,"{""message"":""Coupon has no quantity"",""errorCode"":""400""}"
1311,400,29793.726,"{""message"":""Coupon has no quantity"",""errorCode"":""400""}"
1312,400,28820.806,"{""message"":""Coupon has no quantity"",""errorCode"":""400""}"
1313,400,34470.238,"{""message"":""Coupon has no quantity"",""errorCode"":""400""}"
1314,400,29181.275,"{""message"":""Coupon has no quantity"",""errorCode"":""400""}"
1315,400,29233.694,"{""message"":""Coupon has no quantity"",""errorCode"":""400""}"
1316,400,29000.694,"{""message"":""Coupon has no quantity"",""errorCode"":""400""}"
1317,400,30132.479,"{""message"":""Coupon has no quantity"",""errorCode"":""400""}"
1318,400,29399.763,"{""message"":""Coupon has no quantity"",""errorCode"":""400""}"
1319,400,29135.878,"{""message"":""Coupon has no quantity"",""errorCode"":""400""}"
1320,400,29608.088,"{""message"":""Coupon has no quantity"",""errorCode"":""400""}"
1321,400,33692.508,"{""message"":""Coupon has no quantity"",""errorCode"":""400""}"
1322,400,29400.73,"{""message"":""Coupon has no quantity"",""errorCode"":""400""}"
1323,400,28927.165,"{""message"":""Coupon has no quantity"",""errorCode"":""400""}"
1324,400,29164.552,"{""message"":""Coupon has no quantity"",""errorCode"":""400""}"
1325,400,28898.617,"{""message"":""Coupon has no quantity"",""errorCode"":""400""}"
1326,400,29226.964,"{""message"":""Coupon has no quantity"",""errorCode"":""400""}"
1327,400,35333.773,"{""message"":""Coupon has no quantity"",""errorCode"":""400""}"
1328,400,29846.731,"{""message"":""Coupon has no quantity"",""errorCode"":""400""}"
1329,400,29006.154,"{""message"":""Coupon has no quantity"",""errorCode"":""400""}"
1330,400,29016.894,"{""message"":""Coupon has no quantity"",""errorCode"":""400""}"
1331,400,29815.323,"{""message"":""Coupon has no quantity"",""errorCode"":""400""}"
1332,400,29685.232,"{""message"":""Coupon has no quantity"",""errorCode"":""400""}"
1333,400,29654.222,"{""message"":""Coupon has no quantity"",""errorCode"":""400""}"
1334,400,29164.687,"{""message"":""Coupon has no quantity"",""errorCode"":""400""}"
1335,400,28960.739,"{""message"":""Coupon has no quantity"",""errorCode"":""400""}"
1336,400,30318.181,"{""message"":""Coupon has no quantity"",""errorCode"":""400""}"
1337,400,29399.021,"{""message"":""Coupon has no quantity"",""errorCode"":""400""}"
1338,400,29974.965,"{""message"":""Coupon has no quantity"",""errorCode"":""400""}"
1339,400,29946.264,"{""message"":""Coupon has no quantity"",""errorCode"":""400""}"
1340,400,29361.919,"{""message"":""Coupon has no quantity"",""errorCode"":""400""}"
1341,400,29712.656,"{""message"":""Coupon has no quantity"",""errorCode"":""400""}"
1342,400,33916.365,"{""message"":""Coupon has no quantity"",""errorCode"":""400""}"
1343,400,35388.502,"{""message"":""Coupon has no quantity"",""errorCode"":""400""}"
1344,400,30339.599,"{""message"":""Coupon has no quantity"",""errorCode"":""400""}"
1345,400,29071.038,"{""message"":""Coupon has no quantity"",""errorCode"":""400""}"
1346,400,30474.25,"{""message"":""Coupon has no quantity"",""errorCode"":""400""}"
1347,400,29537.92,"{""message"":""Coupon has no quantity"",""errorCode"":""400""}"
1348,400,29661.331,"{""message"":""Coupon has no quantity"",""errorCode"":""400""}"
1349,400,30186.639,"{""message"":""Coupon has no quantity"",""errorCode"":""400""}"
1350,400,29812.992,"{""message"":""Coupon has no quantity"",""errorCode"":""400""}"
1351,400,33533.044,"{""message"":""Coupon has no quantity"",""errorCode"":""400""}"
1352,400,29863.927,"{""message"":""Coupon has no quantity"",""errorCode"":""400""}"
1353,400,29083.078,"{""message"":""Coupon has no quantity"",""errorCode"":""400""}"
1354,400,29394.65,"{""message"":""Coupon has no quantity"",""errorCode"":""400""}"
1355,400,29336.848,"{""message"":""Coupon has no quantity"",""errorCode"":""400""}"
1356,400,30422.231,"{""message"":""Coupon has no quantity"",""errorCode"":""400""}"
1357,400,29841.043,"{""message"":""Coupon has no quantity"",""errorCode"":""400""}"
1358,400,30394.907,"{""message"":""Coupon has no quantity"",""errorCode"":""400""}"
1359,400,30242.03,"{""message"":""Coupon has no quantity"",""errorCode"":""400""}"
1360,400,29234.367,"{""message"":""Coupon has no quantity"",""errorCode"":""400""}"
1361,400,35420.056,"{""message"":""Coupon has no quantity"",""errorCode"":""400""}"
1362,400,29287.845,"{""message"":""Coupon has no quantity"",""errorCode"":""400""}"
1363,400,29896.81,"{""message"":""Coupon has no quantity"",""errorCode"":""400""}"
1364,400,29305.542,"{""message"":""Coupon has no quantity"",""errorCode"":""400""}"
1365,400,29441.625,"{""message"":""Coupon has no quantity"",""errorCode"":""400""}"
1366,400,41840.196,"{""message"":""Coupon has no quantity"",""errorCode"":""400""}"
1367,400,29420.175,"{""message"":""Coupon has no quantity"",""errorCode"":""400""}"
1368,400,30069.727,"{""message"":""Coupon has no quantity"",""errorCode"":""400""}"
1369,400,29391.803,"{""message"":""Coupon has no quantity"",""errorCode"":""400""}"
1370,400,29179.904,"{""message"":""Coupon has no quantity"",""errorCode"":""400""}"
1371,400,29778.725,"{""message"":""Coupon has no quantity"",""errorCode"":""400""}"
1372,400,29197.621,"{""message"":""Coupon has no quantity"",""errorCode"":""400""}"
1373,400,30562.92,"{""message"":""Coupon has no quantity"",""errorCode"":""400""}"
1374,400,33859.941,"{""message"":""Coupon has no quantity"",""errorCode"":""400""}"
1375,400,29426.75,"{""message"":""Coupon has no quantity"",""errorCode"":""400""}"
1376,400,32868.948,"{""message"":""Coupon has no quantity"",""errorCode"":""400""}"
1377,400,30305.633,"{""message"":""Coupon has no quantity"",""errorCode"":""400""}"
1378,400,31913.622,"{""message"":""Coupon has no quantity"",""errorCode"":""400""}"
1379,400,29315.336,"{""message"":""Coupon has no quantity"",""errorCode"":""400""}"
1380,400,30553.666,"{""message"":""Coupon has no quantity"",""errorCode"":""400""}"
1381,400,33613.814,"{""message"":""Coupon has no quantity"",""errorCode"":""400""}"
1382,400,29481.72,"{""message"":""Coupon has no quantity"",""errorCode"":""400""}"
1383,400,35059.797,"{""message"":""Coupon has no quantity"",""errorCode"":""400""}"
1384,400,29359.177,"{""message"":""Coupon has no quantity"",""errorCode"":""400""}"
1385,400,30208.506,"{""message"":""Coupon has no quantity"",""errorCode"":""400""}"
1386,400,31597.43,"{""message"":""Coupon has no quantity"",""errorCode"":""400""}"
1387,400,29784.168,"{""message"":""Coupon has no quantity"",""errorCode"":""400""}"
1388,400,32799.969,"{""message"":""Coupon has no quantity"",""errorCode"":""400""}"
1389,400,33773.858,"{""message"":""Coupon has no quantity"",""errorCode"":""400""}"
1390,400,30118.17,"{""message"":""Coupon has no quantity"",""errorCode"":""400""}"
1391,400,35053.645,"{""message"":""Coupon has no quantity"",""errorCode"":""400""}"
1392,400,29397.724,"{""message"":""Coupon has no quantity"",""errorCode"":""400""}"
1393,400,33084.749,"{""message"":""Coupon has no quantity"",""errorCode"":""400""}"
1394,400,29672.899,"{""message"":""Coupon has no quantity"",""errorCode"":""400""}"
1395,400,29924.021,"{""message"":""Coupon has no quantity"",""errorCode"":""400""}"
1396,400,29595.718,"{""message"":""Coupon has no quantity"",""errorCode"":""400""}"
1397,400,30434.587,"{""message"":""Coupon has no quantity"",""errorCode"":""400""}"
1398,400,29838.669,"{""message"":""Coupon has no quantity"",""errorCode"":""400""}"
1399,400,29468.151,"{""message"":""Coupon has no quantity"",""errorCode"":""400""}"
1400,400,29411.337,"{""message"":""Coupon has no quantity"",""errorCode"":""400""}"
1401,400,35500.886,"{""message"":""Coupon has no quantity"",""errorCode"":""400""}"
1402,400,35189.236,"{""message"":""Coupon has no quantity"",""errorCode"":""400""}"
1403,400,30670.808,"{""message"":""Coupon has no quantity"",""errorCode"":""400""}"
1404,400,31896.605,"{""message"":""Coupon has no quantity"",""errorCode"":""400""}"
1405,400,29937.819,"{""message"":""Coupon has no quantity"",""errorCode"":""400""}"
1406,400,29725.589,"{""message"":""Coupon has no quantity"",""errorCode"":""400""}"
1407,400,29907.535,"{""message"":""Coupon has no quantity"",""errorCode"":""400""}"
1408,400,29516.626,"{""message"":""Coupon has no quantity"",""errorCode"":""400""}"
1409,400,32463.864,"{""message"":""Coupon has no quantity"",""errorCode"":""400""}"
1410,400,30175.076,"{""message"":""Coupon has no quantity"",""errorCode"":""400""}"
1411,400,30720.491,"{""message"":""Coupon has no quantity"",""errorCode"":""400""}"
1412,400,37207.958,"{""message"":""Coupon has no quantity"",""errorCode"":""400""}"
1413,400,29770.94,"{""message"":""Coupon has no quantity"",""errorCode"":""400""}"
1414,400,29609.713,"{""message"":""Coupon has no quantity"",""errorCode"":""400""}"
1415,400,29835.453,"{""message"":""Coupon has no quantity"",""errorCode"":""400""}"
1416,400,37807.901,"{""message"":""Coupon has no quantity"",""errorCode"":""400""}"
1417,400,29937.078,"{""message"":""Coupon has no quantity"",""errorCode"":""400""}"
1418,400,31722.569,"{""message"":""Coupon has no quantity"",""errorCode"":""400""}"
1419,400,33938.291,"{""message"":""Coupon has no quantity"",""errorCode"":""400""}"
1420,400,30113.061,"{""message"":""Coupon has no quantity"",""errorCode"":""400""}"
1421,400,33885.639,"{""message"":""Coupon has no quantity"",""errorCode"":""400""}"
1422,400,29886.73,"{""message"":""Coupon has no quantity"",""errorCode"":""400""}"
1423,400,29614.682,"{""message"":""Coupon has no quantity"",""errorCode"":""400""}"
1424,400,35164.239,"{""message"":""Coupon has no quantity"",""errorCode"":""400""}"
1425,400,30934.563,"{""message"":""Coupon has no quantity"",""errorCode"":""400""}"
1426,400,30017.051,"{""message"":""Coupon has no quantity"",""errorCode"":""400""}"
1427,400,29876.958,"{""message"":""Coupon has no quantity"",""errorCode"":""400""}"
1428,400,32727.606,"{""message"":""Coupon has no quantity"",""errorCode"":""400""}"
1429,400,31513.128,"{""message"":""Coupon has no quantity"",""errorCode"":""400""}"
1430,400,29885.794,"{""message"":""Coupon has no quantity"",""errorCode"":""400""}"
1431,400,31264.42,"{""message"":""Coupon has no quantity"",""errorCode"":""400""}"
1432,400,31741.82,"{""message"":""Coupon has no quantity"",""errorCode"":""400""}"
1433,400,30248.998,"{""message"":""Coupon has no quantity"",""errorCode"":""400""}"
1434,400,29657.779,"{""message"":""Coupon has no quantity"",""errorCode"":""400""}"
1435,400,29965.013,"{""message"":""Coupon has no quantity"",""errorCode"":""400""}"
1436,400,31276.652,"{""message"":""Coupon has no quantity"",""errorCode"":""400""}"
1437,400,29944.089,"{""message"":""Coupon has no quantity"",""errorCode"":""400""}"
1438,400,31806.186,"{""message"":""Coupon has no quantity"",""errorCode"":""400""}"
1439,400,29723.71,"{""message"":""Coupon has no quantity"",""errorCode"":""400""}"
1440,400,29944.531,"{""message"":""Coupon has no quantity"",""errorCode"":""400""}"
1441,400,29731.969,"{""message"":""Coupon has no quantity"",""errorCode"":""400""}"
1442,400,30233.942,"{""message"":""Coupon has no quantity"",""errorCode"":""400""}"
1443,400,41459.099,"{""message"":""Coupon has no quantity"",""errorCode"":""400""}"
1444,400,30025.045,"{""message"":""Coupon has no quantity"",""errorCode"":""400""}"
1445,400,30157.007,"{""message"":""Coupon has no quantity"",""errorCode"":""400""}"
1446,400,31394.922,"{""message"":""Coupon has no quantity"",""errorCode"":""400""}"
1447,400,29948.963,"{""message"":""Coupon has no quantity"",""errorCode"":""400""}"
1448,400,29867.683,"{""message"":""Coupon has no quantity"",""errorCode"":""400""}"
1449,400,29870.112,"{""message"":""Coupon has no quantity"",""errorCode"":""400""}"
1450,400,29848.379,"{""message"":""Coupon has no quantity"",""errorCode"":""400""}"
1451,400,34479.62,"{""message"":""Coupon has no quantity"",""errorCode"":""400""}"
1452,400,30042.021,"{""message"":""Coupon has no quantity"",""errorCode"":""400""}"
1453,400,31551.997,"{""message"":""Coupon has no quantity"",""errorCode"":""400""}"
1454,400,32585.183,"{""message"":""Coupon has no quantity"",""errorCode"":""400""}"
1455,400,29764.681,"{""message"":""Coupon has no quantity"",""errorCode"":""400""}"
1456,400,29971.062,"{""message"":""Coupon has no quantity"",""errorCode"":""400""}"
1457,400,29773.045,"{""message"":""Coupon has no quantity"",""errorCode"":""400""}"
1458,400,29919.257,"{""message"":""Coupon has no quantity"",""errorCode"":""400""}"
1459,400,31204.937,"{""message"":""Coupon has no quantity"",""errorCode"":""400""}"
1460,400,30114.765,"{""message"":""Coupon has no quantity"",""errorCode"":""400""}"
1461,400,30071.769,"{""message"":""Coupon has no quantity"",""errorCode"":""400""}"
1462,400,33750.268,"{""message"":""Coupon has no quantity"",""errorCode"":""400""}"
1463,400,30074.168,"{""message"":""Coupon has no quantity"",""errorCode"":""400""}"
1464,400,33025.573,"{""message"":""Coupon has no quantity"",""errorCode"":""400""}"
1465,400,38849.178,"{""message"":""Coupon has no quantity"",""errorCode"":""400""}"
1466,400,35649.975,"{""message"":""Coupon has no quantity"",""errorCode"":""400""}"
1467,400,31483.209,"{""message"":""Coupon has no quantity"",""errorCode"":""400""}"
1468,400,29835.311,"{""message"":""Coupon has no quantity"",""errorCode"":""400""}"
1469,400,31765.624,"{""message"":""Coupon has no quantity"",""errorCode"":""400""}"
1470,400,32452.556,"{""message"":""Coupon has no quantity"",""errorCode"":""400""}"
1471,400,29866.048,"{""message"":""Coupon has no quantity"",""errorCode"":""400""}"
1472,400,29973.482,"{""message"":""Coupon has no quantity"",""errorCode"":""400""}"
1473,400,33325.598,"{""message"":""Coupon has no quantity"",""errorCode"":""400""}"
1474,400,31524.247,"{""message"":""Coupon has no quantity"",""errorCode"":""400""}"
1475,400,29848.414,"{""message"":""Coupon has no quantity"",""errorCode"":""400""}"
1476,400,30264.609,"{""message"":""Coupon has no quantity"",""errorCode"":""400""}"
1477,400,31711.539,"{""message"":""Coupon has no quantity"",""errorCode"":""400""}"
1478,400,32149.485,"{""message"":""Coupon has no quantity"",""errorCode"":""400""}"
1479,400,32614.775,"{""message"":""Coupon has no quantity"",""errorCode"":""400""}"
1480,400,32043.536,"{""message"":""Coupon has no quantity"",""errorCode"":""400""}"
1481,400,31481.482,"{""message"":""Coupon has no quantity"",""errorCode"":""400""}"
1482,400,32289.546,"{""message"":""Coupon has no quantity"",""errorCode"":""400""}"
1483,400,36397.017,"{""message"":""Coupon has no quantity"",""errorCode"":""400""}"
1484,400,32302.715,"{""message"":""Coupon has no quantity"",""errorCode"":""400""}"
1485,400,29858.313,"{""message"":""Coupon has no quantity"",""errorCode"":""400""}"
1486,400,30007.873,"{""message"":""Coupon has no quantity"",""errorCode"":""400""}"
1487,400,34582.895,"{""message"":""Coupon has no quantity"",""errorCode"":""400""}"
1488,400,32410.126,"{""message"":""Coupon has no quantity"",""errorCode"":""400""}"
1489,400,32440.724,"{""message"":""Coupon has no quantity"",""errorCode"":""400""}"
1490,400,31429.713,"{""message"":""Coupon has no quantity"",""errorCode"":""400""}"
1491,400,30932.73,"{""message"":""Coupon has no quantity"",""errorCode"":""400""}"
1492,400,30182.765,"{""message"":""Coupon has no quantity"",""errorCode"":""400""}"
1493,400,31101.29,"{""message"":""Coupon has no quantity"",""errorCode"":""400""}"
1494,400,31323.288,"{""message"":""Coupon has no quantity"",""errorCode"":""400""}"
1495,400,30060.785,"{""message"":""Coupon has no quantity"",""errorCode"":""400""}"
1496,400,32750.205,"{""message"":""Coupon has no quantity"",""errorCode"":""400""}"
1497,400,35914.493,"{""message"":""Coupon has no quantity"",""errorCode"":""400""}"
1498,400,31200.231,"{""message"":""Coupon has no quantity"",""errorCode"":""400""}"
1499,400,32304.329,"{""message"":""Coupon has no quantity"",""errorCode"":""400""}"
1500,400,32424.35,"{""message"":""Coupon has no quantity"",""errorCode"":""400""}"
1501,400,30043.725,"{""message"":""Coupon has no quantity"",""errorCode"":""400""}"
1502,400,30015.752,"{""message"":""Coupon has no quantity"",""errorCode"":""400""}"
1503,400,30110.517,"{""message"":""Coupon has no quantity"",""errorCode"":""400""}"
1504,400,31518.635,"{""message"":""Coupon has no quantity"",""errorCode"":""400""}"
1505,400,32022.092,"{""message"":""Coupon has no quantity"",""errorCode"":""400""}"
1506,400,34391.145,"{""message"":""Coupon has no quantity"",""errorCode"":""400""}"
1507,400,31870.865,"{""message"":""Coupon has no quantity"",""errorCode"":""400""}"
1508,400,31121.484,"{""message"":""Coupon has no quantity"",""errorCode"":""400""}"
1509,400,31993.382,"{""message"":""Coupon has no quantity"",""errorCode"":""400""}"
1510,400,34845.845,"{""message"":""Coupon has no quantity"",""errorCode"":""400""}"
1511,500,30080.241,"{""timestamp"":""2026-08-16T21:26:01.366+00:00"",""status"":500,""error"":""Internal Server Error"",""path"":""/api/bench/issue/1""}"
1512,400,33439.089,"{""message"":""Coupon has no quantity"",""errorCode"":""400""}"
1513,400,31276.431,"{""message"":""Coupon has no quantity"",""errorCode"":""400""}"
1514,400,31799.544,"{""message"":""Coupon has no quantity"",""errorCode"":""400""}"
1515,400,32281.098,"{""message"":""Coupon has no quantity"",""errorCode"":""400""}"
1516,500,30036.385,"{""timestamp"":""2026-08-16T21:26:01.336+00:00"",""status"":500,""error"":""Internal Server Error"",""path"":""/api/bench/issue/1""}"
1517,500,30021.591,"{""timestamp"":""2026-08-16T21:26:01.324+00:00"",""status"":500,""error"":""Internal Server Error"",""path"":""/api/bench/issue/1""}"
1518,400,33284.954,"{""message"":""Coupon has no quantity"",""errorCode"":""400""}"
1519,500,30023.404,"{""timestamp"":""2026-08-16T21:26:01.330+00:00"",""status"":500,""error"":""Internal Server Error"",""path"":""/api/bench/issue/1""}"
1520,500,30044.109,"{""timestamp"":""2026-08-16T21:26:01.349+00:00"",""status"":500,""error"":""Internal Server Error"",""path"":""/api/bench/issue/1""}"
1521,500,30047.454,"{""timestamp"":""2026-08-16T21:26:01.358+00:00"",""status"":500,""error"":""Internal Server Error"",""path"":""/api/bench/issue/1""}"
1522,500,30035.195,"{""timestamp"":""2026-08-16T21:26:01.351+00:00"",""status"":500,""error"":""Internal Server Error"",""path"":""/api/bench/issue/1""}"
1523,500,30061.446,"{""timestamp"":""2026-08-16T21:26:01.380+00:00"",""status"":500,""error"":""Internal Server Error"",""path"":""/api/bench/issue/1""}"
1524,400,32056.435,"{""message"":""Coupon has no quantity"",""errorCode"":""400""}"
1525,500,30066.013,"{""timestamp"":""2026-08-16T21:26:01.389+00:00"",""status"":500,""error"":""Internal Server Error"",""path"":""/api/bench/issue/1""}"
1526,500,30070.865,"{""timestamp"":""2026-08-16T21:26:01.397+00:00"",""status"":500,""error"":""Internal Server Error"",""path"":""/api/bench/issue/1""}"
1527,500,30081.965,"{""timestamp"":""2026-08-16T21:26:01.413+00:00"",""status"":500,""error"":""Internal Server Error"",""path"":""/api/bench/issue/1""}"
1528,500,30094.057,"{""timestamp"":""2026-08-16T21:26:01.430+00:00"",""status"":500,""error"":""Internal Server Error"",""path"":""/api/bench/issue/1""}"
1529,500,30066.92,"{""timestamp"":""2026-08-16T21:26:01.406+00:00"",""status"":500,""error"":""Internal Server Error"",""path"":""/api/bench/issue/1""}"
1530,500,30077.483,"{""timestamp"":""2026-08-16T21:26:01.424+00:00"",""status"":500,""error"":""Internal Server Error"",""path"":""/api/bench/issue/1""}"
1531,500,30093.321,"{""timestamp"":""2026-08-16T21:26:01.442+00:00"",""status"":500,""error"":""Internal Server Error"",""path"":""/api/bench/issue/1""}"
1532,500,30206.769,"{""timestamp"":""2026-08-16T21:26:01.560+00:00"",""status"":500,""error"":""Internal Server Error"",""path"":""/api/bench/issue/1""}"
1533,500,30109.228,"{""timestamp"":""2026-08-16T21:26:01.466+00:00"",""status"":500,""error"":""Internal Server Error"",""path"":""/api/bench/issue/1""}"
1534,500,30210.169,"{""timestamp"":""2026-08-16T21:26:01.570+00:00"",""status"":500,""error"":""Internal Server Error"",""path"":""/api/bench/issue/1""}"
1535,400,34680.67,"{""message"":""Coupon has no quantity"",""errorCode"":""400""}"
1536,500,30182.567,"{""timestamp"":""2026-08-16T21:26:01.551+00:00"",""status"":500,""error"":""Internal Server Error"",""path"":""/api/bench/issue/1""}"
1537,500,30170.531,"{""timestamp"":""2026-08-16T21:26:01.542+00:00"",""status"":500,""error"":""Internal Server Error"",""path"":""/api/bench/issue/1""}"
1538,500,30156.402,"{""timestamp"":""2026-08-16T21:26:01.533+00:00"",""status"":500,""error"":""Internal Server Error"",""path"":""/api/bench/issue/1""}"
1539,500,30282.746,"{""timestamp"":""2026-08-16T21:26:01.664+00:00"",""status"":500,""error"":""Internal Server Error"",""path"":""/api/bench/issue/1""}"
1540,400,33158.219,"{""message"":""Coupon has no quantity"",""errorCode"":""400""}"
1541,500,30099.978,"{""timestamp"":""2026-08-16T21:26:01.498+00:00"",""status"":500,""error"":""Internal Server Error"",""path"":""/api/bench/issue/1""}"
1542,500,30121.618,"{""timestamp"":""2026-08-16T21:26:01.523+00:00"",""status"":500,""error"":""Internal Server Error"",""path"":""/api/bench/issue/1""}"
1543,500,30102.004,"{""timestamp"":""2026-08-16T21:26:01.508+00:00"",""status"":500,""error"":""Internal Server Error"",""path"":""/api/bench/issue/1""}"
1544,500,30298.48,"{""timestamp"":""2026-08-16T21:26:01.708+00:00"",""status"":500,""error"":""Internal Server Error"",""path"":""/api/bench/issue/1""}"
1545,500,30318.018,"{""timestamp"":""2026-08-16T21:26:01.731+00:00"",""status"":500,""error"":""Internal Server Error"",""path"":""/api/bench/issue/1""}"
1546,500,30272.375,"{""timestamp"":""2026-08-16T21:26:01.688+00:00"",""status"":500,""error"":""Internal Server Error"",""path"":""/api/bench/issue/1""}"
1547,500,30189.637,"{""timestamp"":""2026-08-16T21:26:01.607+00:00"",""status"":500,""error"":""Internal Server Error"",""path"":""/api/bench/issue/1""}"
1548,500,30254.187,"{""timestamp"":""2026-08-16T21:26:01.675+00:00"",""status"":500,""error"":""Internal Server Error"",""path"":""/api/bench/issue/1""}"
1549,500,30198.501,"{""timestamp"":""2026-08-16T21:26:01.621+00:00"",""status"":500,""error"":""Internal Server Error"",""path"":""/api/bench/issue/1""}"
1550,500,30205.445,"{""timestamp"":""2026-08-16T21:26:01.631+00:00"",""status"":500,""error"":""Internal Server Error"",""path"":""/api/bench/issue/1""}"
1551,500,30212.608,"{""timestamp"":""2026-08-16T21:26:01.641+00:00"",""status"":500,""error"":""Internal Server Error"",""path"":""/api/bench/issue/1""}"
1552,400,37177.083,"{""message"":""Coupon has no quantity"",""errorCode"":""400""}"
1553,500,30322.341,"{""timestamp"":""2026-08-16T21:26:01.755+00:00"",""status"":500,""error"":""Internal Server Error"",""path"":""/api/bench/issue/1""}"
1554,500,30526.964,"{""timestamp"":""2026-08-16T21:26:01.962+00:00"",""status"":500,""error"":""Internal Server Error"",""path"":""/api/bench/issue/1""}"
1555,500,30464.257,"{""timestamp"":""2026-08-16T21:26:01.903+00:00"",""status"":500,""error"":""Internal Server Error"",""path"":""/api/bench/issue/1""}"
1556,500,30748.797,"{""timestamp"":""2026-08-16T21:26:02.191+00:00"",""status"":500,""error"":""Internal Server Error"",""path"":""/api/bench/issue/1""}"
1557,500,30636.471,"{""timestamp"":""2026-08-16T21:26:02.081+00:00"",""status"":500,""error"":""Internal Server Error"",""path"":""/api/bench/issue/1""}"
1558,500,30294.354,"{""timestamp"":""2026-08-16T21:26:01.743+00:00"",""status"":500,""error"":""Internal Server Error"",""path"":""/api/bench/issue/1""}"
1559,500,30722.741,"{""timestamp"":""2026-08-16T21:26:02.174+00:00"",""status"":500,""error"":""Internal Server Error"",""path"":""/api/bench/issue/1""}"
1560,500,30459.482,"{""timestamp"":""2026-08-16T21:26:01.914+00:00"",""status"":500,""error"":""Internal Server Error"",""path"":""/api/bench/issue/1""}"
1561,500,30291.961,"{""timestamp"":""2026-08-16T21:26:01.749+00:00"",""status"":500,""error"":""Internal Server Error"",""path"":""/api/bench/issue/1""}"
1562,500,30634.734,"{""timestamp"":""2026-08-16T21:26:02.093+00:00"",""status"":500,""error"":""Internal Server Error"",""path"":""/api/bench/issue/1""}"
1563,500,30877.067,"{""timestamp"":""2026-08-16T21:26:02.337+00:00"",""status"":500,""error"":""Internal Server Error"",""path"":""/api/bench/issue/1""}"
1564,500,30307.933,"{""timestamp"":""2026-08-16T21:26:01.769+00:00"",""status"":500,""error"":""Internal Server Error"",""path"":""/api/bench/issue/1""}"
1565,500,31113.416,"{""timestamp"":""2026-08-16T21:26:02.577+00:00"",""status"":500,""error"":""Internal Server Error"",""path"":""/api/bench/issue/1""}"
1566,500,30414.246,"{""timestamp"":""2026-08-16T21:26:01.881+00:00"",""status"":500,""error"":""Internal Server Error"",""path"":""/api/bench/issue/1""}"
1567,500,30402.785,"{""timestamp"":""2026-08-16T21:26:01.872+00:00"",""status"":500,""error"":""Internal Server Error"",""path"":""/api/bench/issue/1""}"
1568,500,30292.322,"{""timestamp"":""2026-08-16T21:26:01.764+00:00"",""status"":500,""error"":""Internal Server Error"",""path"":""/api/bench/issue/1""}"
1569,500,30776.09,"{""timestamp"":""2026-08-16T21:26:02.249+00:00"",""status"":500,""error"":""Internal Server Error"",""path"":""/api/bench/issue/1""}"
1570,500,30345.554,"{""timestamp"":""2026-08-16T21:26:01.819+00:00"",""status"":500,""error"":""Internal Server Error"",""path"":""/api/bench/issue/1""}"
1571,500,31612.577,"{""timestamp"":""2026-08-16T21:26:03.089+00:00"",""status"":500,""error"":""Internal Server Error"",""path"":""/api/bench/issue/1""}"
1572,500,30412.222,"{""timestamp"":""2026-08-16T21:26:01.891+00:00"",""status"":500,""error"":""Internal Server Error"",""path"":""/api/bench/issue/1""}"
1573,500,30239.735,"{""timestamp"":""2026-08-16T21:26:01.721+00:00"",""status"":500,""error"":""Internal Server Error"",""path"":""/api/bench/issue/1""}"
1574,500,30368.932,"{""timestamp"":""2026-08-16T21:26:01.853+00:00"",""status"":500,""error"":""Internal Server Error"",""path"":""/api/bench/issue/1""}"
1575,500,30344.101,"{""timestamp"":""2026-08-16T21:26:01.830+00:00"",""status"":500,""error"":""Internal Server Error"",""path"":""/api/bench/issue/1""}"
1576,500,31075.026,"{""timestamp"":""2026-08-16T21:26:02.564+00:00"",""status"":500,""error"":""Internal Server Error"",""path"":""/api/bench/issue/1""}"
1577,500,30367.671,"{""timestamp"":""2026-08-16T21:26:01.859+00:00"",""status"":500,""error"":""Internal Server Error"",""path"":""/api/bench/issue/1""}"
1578,500,30743.202,"{""timestamp"":""2026-08-16T21:26:02.237+00:00"",""status"":500,""error"":""Internal Server Error"",""path"":""/api/bench/issue/1""}"
1579,500,30687.465,"{""timestamp"":""2026-08-16T21:26:02.184+00:00"",""status"":500,""error"":""Internal Server Error"",""path"":""/api/bench/issue/1""}"
1580,500,30732.369,"{""timestamp"":""2026-08-16T21:26:02.230+00:00"",""status"":500,""error"":""Internal Server Error"",""path"":""/api/bench/issue/1""}"
1581,500,30516.604,"{""timestamp"":""2026-08-16T21:26:02.016+00:00"",""status"":500,""error"":""Internal Server Error"",""path"":""/api/bench/issue/1""}"
1582,500,30650.024,"{""timestamp"":""2026-08-16T21:26:02.153+00:00"",""status"":500,""error"":""Internal Server Error"",""path"":""/api/bench/issue/1""}"
1583,500,30865.324,"{""timestamp"":""2026-08-16T21:26:02.370+00:00"",""status"":500,""error"":""Internal Server Error"",""path"":""/api/bench/issue/1""}"
1584,400,33536.719,"{""message"":""Coupon has no quantity"",""errorCode"":""400""}"
1585,500,31016.146,"{""timestamp"":""2026-08-16T21:26:02.527+00:00"",""status"":500,""error"":""Internal Server Error"",""path"":""/api/bench/issue/1""}"
1586,500,30988.079,"{""timestamp"":""2026-08-16T21:26:02.500+00:00"",""status"":500,""error"":""Internal Server Error"",""path"":""/api/bench/issue/1""}"
1587,500,30627.624,"{""timestamp"":""2026-08-16T21:26:02.145+00:00"",""status"":500,""error"":""Internal Server Error"",""path"":""/api/bench/issue/1""}"
1588,500,30413.764,"{""timestamp"":""2026-08-16T21:26:01.934+00:00"",""status"":500,""error"":""Internal Server Error"",""path"":""/api/bench/issue/1""}"
1589,500,30507.59,"{""timestamp"":""2026-08-16T21:26:02.031+00:00"",""status"":500,""error"":""Internal Server Error"",""path"":""/api/bench/issue/1""}"
1590,500,30560.989,"{""timestamp"":""2026-08-16T21:26:02.088+00:00"",""status"":500,""error"":""Internal Server Error"",""path"":""/api/bench/issue/1""}"
1591,500,31482.129,"{""timestamp"":""2026-08-16T21:26:03.012+00:00"",""status"":500,""error"":""Internal Server Error"",""path"":""/api/bench/issue/1""}"
1592,500,31012.976,"{""timestamp"":""2026-08-16T21:26:02.545+00:00"",""status"":500,""error"":""Internal Server Error"",""path"":""/api/bench/issue/1""}"
1593,500,30630.678,"{""timestamp"":""2026-08-16T21:26:02.167+00:00"",""status"":500,""error"":""Internal Server Error"",""path"":""/api/bench/issue/1""}"
1594,500,30526.858,"{""timestamp"":""2026-08-16T21:26:02.065+00:00"",""status"":500,""error"":""Internal Server Error"",""path"":""/api/bench/issue/1""}"
1595,500,30597.729,"{""timestamp"":""2026-08-16T21:26:02.138+00:00"",""status"":500,""error"":""Internal Server Error"",""path"":""/api/bench/issue/1""}"
1596,500,30531.569,"{""timestamp"":""2026-08-16T21:26:02.073+00:00"",""status"":500,""error"":""Internal Server Error"",""path"":""/api/bench/issue/1""}"
1597,500,30553.174,"{""timestamp"":""2026-08-16T21:26:02.099+00:00"",""status"":500,""error"":""Internal Server Error"",""path"":""/api/bench/issue/1""}"
1598,500,30396.459,"{""timestamp"":""2026-08-16T21:26:01.944+00:00"",""status"":500,""error"":""Internal Server Error"",""path"":""/api/bench/issue/1""}"
1599,500,30555.413,"{""timestamp"":""2026-08-16T21:26:02.106+00:00"",""status"":500,""error"":""Internal Server Error"",""path"":""/api/bench/issue/1""}"
1600,500,30721.859,"{""timestamp"":""2026-08-16T21:26:02.275+00:00"",""status"":500,""error"":""Internal Server Error"",""path"":""/api/bench/issue/1""}"
1601,500,30558.452,"{""timestamp"":""2026-08-16T21:26:02.114+00:00"",""status"":500,""error"":""Internal Server Error"",""path"":""/api/bench/issue/1""}"
1602,500,30993.787,"{""timestamp"":""2026-08-16T21:26:02.552+00:00"",""status"":500,""error"":""Internal Server Error"",""path"":""/api/bench/issue/1""}"
1603,500,30693.908,"{""timestamp"":""2026-08-16T21:26:02.255+00:00"",""status"":500,""error"":""Internal Server Error"",""path"":""/api/bench/issue/1""}"
1604,500,30404.296,"{""timestamp"":""2026-08-16T21:26:01.968+00:00"",""status"":500,""error"":""Internal Server Error"",""path"":""/api/bench/issue/1""}"
1605,500,30417.607,"{""timestamp"":""2026-08-16T21:26:01.984+00:00"",""status"":500,""error"":""Internal Server Error"",""path"":""/api/bench/issue/1""}"
1606,500,30408.526,"{""timestamp"":""2026-08-16T21:26:01.978+00:00"",""status"":500,""error"":""Internal Server Error"",""path"":""/api/bench/issue/1""}"
1607,500,31045.739,"{""timestamp"":""2026-08-16T21:26:02.618+00:00"",""status"":500,""error"":""Internal Server Error"",""path"":""/api/bench/issue/1""}"
1608,500,30708.025,"{""timestamp"":""2026-08-16T21:26:02.282+00:00"",""status"":500,""error"":""Internal Server Error"",""path"":""/api/bench/issue/1""}"
1609,500,30962.545,"{""timestamp"":""2026-08-16T21:26:02.539+00:00"",""status"":500,""error"":""Internal Server Error"",""path"":""/api/bench/issue/1""}"
1610,500,30551.735,"{""timestamp"":""2026-08-16T21:26:02.131+00:00"",""status"":500,""error"":""Internal Server Error"",""path"":""/api/bench/issue/1""}"
1611,500,30539.633,"{""timestamp"":""2026-08-16T21:26:02.121+00:00"",""status"":500,""error"":""Internal Server Error"",""path"":""/api/bench/issue/1""}"
1612,500,31026.505,"{""timestamp"":""2026-08-16T21:26:02.610+00:00"",""status"":500,""error"":""Internal Server Error"",""path"":""/api/bench/issue/1""}"
1613,500,30927.832,"{""timestamp"":""2026-08-16T21:26:02.514+00:00"",""status"":500,""error"":""Internal Server Error"",""path"":""/api/bench/issue/1""}"
1614,500,31008.07,"{""timestamp"":""2026-08-16T21:26:02.597+00:00"",""status"":500,""error"":""Internal Server Error"",""path"":""/api/bench/issue/1""}"
1615,500,30412.288,"{""timestamp"":""2026-08-16T21:26:02.003+00:00"",""status"":500,""error"":""Internal Server Error"",""path"":""/api/bench/issue/1""}"
1616,500,30940.24,"{""timestamp"":""2026-08-16T21:26:02.533+00:00"",""status"":500,""error"":""Internal Server Error"",""path"":""/api/bench/issue/1""}"
1617,500,30708.581,"{""timestamp"":""2026-08-16T21:26:02.304+00:00"",""status"":500,""error"":""Internal Server Error"",""path"":""/api/bench/issue/1""}"
1618,500,30661.296,"{""timestamp"":""2026-08-16T21:26:02.262+00:00"",""status"":500,""error"":""Internal Server Error"",""path"":""/api/bench/issue/1""}"
1619,500,31037.181,"{""timestamp"":""2026-08-16T21:26:02.638+00:00"",""status"":500,""error"":""Internal Server Error"",""path"":""/api/bench/issue/1""}"
1620,400,32955.757,"{""message"":""Coupon has no quantity"",""errorCode"":""400""}"
1621,500,30792.256,"{""timestamp"":""2026-08-16T21:26:02.399+00:00"",""status"":500,""error"":""Internal Server Error"",""path"":""/api/bench/issue/1""}"
1622,500,31515.838,"{""timestamp"":""2026-08-16T21:26:03.125+00:00"",""status"":500,""error"":""Internal Server Error"",""path"":""/api/bench/issue/1""}"
1623,500,31469.363,"{""timestamp"":""2026-08-16T21:26:03.112+00:00"",""status"":500,""error"":""Internal Server Error"",""path"":""/api/bench/issue/1""}"
1624,500,31104.031,"{""timestamp"":""2026-08-16T21:26:02.748+00:00"",""status"":500,""error"":""Internal Server Error"",""path"":""/api/bench/issue/1""}"
1625,500,31621.661,"{""timestamp"":""2026-08-16T21:26:03.269+00:00"",""status"":500,""error"":""Internal Server Error"",""path"":""/api/bench/issue/1""}"
1626,500,31397.664,"{""timestamp"":""2026-08-16T21:26:03.051+00:00"",""status"":500,""error"":""Internal Server Error"",""path"":""/api/bench/issue/1""}"
1627,500,31558.76,"{""timestamp"":""2026-08-16T21:26:03.214+00:00"",""status"":500,""error"":""Internal Server Error"",""path"":""/api/bench/issue/1""}"
1628,500,30702.467,"{""timestamp"":""2026-08-16T21:26:02.359+00:00"",""status"":500,""error"":""Internal Server Error"",""path"":""/api/bench/issue/1""}"
1629,500,31603.437,"{""timestamp"":""2026-08-16T21:26:03.262+00:00"",""status"":500,""error"":""Internal Server Error"",""path"":""/api/bench/issue/1""}"
1630,500,31480.609,"{""timestamp"":""2026-08-16T21:26:03.141+00:00"",""status"":500,""error"":""Internal Server Error"",""path"":""/api/bench/issue/1""}"
1631,500,30664.244,"{""timestamp"":""2026-08-16T21:26:02.325+00:00"",""status"":500,""error"":""Internal Server Error"",""path"":""/api/bench/issue/1""}"
1632,500,31378.789,"{""timestamp"":""2026-08-16T21:26:03.043+00:00"",""status"":500,""error"":""Internal Server Error"",""path"":""/api/bench/issue/1""}"
1633,500,31567.131,"{""timestamp"":""2026-08-16T21:26:03.237+00:00"",""status"":500,""error"":""Internal Server Error"",""path"":""/api/bench/issue/1""}"
1634,500,31476.035,"{""timestamp"":""2026-08-16T21:26:03.148+00:00"",""status"":500,""error"":""Internal Server Error"",""path"":""/api/bench/issue/1""}"
1635,500,31428.528,"{""timestamp"":""2026-08-16T21:26:03.104+00:00"",""status"":500,""error"":""Internal Server Error"",""path"":""/api/bench/issue/1""}"
1636,500,31526.513,"{""timestamp"":""2026-08-16T21:26:03.203+00:00"",""status"":500,""error"":""Internal Server Error"",""path"":""/api/bench/issue/1""}"
1637,500,30923.775,"{""timestamp"":""2026-08-16T21:26:02.602+00:00"",""status"":500,""error"":""Internal Server Error"",""path"":""/api/bench/issue/1""}"
1638,500,30749.122,"{""timestamp"":""2026-08-16T21:26:02.432+00:00"",""status"":500,""error"":""Internal Server Error"",""path"":""/api/bench/issue/1""}"
1639,500,30945.145,"{""timestamp"":""2026-08-16T21:26:02.630+00:00"",""status"":500,""error"":""Internal Server Error"",""path"":""/api/bench/issue/1""}"
1640,500,30999.102,"{""timestamp"":""2026-08-16T21:26:02.687+00:00"",""status"":500,""error"":""Internal Server Error"",""path"":""/api/bench/issue/1""}"
1641,500,30688.464,"{""timestamp"":""2026-08-16T21:26:02.378+00:00"",""status"":500,""error"":""Internal Server Error"",""path"":""/api/bench/issue/1""}"
1642,500,31427.002,"{""timestamp"":""2026-08-16T21:26:03.119+00:00"",""status"":500,""error"":""Internal Server Error"",""path"":""/api/bench/issue/1""}"
1643,500,30973.126,"{""timestamp"":""2026-08-16T21:26:02.667+00:00"",""status"":500,""error"":""Internal Server Error"",""path"":""/api/bench/issue/1""}"
1644,500,30984.777,"{""timestamp"":""2026-08-16T21:26:02.681+00:00"",""status"":500,""error"":""Internal Server Error"",""path"":""/api/bench/issue/1""}"
1645,500,30120.009,"{""timestamp"":""2026-08-16T21:26:01.818+00:00"",""status"":500,""error"":""Internal Server Error"",""path"":""/api/bench/issue/1""}"
1646,500,30961.155,"{""timestamp"":""2026-08-16T21:26:02.660+00:00"",""status"":500,""error"":""Internal Server Error"",""path"":""/api/bench/issue/1""}"
1647,500,31454.956,"{""timestamp"":""2026-08-16T21:26:03.156+00:00"",""status"":500,""error"":""Internal Server Error"",""path"":""/api/bench/issue/1""}"
1648,500,31429.004,"{""timestamp"":""2026-08-16T21:26:03.131+00:00"",""status"":500,""error"":""Internal Server Error"",""path"":""/api/bench/issue/1""}"
1649,500,31013.129,"{""timestamp"":""2026-08-16T21:26:02.719+00:00"",""status"":500,""error"":""Internal Server Error"",""path"":""/api/bench/issue/1""}"
1650,500,30861.678,"{""timestamp"":""2026-08-16T21:26:02.570+00:00"",""status"":500,""error"":""Internal Server Error"",""path"":""/api/bench/issue/1""}"
1651,500,31106.233,"{""timestamp"":""2026-08-16T21:26:02.818+00:00"",""status"":500,""error"":""Internal Server Error"",""path"":""/api/bench/issue/1""}"
1652,500,31542.065,"{""timestamp"":""2026-08-16T21:26:03.256+00:00"",""status"":500,""error"":""Internal Server Error"",""path"":""/api/bench/issue/1""}"
1653,500,30868.116,"{""timestamp"":""2026-08-16T21:26:02.583+00:00"",""status"":500,""error"":""Internal Server Error"",""path"":""/api/bench/issue/1""}"
1654,500,31065.72,"{""timestamp"":""2026-08-16T21:26:02.783+00:00"",""status"":500,""error"":""Internal Server Error"",""path"":""/api/bench/issue/1""}"
1655,500,31528.229,"{""timestamp"":""2026-08-16T21:26:03.246+00:00"",""status"":500,""error"":""Internal Server Error"",""path"":""/api/bench/issue/1""}"
1656,500,30608.694,"{""timestamp"":""2026-08-16T21:26:02.330+00:00"",""status"":500,""error"":""Internal Server Error"",""path"":""/api/bench/issue/1""}"
1657,500,30620.65,"{""timestamp"":""2026-08-16T21:26:02.343+00:00"",""status"":500,""error"":""Internal Server Error"",""path"":""/api/bench/issue/1""}"
1658,500,30689.485,"{""timestamp"":""2026-08-16T21:26:02.415+00:00"",""status"":500,""error"":""Internal Server Error"",""path"":""/api/bench/issue/1""}"
1659,500,31042.906,"{""timestamp"":""2026-08-16T21:26:02.771+00:00"",""status"":500,""error"":""Internal Server Error"",""path"":""/api/bench/issue/1""}"
1660,500,31067.014,"{""timestamp"":""2026-08-16T21:26:02.798+00:00"",""status"":500,""error"":""Internal Server Error"",""path"":""/api/bench/issue/1""}"
1661,500,30221.736,"{""timestamp"":""2026-08-16T21:26:01.954+00:00"",""status"":500,""error"":""Internal Server Error"",""path"":""/api/bench/issue/1""}"
1662,500,30507.943,"{""timestamp"":""2026-08-16T21:26:02.243+00:00"",""status"":500,""error"":""Internal Server Error"",""path"":""/api/bench/issue/1""}"
1663,500,30301.32,"{""timestamp"":""2026-08-16T21:26:02.038+00:00"",""status"":500,""error"":""Internal Server Error"",""path"":""/api/bench/issue/1""}"
1664,500,30653.863,"{""timestamp"":""2026-08-16T21:26:02.393+00:00"",""status"":500,""error"":""Internal Server Error"",""path"":""/api/bench/issue/1""}"
1665,500,30913.106,"{""timestamp"":""2026-08-16T21:26:02.655+00:00"",""status"":500,""error"":""Internal Server Error"",""path"":""/api/bench/issue/1""}"
1666,500,30661.364,"{""timestamp"":""2026-08-16T21:26:02.405+00:00"",""status"":500,""error"":""Internal Server Error"",""path"":""/api/bench/issue/1""}"
1667,500,30761.15,"{""timestamp"":""2026-08-16T21:26:02.507+00:00"",""status"":500,""error"":""Internal Server Error"",""path"":""/api/bench/issue/1""}"
1668,500,30899.691,"{""timestamp"":""2026-08-16T21:26:02.648+00:00"",""status"":500,""error"":""Internal Server Error"",""path"":""/api/bench/issue/1""}"
1669,500,30562.129,"{""timestamp"":""2026-08-16T21:26:02.311+00:00"",""status"":500,""error"":""Internal Server Error"",""path"":""/api/bench/issue/1""}"
1670,500,30298.341,"{""timestamp"":""2026-08-16T21:26:02.050+00:00"",""status"":500,""error"":""Internal Server Error"",""path"":""/api/bench/issue/1""}"
1671,500,30682.809,"{""timestamp"":""2026-08-16T21:26:02.439+00:00"",""status"":500,""error"":""Internal Server Error"",""path"":""/api/bench/issue/1""}"
1672,500,31299.948,"{""timestamp"":""2026-08-16T21:26:03.058+00:00"",""status"":500,""error"":""Internal Server Error"",""path"":""/api/bench/issue/1""}"
1673,500,31191.062,"{""timestamp"":""2026-08-16T21:26:02.952+00:00"",""status"":500,""error"":""Internal Server Error"",""path"":""/api/bench/issue/1""}"
1674,500,30724.529,"{""timestamp"":""2026-08-16T21:26:02.487+00:00"",""status"":500,""error"":""Internal Server Error"",""path"":""/api/bench/issue/1""}"
1675,500,30502.6,"{""timestamp"":""2026-08-16T21:26:02.268+00:00"",""status"":500,""error"":""Internal Server Error"",""path"":""/api/bench/issue/1""}"
1676,500,30657.375,"{""timestamp"":""2026-08-16T21:26:02.425+00:00"",""status"":500,""error"":""Internal Server Error"",""path"":""/api/bench/issue/1""}"
1677,500,30968.946,"{""timestamp"":""2026-08-16T21:26:02.739+00:00"",""status"":500,""error"":""Internal Server Error"",""path"":""/api/bench/issue/1""}"
1678,500,30816.705,"{""timestamp"":""2026-08-16T21:26:02.588+00:00"",""status"":500,""error"":""Internal Server Error"",""path"":""/api/bench/issue/1""}"
1679,500,31535.089,"{""timestamp"":""2026-08-16T21:26:03.309+00:00"",""status"":500,""error"":""Internal Server Error"",""path"":""/api/bench/issue/1""}"
1680,500,31499.555,"{""timestamp"":""2026-08-16T21:26:03.275+00:00"",""status"":500,""error"":""Internal Server Error"",""path"":""/api/bench/issue/1""}"
1681,500,31117.742,"{""timestamp"":""2026-08-16T21:26:02.897+00:00"",""status"":500,""error"":""Internal Server Error"",""path"":""/api/bench/issue/1""}"
1682,500,31436.839,"{""timestamp"":""2026-08-16T21:26:03.220+00:00"",""status"":500,""error"":""Internal Server Error"",""path"":""/api/bench/issue/1""}"
1683,500,30512.589,"{""timestamp"":""2026-08-16T21:26:02.297+00:00"",""status"":500,""error"":""Internal Server Error"",""path"":""/api/bench/issue/1""}"
1684,500,30973.724,"{""timestamp"":""2026-08-16T21:26:02.764+00:00"",""status"":500,""error"":""Internal Server Error"",""path"":""/api/bench/issue/1""}"
1685,500,30493.663,"{""timestamp"":""2026-08-16T21:26:02.291+00:00"",""status"":500,""error"":""Internal Server Error"",""path"":""/api/bench/issue/1""}"
1686,500,31480.834,"{""timestamp"":""2026-08-16T21:26:03.283+00:00"",""status"":500,""error"":""Internal Server Error"",""path"":""/api/bench/issue/1""}"
1687,500,31075.922,"{""timestamp"":""2026-08-16T21:26:02.882+00:00"",""status"":500,""error"":""Internal Server Error"",""path"":""/api/bench/issue/1""}"
1688,500,31492.38,"{""timestamp"":""2026-08-16T21:26:03.302+00:00"",""status"":500,""error"":""Internal Server Error"",""path"":""/api/bench/issue/1""}"
1689,500,31076.646,"{""timestamp"":""2026-08-16T21:26:02.888+00:00"",""status"":500,""error"":""Internal Server Error"",""path"":""/api/bench/issue/1""}"
1690,500,31055.103,"{""timestamp"":""2026-08-16T21:26:02.869+00:00"",""status"":500,""error"":""Internal Server Error"",""path"":""/api/bench/issue/1""}"
1691,500,30880.052,"{""timestamp"":""2026-08-16T21:26:02.695+00:00"",""status"":500,""error"":""Internal Server Error"",""path"":""/api/bench/issue/1""}"
1692,500,30888.574,"{""timestamp"":""2026-08-16T21:26:02.709+00:00"",""status"":500,""error"":""Internal Server Error"",""path"":""/api/bench/issue/1""}"
1693,500,31549.397,"{""timestamp"":""2026-08-16T21:26:03.373+00:00"",""status"":500,""error"":""Internal Server Error"",""path"":""/api/bench/issue/1""}"
1694,500,31015.4,"{""timestamp"":""2026-08-16T21:26:02.841+00:00"",""status"":500,""error"":""Internal Server Error"",""path"":""/api/bench/issue/1""}"
1695,500,31493.741,"{""timestamp"":""2026-08-16T21:26:03.322+00:00"",""status"":500,""error"":""Internal Server Error"",""path"":""/api/bench/issue/1""}"
1696,500,31463.839,"{""timestamp"":""2026-08-16T21:26:03.296+00:00"",""status"":500,""error"":""Internal Server Error"",""path"":""/api/bench/issue/1""}"
1697,500,30868.402,"{""timestamp"":""2026-08-16T21:26:02.702+00:00"",""status"":500,""error"":""Internal Server Error"",""path"":""/api/bench/issue/1""}"
1698,500,31091.027,"{""timestamp"":""2026-08-16T21:26:02.929+00:00"",""status"":500,""error"":""Internal Server Error"",""path"":""/api/bench/issue/1""}"
1699,500,31069.476,"{""timestamp"":""2026-08-16T21:26:02.908+00:00"",""status"":500,""error"":""Internal Server Error"",""path"":""/api/bench/issue/1""}"
1700,500,30831.672,"{""timestamp"":""2026-08-16T21:26:02.674+00:00"",""status"":500,""error"":""Internal Server Error"",""path"":""/api/bench/issue/1""}"
1701,500,31443.609,"{""timestamp"":""2026-08-16T21:26:03.289+00:00"",""status"":500,""error"":""Internal Server Error"",""path"":""/api/bench/issue/1""}"
1702,500,31187.056,"{""timestamp"":""2026-08-16T21:26:03.037+00:00"",""status"":500,""error"":""Internal Server Error"",""path"":""/api/bench/issue/1""}"
1703,500,31116.977,"{""timestamp"":""2026-08-16T21:26:02.971+00:00"",""status"":500,""error"":""Internal Server Error"",""path"":""/api/bench/issue/1""}"
1704,500,31119.918,"{""timestamp"":""2026-08-16T21:26:02.978+00:00"",""status"":500,""error"":""Internal Server Error"",""path"":""/api/bench/issue/1""}"
1705,500,31518.021,"{""timestamp"":""2026-08-16T21:26:03.380+00:00"",""status"":500,""error"":""Internal Server Error"",""path"":""/api/bench/issue/1""}"
1706,500,30868.712,"{""timestamp"":""2026-08-16T21:26:02.732+00:00"",""status"":500,""error"":""Internal Server Error"",""path"":""/api/bench/issue/1""}"
1707,500,30757.948,"{""timestamp"":""2026-08-16T21:26:02.624+00:00"",""status"":500,""error"":""Internal Server Error"",""path"":""/api/bench/issue/1""}"
1708,500,31126.785,"{""timestamp"":""2026-08-16T21:26:02.996+00:00"",""status"":500,""error"":""Internal Server Error"",""path"":""/api/bench/issue/1""}"
1709,500,31746.231,"{""timestamp"":""2026-08-16T21:26:03.617+00:00"",""status"":500,""error"":""Internal Server Error"",""path"":""/api/bench/issue/1""}"
1710,500,31154.189,"{""timestamp"":""2026-08-16T21:26:03.030+00:00"",""status"":500,""error"":""Internal Server Error"",""path"":""/api/bench/issue/1""}"
1711,400,30475.887,"{""message"":""Coupon has no quantity"",""errorCode"":""400""}"
1712,500,31134.782,"{""timestamp"":""2026-08-16T21:26:03.020+00:00"",""status"":500,""error"":""Internal Server Error"",""path"":""/api/bench/issue/1""}"
1713,500,31587.197,"{""timestamp"":""2026-08-16T21:26:03.476+00:00"",""status"":500,""error"":""Internal Server Error"",""path"":""/api/bench/issue/1""}"
1714,500,31799.444,"{""timestamp"":""2026-08-16T21:26:03.691+00:00"",""status"":500,""error"":""Internal Server Error"",""path"":""/api/bench/issue/1""}"
1715,500,31331.896,"{""timestamp"":""2026-08-16T21:26:03.228+00:00"",""status"":500,""error"":""Internal Server Error"",""path"":""/api/bench/issue/1""}"
1716,500,31581.336,"{""timestamp"":""2026-08-16T21:26:03.488+00:00"",""status"":500,""error"":""Internal Server Error"",""path"":""/api/bench/issue/1""}"
1717,500,31925.017,"{""timestamp"":""2026-08-16T21:26:03.836+00:00"",""status"":500,""error"":""Internal Server Error"",""path"":""/api/bench/issue/1""}"
1718,500,31928.027,"{""timestamp"":""2026-08-16T21:26:03.849+00:00"",""status"":500,""error"":""Internal Server Error"",""path"":""/api/bench/issue/1""}"
1719,500,32276.638,"{""timestamp"":""2026-08-16T21:26:04.207+00:00"",""status"":500,""error"":""Internal Server Error"",""path"":""/api/bench/issue/1""}"
1720,500,31574.19,"{""timestamp"":""2026-08-16T21:26:03.510+00:00"",""status"":500,""error"":""Internal Server Error"",""path"":""/api/bench/issue/1""}"
1721,500,31224.823,"{""timestamp"":""2026-08-16T21:26:03.163+00:00"",""status"":500,""error"":""Internal Server Error"",""path"":""/api/bench/issue/1""}"
1722,500,31374.355,"{""timestamp"":""2026-08-16T21:26:03.315+00:00"",""status"":500,""error"":""Internal Server Error"",""path"":""/api/bench/issue/1""}"
1723,500,31477.562,"{""timestamp"":""2026-08-16T21:26:03.423+00:00"",""status"":500,""error"":""Internal Server Error"",""path"":""/api/bench/issue/1""}"
1724,500,32250.156,"{""timestamp"":""2026-08-16T21:26:04.199+00:00"",""status"":500,""error"":""Internal Server Error"",""path"":""/api/bench/issue/1""}"
1725,500,30364.702,"{""timestamp"":""2026-08-16T21:26:02.316+00:00"",""status"":500,""error"":""Internal Server Error"",""path"":""/api/bench/issue/1""}"
1726,500,31497.352,"{""timestamp"":""2026-08-16T21:26:03.451+00:00"",""status"":500,""error"":""Internal Server Error"",""path"":""/api/bench/issue/1""}"
1727,500,32065.129,"{""timestamp"":""2026-08-16T21:26:04.026+00:00"",""status"":500,""error"":""Internal Server Error"",""path"":""/api/bench/issue/1""}"
1728,500,31504.557,"{""timestamp"":""2026-08-16T21:26:03.468+00:00"",""status"":500,""error"":""Internal Server Error"",""path"":""/api/bench/issue/1""}"
1729,500,32046.337,"{""timestamp"":""2026-08-16T21:26:04.012+00:00"",""status"":500,""error"":""Internal Server Error"",""path"":""/api/bench/issue/1""}"
1730,500,31484.73,"{""timestamp"":""2026-08-16T21:26:03.458+00:00"",""status"":500,""error"":""Internal Server Error"",""path"":""/api/bench/issue/1""}"
1731,500,31354.754,"{""timestamp"":""2026-08-16T21:26:03.331+00:00"",""status"":500,""error"":""Internal Server Error"",""path"":""/api/bench/issue/1""}"
1732,500,32102.334,"{""timestamp"":""2026-08-16T21:26:04.080+00:00"",""status"":500,""error"":""Internal Server Error"",""path"":""/api/bench/issue/1""}"
1733,500,32313.316,"{""timestamp"":""2026-08-16T21:26:04.294+00:00"",""status"":500,""error"":""Internal Server Error"",""path"":""/api/bench/issue/1""}"
1734,500,31641.72,"{""timestamp"":""2026-08-16T21:26:03.624+00:00"",""status"":500,""error"":""Internal Server Error"",""path"":""/api/bench/issue/1""}"
1735,500,32207.024,"{""timestamp"":""2026-08-16T21:26:04.191+00:00"",""status"":500,""error"":""Internal Server Error"",""path"":""/api/bench/issue/1""}"
1736,500,32120.409,"{""timestamp"":""2026-08-16T21:26:04.107+00:00"",""status"":500,""error"":""Internal Server Error"",""path"":""/api/bench/issue/1""}"
1737,500,31616.903,"{""timestamp"":""2026-08-16T21:26:03.608+00:00"",""status"":500,""error"":""Internal Server Error"",""path"":""/api/bench/issue/1""}"
1738,500,31444.684,"{""timestamp"":""2026-08-16T21:26:03.439+00:00"",""status"":500,""error"":""Internal Server Error"",""path"":""/api/bench/issue/1""}"
1739,500,31600.38,"{""timestamp"":""2026-08-16T21:26:03.599+00:00"",""status"":500,""error"":""Internal Server Error"",""path"":""/api/bench/issue/1""}"
1740,500,32126.9,"{""timestamp"":""2026-08-16T21:26:04.127+00:00"",""status"":500,""error"":""Internal Server Error"",""path"":""/api/bench/issue/1""}"
1741,500,30935.701,"{""timestamp"":""2026-08-16T21:26:02.937+00:00"",""status"":500,""error"":""Internal Server Error"",""path"":""/api/bench/issue/1""}"
1742,500,32257.551,"{""timestamp"":""2026-08-16T21:26:04.264+00:00"",""status"":500,""error"":""Internal Server Error"",""path"":""/api/bench/issue/1""}"
1743,500,31669.024,"{""timestamp"":""2026-08-16T21:26:03.678+00:00"",""status"":500,""error"":""Internal Server Error"",""path"":""/api/bench/issue/1""}"
1744,500,32172.564,"{""timestamp"":""2026-08-16T21:26:04.184+00:00"",""status"":500,""error"":""Internal Server Error"",""path"":""/api/bench/issue/1""}"
1745,500,30431.081,"{""timestamp"":""2026-08-16T21:26:02.446+00:00"",""status"":500,""error"":""Internal Server Error"",""path"":""/api/bench/issue/1""}"
1746,500,31649.514,"{""timestamp"":""2026-08-16T21:26:03.671+00:00"",""status"":500,""error"":""Internal Server Error"",""path"":""/api/bench/issue/1""}"
1747,500,31608.332,"{""timestamp"":""2026-08-16T21:26:03.634+00:00"",""status"":500,""error"":""Internal Server Error"",""path"":""/api/bench/issue/1""}"
1748,500,31515.036,"{""timestamp"":""2026-08-16T21:26:03.543+00:00"",""status"":500,""error"":""Internal Server Error"",""path"":""/api/bench/issue/1""}"
1749,500,31534.806,"{""timestamp"":""2026-08-16T21:26:03.566+00:00"",""status"":500,""error"":""Internal Server Error"",""path"":""/api/bench/issue/1""}"
1750,500,30965.895,"{""timestamp"":""2026-08-16T21:26:03.003+00:00"",""status"":500,""error"":""Internal Server Error"",""path"":""/api/bench/issue/1""}"
1751,500,30949.279,"{""timestamp"":""2026-08-16T21:26:02.989+00:00"",""status"":500,""error"":""Internal Server Error"",""path"":""/api/bench/issue/1""}"
1752,500,31547.53,"{""timestamp"":""2026-08-16T21:26:03.590+00:00"",""status"":500,""error"":""Internal Server Error"",""path"":""/api/bench/issue/1""}"
1753,500,30741.692,"{""timestamp"":""2026-08-16T21:26:02.791+00:00"",""status"":500,""error"":""Internal Server Error"",""path"":""/api/bench/issue/1""}"
1754,500,31482.785,"{""timestamp"":""2026-08-16T21:26:03.536+00:00"",""status"":500,""error"":""Internal Server Error"",""path"":""/api/bench/issue/1""}"
1755,500,32158.408,"{""timestamp"":""2026-08-16T21:26:04.215+00:00"",""status"":500,""error"":""Internal Server Error"",""path"":""/api/bench/issue/1""}"
1756,500,31592.377,"{""timestamp"":""2026-08-16T21:26:03.650+00:00"",""status"":500,""error"":""Internal Server Error"",""path"":""/api/bench/issue/1""}"
1757,500,31595.596,"{""timestamp"":""2026-08-16T21:26:03.657+00:00"",""status"":500,""error"":""Internal Server Error"",""path"":""/api/bench/issue/1""}"
1758,500,31341.393,"{""timestamp"":""2026-08-16T21:26:03.409+00:00"",""status"":500,""error"":""Internal Server Error"",""path"":""/api/bench/issue/1""}"
1759,500,31445.537,"{""timestamp"":""2026-08-16T21:26:03.516+00:00"",""status"":500,""error"":""Internal Server Error"",""path"":""/api/bench/issue/1""}"
1760,500,31409.439,"{""timestamp"":""2026-08-16T21:26:03.481+00:00"",""status"":500,""error"":""Internal Server Error"",""path"":""/api/bench/issue/1""}"
1761,500,32228.852,"{""timestamp"":""2026-08-16T21:26:04.304+00:00"",""status"":500,""error"":""Internal Server Error"",""path"":""/api/bench/issue/1""}"
1762,500,31353.301,"{""timestamp"":""2026-08-16T21:26:03.432+00:00"",""status"":500,""error"":""Internal Server Error"",""path"":""/api/bench/issue/1""}"
1763,500,31475.146,"{""timestamp"":""2026-08-16T21:26:03.556+00:00"",""status"":500,""error"":""Internal Server Error"",""path"":""/api/bench/issue/1""}"
1764,500,31443.82,"{""timestamp"":""2026-08-16T21:26:03.529+00:00"",""status"":500,""error"":""Internal Server Error"",""path"":""/api/bench/issue/1""}"
1765,500,31357.24,"{""timestamp"":""2026-08-16T21:26:03.445+00:00"",""status"":500,""error"":""Internal Server Error"",""path"":""/api/bench/issue/1""}"
1766,500,31428.72,"{""timestamp"":""2026-08-16T21:26:03.521+00:00"",""status"":500,""error"":""Internal Server Error"",""path"":""/api/bench/issue/1""}"
1767,500,32214.065,"{""timestamp"":""2026-08-16T21:26:04.312+00:00"",""status"":500,""error"":""Internal Server Error"",""path"":""/api/bench/issue/1""}"
1768,500,31395.345,"{""timestamp"":""2026-08-16T21:26:03.496+00:00"",""status"":500,""error"":""Internal Server Error"",""path"":""/api/bench/issue/1""}"
1769,500,31444.852,"{""timestamp"":""2026-08-16T21:26:03.549+00:00"",""status"":500,""error"":""Internal Server Error"",""path"":""/api/bench/issue/1""}"
1770,500,31534.571,"{""timestamp"":""2026-08-16T21:26:03.643+00:00"",""status"":500,""error"":""Internal Server Error"",""path"":""/api/bench/issue/1""}"
1771,500,32215.281,"{""timestamp"":""2026-08-16T21:26:04.329+00:00"",""status"":500,""error"":""Internal Server Error"",""path"":""/api/bench/issue/1""}"
1772,500,32352.342,"{""timestamp"":""2026-08-16T21:26:04.467+00:00"",""status"":500,""error"":""Internal Server Error"",""path"":""/api/bench/issue/1""}"
1773,500,31547.523,"{""timestamp"":""2026-08-16T21:26:03.664+00:00"",""status"":500,""error"":""Internal Server Error"",""path"":""/api/bench/issue/1""}"
1774,500,30436.812,"{""timestamp"":""2026-08-16T21:26:02.558+00:00"",""status"":500,""error"":""Internal Server Error"",""path"":""/api/bench/issue/1""}"
1775,400,32896.346,"{""message"":""Coupon has no quantity"",""errorCode"":""400""}"
1776,500,31513.252,"{""timestamp"":""2026-08-16T21:26:03.701+00:00"",""status"":500,""error"":""Internal Server Error"",""path"":""/api/bench/issue/1""}"
1777,500,31517.43,"{""timestamp"":""2026-08-16T21:26:03.708+00:00"",""status"":500,""error"":""Internal Server Error"",""path"":""/api/bench/issue/1""}"
1778,500,32695.838,"{""timestamp"":""2026-08-16T21:26:04.891+00:00"",""status"":500,""error"":""Internal Server Error"",""path"":""/api/bench/issue/1""}"
1779,500,31520.044,"{""timestamp"":""2026-08-16T21:26:03.717+00:00"",""status"":500,""error"":""Internal Server Error"",""path"":""/api/bench/issue/1""}"
1780,500,31543.929,"{""timestamp"":""2026-08-16T21:26:03.746+00:00"",""status"":500,""error"":""Internal Server Error"",""path"":""/api/bench/issue/1""}"
1781,500,31518.845,"{""timestamp"":""2026-08-16T21:26:03.725+00:00"",""status"":500,""error"":""Internal Server Error"",""path"":""/api/bench/issue/1""}"
1782,500,31522.199,"{""timestamp"":""2026-08-16T21:26:03.732+00:00"",""status"":500,""error"":""Internal Server Error"",""path"":""/api/bench/issue/1""}"
1783,500,31554.947,"{""timestamp"":""2026-08-16T21:26:03.768+00:00"",""status"":500,""error"":""Internal Server Error"",""path"":""/api/bench/issue/1""}"
1784,500,31523.277,"{""timestamp"":""2026-08-16T21:26:03.739+00:00"",""status"":500,""error"":""Internal Server Error"",""path"":""/api/bench/issue/1""}"
1785,500,32730.532,"{""timestamp"":""2026-08-16T21:26:04.949+00:00"",""status"":500,""error"":""Internal Server Error"",""path"":""/api/bench/issue/1""}"
1786,400,31242.565,"{""message"":""Coupon has no quantity"",""errorCode"":""400""}"
1787,500,32817.076,"{""timestamp"":""2026-08-16T21:26:05.042+00:00"",""status"":500,""error"":""Internal Server Error"",""path"":""/api/bench/issue/1""}"
1788,500,31562.097,"{""timestamp"":""2026-08-16T21:26:03.789+00:00"",""status"":500,""error"":""Internal Server Error"",""path"":""/api/bench/issue/1""}"
1789,500,31683.001,"{""timestamp"":""2026-08-16T21:26:03.909+00:00"",""status"":500,""error"":""Internal Server Error"",""path"":""/api/bench/issue/1""}"
1790,500,32800.96,"{""timestamp"":""2026-08-16T21:26:05.036+00:00"",""status"":500,""error"":""Internal Server Error"",""path"":""/api/bench/issue/1""}"
1791,500,32788.151,"{""timestamp"":""2026-08-16T21:26:05.028+00:00"",""status"":500,""error"":""Internal Server Error"",""path"":""/api/bench/issue/1""}"
1792,500,31618.506,"{""timestamp"":""2026-08-16T21:26:03.862+00:00"",""status"":500,""error"":""Internal Server Error"",""path"":""/api/bench/issue/1""}"
1793,400,31964.668,"{""message"":""Coupon has no quantity"",""errorCode"":""400""}"
1794,500,31707.759,"{""timestamp"":""2026-08-16T21:26:03.963+00:00"",""status"":500,""error"":""Internal Server Error"",""path"":""/api/bench/issue/1""}"
1795,500,32876.091,"{""timestamp"":""2026-08-16T21:26:05.139+00:00"",""status"":500,""error"":""Internal Server Error"",""path"":""/api/bench/issue/1""}"
1796,500,33029.426,"{""timestamp"":""2026-08-16T21:26:05.294+00:00"",""status"":500,""error"":""Internal Server Error"",""path"":""/api/bench/issue/1""}"
1797,500,33151.426,"{""timestamp"":""2026-08-16T21:26:05.420+00:00"",""status"":500,""error"":""Internal Server Error"",""path"":""/api/bench/issue/1""}"
1798,500,31801.814,"{""timestamp"":""2026-08-16T21:26:04.074+00:00"",""status"":500,""error"":""Internal Server Error"",""path"":""/api/bench/issue/1""}"
1799,500,33188.403,"{""timestamp"":""2026-08-16T21:26:05.463+00:00"",""status"":500,""error"":""Internal Server Error"",""path"":""/api/bench/issue/1""}"
1800,500,31758.951,"{""timestamp"":""2026-08-16T21:26:04.035+00:00"",""status"":500,""error"":""Internal Server Error"",""path"":""/api/bench/issue/1""}"
1801,500,31736.184,"{""timestamp"":""2026-08-16T21:26:04.019+00:00"",""status"":500,""error"":""Internal Server Error"",""path"":""/api/bench/issue/1""}"
1802,500,31767.459,"{""timestamp"":""2026-08-16T21:26:04.060+00:00"",""status"":500,""error"":""Internal Server Error"",""path"":""/api/bench/issue/1""}"
1803,400,32542.417,"{""message"":""Coupon has no quantity"",""errorCode"":""400""}"
1804,500,31783.27,"{""timestamp"":""2026-08-16T21:26:04.088+00:00"",""status"":500,""error"":""Internal Server Error"",""path"":""/api/bench/issue/1""}"
1805,500,31030.204,"{""timestamp"":""2026-08-16T21:26:03.341+00:00"",""status"":500,""error"":""Internal Server Error"",""path"":""/api/bench/issue/1""}"
1806,400,33460.219,"{""message"":""Coupon has no quantity"",""errorCode"":""400""}"
1807,500,31773.654,"{""timestamp"":""2026-08-16T21:26:04.095+00:00"",""status"":500,""error"":""Internal Server Error"",""path"":""/api/bench/issue/1""}"
1808,500,31018.595,"{""timestamp"":""2026-08-16T21:26:03.349+00:00"",""status"":500,""error"":""Internal Server Error"",""path"":""/api/bench/issue/1""}"
1809,500,31764.788,"{""timestamp"":""2026-08-16T21:26:04.101+00:00"",""status"":500,""error"":""Internal Server Error"",""path"":""/api/bench/issue/1""}"
1810,500,31795.28,"{""timestamp"":""2026-08-16T21:26:04.134+00:00"",""status"":500,""error"":""Internal Server Error"",""path"":""/api/bench/issue/1""}"
1811,500,31769.792,"{""timestamp"":""2026-08-16T21:26:04.113+00:00"",""status"":500,""error"":""Internal Server Error"",""path"":""/api/bench/issue/1""}"
1812,400,30629.971,"{""message"":""Coupon has no quantity"",""errorCode"":""400""}"
1813,500,31007.437,"{""timestamp"":""2026-08-16T21:26:03.359+00:00"",""status"":500,""error"":""Internal Server Error"",""path"":""/api/bench/issue/1""}"
1814,500,31765.165,"{""timestamp"":""2026-08-16T21:26:04.119+00:00"",""status"":500,""error"":""Internal Server Error"",""path"":""/api/bench/issue/1""}"
1815,500,31804.079,"{""timestamp"":""2026-08-16T21:26:04.163+00:00"",""status"":500,""error"":""Internal Server Error"",""path"":""/api/bench/issue/1""}"
1816,500,31793.983,"{""timestamp"":""2026-08-16T21:26:04.156+00:00"",""status"":500,""error"":""Internal Server Error"",""path"":""/api/bench/issue/1""}"
1817,500,31776.466,"{""timestamp"":""2026-08-16T21:26:04.142+00:00"",""status"":500,""error"":""Internal Server Error"",""path"":""/api/bench/issue/1""}"
1818,500,31780.774,"{""timestamp"":""2026-08-16T21:26:04.151+00:00"",""status"":500,""error"":""Internal Server Error"",""path"":""/api/bench/issue/1""}"
1819,500,33245.204,"{""timestamp"":""2026-08-16T21:26:05.621+00:00"",""status"":500,""error"":""Internal Server Error"",""path"":""/api/bench/issue/1""}"
1820,400,30145.068,"{""message"":""Coupon has no quantity"",""errorCode"":""400""}"
1821,500,33282.076,"{""timestamp"":""2026-08-16T21:26:05.668+00:00"",""status"":500,""error"":""Internal Server Error"",""path"":""/api/bench/issue/1""}"
1822,500,33256.053,"{""timestamp"":""2026-08-16T21:26:05.645+00:00"",""status"":500,""error"":""Internal Server Error"",""path"":""/api/bench/issue/1""}"
1823,400,31870.359,"{""message"":""Coupon has no quantity"",""errorCode"":""400""}"
1824,500,31875.329,"{""timestamp"":""2026-08-16T21:26:04.270+00:00"",""status"":500,""error"":""Internal Server Error"",""path"":""/api/bench/issue/1""}"
1825,500,31881.868,"{""timestamp"":""2026-08-16T21:26:04.279+00:00"",""status"":500,""error"":""Internal Server Error"",""path"":""/api/bench/issue/1""}"
1826,500,31836.124,"{""timestamp"":""2026-08-16T21:26:04.237+00:00"",""status"":500,""error"":""Internal Server Error"",""path"":""/api/bench/issue/1""}"
1827,500,31882.519,"{""timestamp"":""2026-08-16T21:26:04.286+00:00"",""status"":500,""error"":""Internal Server Error"",""path"":""/api/bench/issue/1""}"
1828,400,36471.586,"{""message"":""Coupon has no quantity"",""errorCode"":""400""}"
1829,500,31841.402,"{""timestamp"":""2026-08-16T21:26:04.252+00:00"",""status"":500,""error"":""Internal Server Error"",""path"":""/api/bench/issue/1""}"
1830,500,31831.947,"{""timestamp"":""2026-08-16T21:26:04.245+00:00"",""status"":500,""error"":""Internal Server Error"",""path"":""/api/bench/issue/1""}"
1831,400,32966.468,"{""message"":""Coupon has no quantity"",""errorCode"":""400""}"
1832,500,31837.044,"{""timestamp"":""2026-08-16T21:26:04.258+00:00"",""status"":500,""error"":""Internal Server Error"",""path"":""/api/bench/issue/1""}"
1833,500,31806.969,"{""timestamp"":""2026-08-16T21:26:04.230+00:00"",""status"":500,""error"":""Internal Server Error"",""path"":""/api/bench/issue/1""}"
1834,400,32204.685,"{""message"":""Coupon has no quantity"",""errorCode"":""400""}"
1835,500,31790.287,"{""timestamp"":""2026-08-16T21:26:04.222+00:00"",""status"":500,""error"":""Internal Server Error"",""path"":""/api/bench/issue/1""}"
1836,500,33226.483,"{""timestamp"":""2026-08-16T21:26:05.661+00:00"",""status"":500,""error"":""Internal Server Error"",""path"":""/api/bench/issue/1""}"
1837,500,33253.146,"{""timestamp"":""2026-08-16T21:26:05.691+00:00"",""status"":500,""error"":""Internal Server Error"",""path"":""/api/bench/issue/1""}"
1838,500,31892.956,"{""timestamp"":""2026-08-16T21:26:04.336+00:00"",""status"":500,""error"":""Internal Server Error"",""path"":""/api/bench/issue/1""}"
1839,500,31872.615,"{""timestamp"":""2026-08-16T21:26:04.319+00:00"",""status"":500,""error"":""Internal Server Error"",""path"":""/api/bench/issue/1""}"
1840,500,33345.539,"{""timestamp"":""2026-08-16T21:26:05.797+00:00"",""status"":500,""error"":""Internal Server Error"",""path"":""/api/bench/issue/1""}"
1841,500,33368.328,"{""timestamp"":""2026-08-16T21:26:05.823+00:00"",""status"":500,""error"":""Internal Server Error"",""path"":""/api/bench/issue/1""}"
1842,500,33347.296,"{""timestamp"":""2026-08-16T21:26:05.803+00:00"",""status"":500,""error"":""Internal Server Error"",""path"":""/api/bench/issue/1""}"
1843,500,33388.461,"{""timestamp"":""2026-08-16T21:26:05.847+00:00"",""status"":500,""error"":""Internal Server Error"",""path"":""/api/bench/issue/1""}"
1844,500,31038.474,"{""timestamp"":""2026-08-16T21:26:03.502+00:00"",""status"":500,""error"":""Internal Server Error"",""path"":""/api/bench/issue/1""}"
1845,500,33406.91,"{""timestamp"":""2026-08-16T21:26:05.878+00:00"",""status"":500,""error"":""Internal Server Error"",""path"":""/api/bench/issue/1""}"
1846,400,34298.557,"{""message"":""Coupon has no quantity"",""errorCode"":""400""}"
1847,500,31906.756,"{""timestamp"":""2026-08-16T21:26:04.382+00:00"",""status"":500,""error"":""Internal Server Error"",""path"":""/api/bench/issue/1""}"
1848,500,31973.196,"{""timestamp"":""2026-08-16T21:26:04.453+00:00"",""status"":500,""error"":""Internal Server Error"",""path"":""/api/bench/issue/1""}"
1849,500,31977.875,"{""timestamp"":""2026-08-16T21:26:04.460+00:00"",""status"":500,""error"":""Internal Server Error"",""path"":""/api/bench/issue/1""}"
1850,500,31957.793,"{""timestamp"":""2026-08-16T21:26:04.445+00:00"",""status"":500,""error"":""Internal Server Error"",""path"":""/api/bench/issue/1""}"
1851,500,31905.089,"{""timestamp"":""2026-08-16T21:26:04.395+00:00"",""status"":500,""error"":""Internal Server Error"",""path"":""/api/bench/issue/1""}"
1852,500,31929.785,"{""timestamp"":""2026-08-16T21:26:04.422+00:00"",""status"":500,""error"":""Internal Server Error"",""path"":""/api/bench/issue/1""}"
1853,500,31937.774,"{""timestamp"":""2026-08-16T21:26:04.436+00:00"",""status"":500,""error"":""Internal Server Error"",""path"":""/api/bench/issue/1""}"
1854,500,31928.158,"{""timestamp"":""2026-08-16T21:26:04.429+00:00"",""status"":500,""error"":""Internal Server Error"",""path"":""/api/bench/issue/1""}"
1855,500,31902.069,"{""timestamp"":""2026-08-16T21:26:04.408+00:00"",""status"":500,""error"":""Internal Server Error"",""path"":""/api/bench/issue/1""}"
1856,500,31894.586,"{""timestamp"":""2026-08-16T21:26:04.402+00:00"",""status"":500,""error"":""Internal Server Error"",""path"":""/api/bench/issue/1""}"
1857,500,31906.073,"{""timestamp"":""2026-08-16T21:26:04.415+00:00"",""status"":500,""error"":""Internal Server Error"",""path"":""/api/bench/issue/1""}"
1858,500,33449.218,"{""timestamp"":""2026-08-16T21:26:05.964+00:00"",""status"":500,""error"":""Internal Server Error"",""path"":""/api/bench/issue/1""}"
1859,400,32615.093,"{""message"":""Coupon has no quantity"",""errorCode"":""400""}"
1860,500,33397.197,"{""timestamp"":""2026-08-16T21:26:05.918+00:00"",""status"":500,""error"":""Internal Server Error"",""path"":""/api/bench/issue/1""}"
1861,500,31980.665,"{""timestamp"":""2026-08-16T21:26:04.504+00:00"",""status"":500,""error"":""Internal Server Error"",""path"":""/api/bench/issue/1""}"
1862,500,31954.731,"{""timestamp"":""2026-08-16T21:26:04.481+00:00"",""status"":500,""error"":""Internal Server Error"",""path"":""/api/bench/issue/1""}"
1863,500,31944.056,"{""timestamp"":""2026-08-16T21:26:04.474+00:00"",""status"":500,""error"":""Internal Server Error"",""path"":""/api/bench/issue/1""}"
1864,500,32109.413,"{""timestamp"":""2026-08-16T21:26:04.641+00:00"",""status"":500,""error"":""Internal Server Error"",""path"":""/api/bench/issue/1""}"
1865,500,33401.816,"{""timestamp"":""2026-08-16T21:26:05.936+00:00"",""status"":500,""error"":""Internal Server Error"",""path"":""/api/bench/issue/1""}"
1866,400,30456.313,"{""message"":""Coupon has no quantity"",""errorCode"":""400""}"
1867,500,32121.855,"{""timestamp"":""2026-08-16T21:26:04.665+00:00"",""status"":500,""error"":""Internal Server Error"",""path"":""/api/bench/issue/1""}"
1868,500,32110.392,"{""timestamp"":""2026-08-16T21:26:04.658+00:00"",""status"":500,""error"":""Internal Server Error"",""path"":""/api/bench/issue/1""}"
1869,500,32084.35,"{""timestamp"":""2026-08-16T21:26:04.633+00:00"",""status"":500,""error"":""Internal Server Error"",""path"":""/api/bench/issue/1""}"
1870,500,31230.198,"{""timestamp"":""2026-08-16T21:26:03.782+00:00"",""status"":500,""error"":""Internal Server Error"",""path"":""/api/bench/issue/1""}"
1871,500,31220.985,"{""timestamp"":""2026-08-16T21:26:03.776+00:00"",""status"":500,""error"":""Internal Server Error"",""path"":""/api/bench/issue/1""}"
1872,500,31931.704,"{""timestamp"":""2026-08-16T21:26:04.489+00:00"",""status"":500,""error"":""Internal Server Error"",""path"":""/api/bench/issue/1""}"
1873,400,31755.959,"{""message"":""Coupon has no quantity"",""errorCode"":""400""}"
1874,500,32033.599,"{""timestamp"":""2026-08-16T21:26:04.598+00:00"",""status"":500,""error"":""Internal Server Error"",""path"":""/api/bench/issue/1""}"
1875,500,32061.731,"{""timestamp"":""2026-08-16T21:26:04.628+00:00"",""status"":500,""error"":""Internal Server Error"",""path"":""/api/bench/issue/1""}"
1876,500,32052.209,"{""timestamp"":""2026-08-16T21:26:04.621+00:00"",""status"":500,""error"":""Internal Server Error"",""path"":""/api/bench/issue/1""}"
1877,500,31994.191,"{""timestamp"":""2026-08-16T21:26:04.566+00:00"",""status"":500,""error"":""Internal Server Error"",""path"":""/api/bench/issue/1""}"
1878,500,32005.551,"{""timestamp"":""2026-08-16T21:26:04.581+00:00"",""status"":500,""error"":""Internal Server Error"",""path"":""/api/bench/issue/1""}"
1879,500,32035.455,"{""timestamp"":""2026-08-16T21:26:04.616+00:00"",""status"":500,""error"":""Internal Server Error"",""path"":""/api/bench/issue/1""}"
1880,500,32023.827,"{""timestamp"":""2026-08-16T21:26:04.605+00:00"",""status"":500,""error"":""Internal Server Error"",""path"":""/api/bench/issue/1""}"
1881,500,31972.992,"{""timestamp"":""2026-08-16T21:26:04.559+00:00"",""status"":500,""error"":""Internal Server Error"",""path"":""/api/bench/issue/1""}"
1882,400,33092.795,"{""message"":""Coupon has no quantity"",""errorCode"":""400""}"
1883,200,1375.363,
1884,500,31932.613,"{""timestamp"":""2026-08-16T21:26:04.533+00:00"",""status"":500,""error"":""Internal Server Error"",""path"":""/api/bench/issue/1""}"
1885,500,31987.258,"{""timestamp"":""2026-08-16T21:26:04.590+00:00"",""status"":500,""error"":""Internal Server Error"",""path"":""/api/bench/issue/1""}"
1886,400,33312.578,"{""message"":""Coupon has no quantity"",""errorCode"":""400""}"
1887,400,31231.284,"{""message"":""Coupon has no quantity"",""errorCode"":""400""}"
1888,400,34856.004,"{""message"":""Coupon has no quantity"",""errorCode"":""400""}"
1889,500,31884.026,"{""timestamp"":""2026-08-16T21:26:04.553+00:00"",""status"":500,""error"":""Internal Server Error"",""path"":""/api/bench/issue/1""}"
1890,500,31870.336,"{""timestamp"":""2026-08-16T21:26:04.540+00:00"",""status"":500,""error"":""Internal Server Error"",""path"":""/api/bench/issue/1""}"
1891,400,34883.772,"{""message"":""Coupon has no quantity"",""errorCode"":""400""}"
1892,400,31568.789,"{""message"":""Coupon has no quantity"",""errorCode"":""400""}"
1893,400,31181.858,"{""message"":""Coupon has no quantity"",""errorCode"":""400""}"
1894,500,31862.088,"{""timestamp"":""2026-08-16T21:26:04.547+00:00"",""status"":500,""error"":""Internal Server Error"",""path"":""/api/bench/issue/1""}"
1895,500,31108.684,"{""timestamp"":""2026-08-16T21:26:03.796+00:00"",""status"":500,""error"":""Internal Server Error"",""path"":""/api/bench/issue/1""}"
1896,500,31989.922,"{""timestamp"":""2026-08-16T21:26:04.682+00:00"",""status"":500,""error"":""Internal Server Error"",""path"":""/api/bench/issue/1""}"
1897,500,31103.342,"{""timestamp"":""2026-08-16T21:26:03.803+00:00"",""status"":500,""error"":""Internal Server Error"",""path"":""/api/bench/issue/1""}"
1898,500,32046.354,"{""timestamp"":""2026-08-16T21:26:04.748+00:00"",""status"":500,""error"":""Internal Server Error"",""path"":""/api/bench/issue/1""}"
1899,500,33318.051,"{""timestamp"":""2026-08-16T21:26:06.023+00:00"",""status"":500,""error"":""Internal Server Error"",""path"":""/api/bench/issue/1""}"
1900,400,31889.33,"{""message"":""Coupon has no quantity"",""errorCode"":""400""}"
1901,500,31980.993,"{""timestamp"":""2026-08-16T21:26:04.693+00:00"",""status"":500,""error"":""Internal Server Error"",""path"":""/api/bench/issue/1""}"
1902,500,32045.1,"{""timestamp"":""2026-08-16T21:26:04.760+00:00"",""status"":500,""error"":""Internal Server Error"",""path"":""/api/bench/issue/1""}"
1903,500,33313.512,"{""timestamp"":""2026-08-16T21:26:06.030+00:00"",""status"":500,""error"":""Internal Server Error"",""path"":""/api/bench/issue/1""}"
1904,500,31089.819,"{""timestamp"":""2026-08-16T21:26:03.809+00:00"",""status"":500,""error"":""Internal Server Error"",""path"":""/api/bench/issue/1""}"
1905,500,31105.217,"{""timestamp"":""2026-08-16T21:26:03.823+00:00"",""status"":500,""error"":""Internal Server Error"",""path"":""/api/bench/issue/1""}"
1906,500,33292.305,"{""timestamp"":""2026-08-16T21:26:06.017+00:00"",""status"":500,""error"":""Internal Server Error"",""path"":""/api/bench/issue/1""}"
1907,400,30698.442,"{""message"":""Coupon has no quantity"",""errorCode"":""400""}"
1908,500,32019.573,"{""timestamp"":""2026-08-16T21:26:04.748+00:00"",""status"":500,""error"":""Internal Server Error"",""path"":""/api/bench/issue/1""}"
1909,500,33304.97,"{""timestamp"":""2026-08-16T21:26:06.037+00:00"",""status"":500,""error"":""Internal Server Error"",""path"":""/api/bench/issue/1""}"
1910,500,32041.538,"{""timestamp"":""2026-08-16T21:26:04.777+00:00"",""status"":500,""error"":""Internal Server Error"",""path"":""/api/bench/issue/1""}"
1911,500,32015.817,"{""timestamp"":""2026-08-16T21:26:04.753+00:00"",""status"":500,""error"":""Internal Server Error"",""path"":""/api/bench/issue/1""}"
1912,500,31831.778,"{""timestamp"":""2026-08-16T21:26:04.573+00:00"",""status"":500,""error"":""Internal Server Error"",""path"":""/api/bench/issue/1""}"
1913,500,32021.853,"{""timestamp"":""2026-08-16T21:26:04.765+00:00"",""status"":500,""error"":""Internal Server Error"",""path"":""/api/bench/issue/1""}"
1914,500,32024.344,"{""timestamp"":""2026-08-16T21:26:04.771+00:00"",""status"":500,""error"":""Internal Server Error"",""path"":""/api/bench/issue/1""}"
1915,500,32041.263,"{""timestamp"":""2026-08-16T21:26:04.790+00:00"",""status"":500,""error"":""Internal Server Error"",""path"":""/api/bench/issue/1""}"
1916,500,31091.294,"{""timestamp"":""2026-08-16T21:26:03.842+00:00"",""status"":500,""error"":""Internal Server Error"",""path"":""/api/bench/issue/1""}"
1917,500,31072.41,"{""timestamp"":""2026-08-16T21:26:03.825+00:00"",""status"":500,""error"":""Internal Server Error"",""path"":""/api/bench/issue/1""}"
1918,500,31760.972,"{""timestamp"":""2026-08-16T21:26:04.518+00:00"",""status"":500,""error"":""Internal Server Error"",""path"":""/api/bench/issue/1""}"
1919,500,32023.564,"{""timestamp"":""2026-08-16T21:26:04.783+00:00"",""status"":500,""error"":""Internal Server Error"",""path"":""/api/bench/issue/1""}"
1920,400,32334.837,"{""message"":""Coupon has no quantity"",""errorCode"":""400""}"
1921,500,31744.837,"{""timestamp"":""2026-08-16T21:26:04.511+00:00"",""status"":500,""error"":""Internal Server Error"",""path"":""/api/bench/issue/1""}"
1922,500,32067.332,"{""timestamp"":""2026-08-16T21:26:04.837+00:00"",""status"":500,""error"":""Internal Server Error"",""path"":""/api/bench/issue/1""}"
1923,400,31247.231,"{""message"":""Coupon has no quantity"",""errorCode"":""400""}"
1924,500,32067.072,"{""timestamp"":""2026-08-16T21:26:04.848+00:00"",""status"":500,""error"":""Internal Server Error"",""path"":""/api/bench/issue/1""}"
1925,500,31716.479,"{""timestamp"":""2026-08-16T21:26:04.524+00:00"",""status"":500,""error"":""Internal Server Error"",""path"":""/api/bench/issue/1""}"
1926,500,32038.699,"{""timestamp"":""2026-08-16T21:26:04.854+00:00"",""status"":500,""error"":""Internal Server Error"",""path"":""/api/bench/issue/1""}"
1927,500,32021.33,"{""timestamp"":""2026-08-16T21:26:04.843+00:00"",""status"":500,""error"":""Internal Server Error"",""path"":""/api/bench/issue/1""}"
1928,500,32005.649,"{""timestamp"":""2026-08-16T21:26:04.830+00:00"",""status"":500,""error"":""Internal Server Error"",""path"":""/api/bench/issue/1""}"
1929,500,31026.987,"{""timestamp"":""2026-08-16T21:26:03.855+00:00"",""status"":500,""error"":""Internal Server Error"",""path"":""/api/bench/issue/1""}"
1930,500,32052.475,"{""timestamp"":""2026-08-16T21:26:04.884+00:00"",""status"":500,""error"":""Internal Server Error"",""path"":""/api/bench/issue/1""}"
1931,500,33175.071,"{""timestamp"":""2026-08-16T21:26:06.010+00:00"",""status"":500,""error"":""Internal Server Error"",""path"":""/api/bench/issue/1""}"
1932,500,32024.25,"{""timestamp"":""2026-08-16T21:26:04.862+00:00"",""status"":500,""error"":""Internal Server Error"",""path"":""/api/bench/issue/1""}"
1933,500,32057.754,"{""timestamp"":""2026-08-16T21:26:04.898+00:00"",""status"":500,""error"":""Internal Server Error"",""path"":""/api/bench/issue/1""}"
1934,500,32061.015,"{""timestamp"":""2026-08-16T21:26:04.905+00:00"",""status"":500,""error"":""Internal Server Error"",""path"":""/api/bench/issue/1""}"
1935,500,33152.376,"{""timestamp"":""2026-08-16T21:26:06.001+00:00"",""status"":500,""error"":""Internal Server Error"",""path"":""/api/bench/issue/1""}"
1936,500,32059.049,"{""timestamp"":""2026-08-16T21:26:04.911+00:00"",""status"":500,""error"":""Internal Server Error"",""path"":""/api/bench/issue/1""}"
1937,500,32017.071,"{""timestamp"":""2026-08-16T21:26:04.870+00:00"",""status"":500,""error"":""Internal Server Error"",""path"":""/api/bench/issue/1""}"
1938,500,32080.712,"{""timestamp"":""2026-08-16T21:26:04.937+00:00"",""status"":500,""error"":""Internal Server Error"",""path"":""/api/bench/issue/1""}"
1939,500,32017.166,"{""timestamp"":""2026-08-16T21:26:04.878+00:00"",""status"":500,""error"":""Internal Server Error"",""path"":""/api/bench/issue/1""}"
1940,500,31839.34,"{""timestamp"":""2026-08-16T21:26:04.703+00:00"",""status"":500,""error"":""Internal Server Error"",""path"":""/api/bench/issue/1""}"
1941,500,32053.477,"{""timestamp"":""2026-08-16T21:26:04.920+00:00"",""status"":500,""error"":""Internal Server Error"",""path"":""/api/bench/issue/1""}"
1942,500,32058.854,"{""timestamp"":""2026-08-16T21:26:04.929+00:00"",""status"":500,""error"":""Internal Server Error"",""path"":""/api/bench/issue/1""}"
1943,500,33115.503,"{""timestamp"":""2026-08-16T21:26:05.988+00:00"",""status"":500,""error"":""Internal Server Error"",""path"":""/api/bench/issue/1""}"
1944,400,30419.548,"{""message"":""Coupon has no quantity"",""errorCode"":""400""}"
1945,500,33106.036,"{""timestamp"":""2026-08-16T21:26:05.995+00:00"",""status"":500,""error"":""Internal Server Error"",""path"":""/api/bench/issue/1""}"
1946,500,33152.143,"{""timestamp"":""2026-08-16T21:26:06.046+00:00"",""status"":500,""error"":""Internal Server Error"",""path"":""/api/bench/issue/1""}"
1947,500,33084.661,"{""timestamp"":""2026-08-16T21:26:05.982+00:00"",""status"":500,""error"":""Internal Server Error"",""path"":""/api/bench/issue/1""}"
1948,500,31818.458,"{""timestamp"":""2026-08-16T21:26:04.720+00:00"",""status"":500,""error"":""Internal Server Error"",""path"":""/api/bench/issue/1""}"
1949,500,32054.234,"{""timestamp"":""2026-08-16T21:26:04.959+00:00"",""status"":500,""error"":""Internal Server Error"",""path"":""/api/bench/issue/1""}"
1950,400,32394.74,"{""message"":""Coupon has no quantity"",""errorCode"":""400""}"
1951,500,31731.024,"{""timestamp"":""2026-08-16T21:26:04.650+00:00"",""status"":500,""error"":""Internal Server Error"",""path"":""/api/bench/issue/1""}"
1952,500,31744.925,"{""timestamp"":""2026-08-16T21:26:04.674+00:00"",""status"":500,""error"":""Internal Server Error"",""path"":""/api/bench/issue/1""}"
1953,500,31778.479,"{""timestamp"":""2026-08-16T21:26:04.710+00:00"",""status"":500,""error"":""Internal Server Error"",""path"":""/api/bench/issue/1""}"
1954,500,32048.172,"{""timestamp"":""2026-08-16T21:26:04.988+00:00"",""status"":500,""error"":""Internal Server Error"",""path"":""/api/bench/issue/1""}"
1955,500,33104.897,"{""timestamp"":""2026-08-16T21:26:06.052+00:00"",""status"":500,""error"":""Internal Server Error"",""path"":""/api/bench/issue/1""}"
1956,400,30584.866,"{""message"":""Coupon has no quantity"",""errorCode"":""400""}"
1957,500,32098.698,"{""timestamp"":""2026-08-16T21:26:05.051+00:00"",""status"":500,""error"":""Internal Server Error"",""path"":""/api/bench/issue/1""}"
1958,500,33112.021,"{""timestamp"":""2026-08-16T21:26:06.070+00:00"",""status"":500,""error"":""Internal Server Error"",""path"":""/api/bench/issue/1""}"
1959,500,32107.444,"{""timestamp"":""2026-08-16T21:26:05.069+00:00"",""status"":500,""error"":""Internal Server Error"",""path"":""/api/bench/issue/1""}"
1960,500,30958.727,"{""timestamp"":""2026-08-16T21:26:03.923+00:00"",""status"":500,""error"":""Internal Server Error"",""path"":""/api/bench/issue/1""}"
1961,400,33850.764,"{""message"":""Coupon has no quantity"",""errorCode"":""400""}"
1962,500,33084.62,"{""timestamp"":""2026-08-16T21:26:06.058+00:00"",""status"":500,""error"":""Internal Server Error"",""path"":""/api/bench/issue/1""}"
1963,500,33088.081,"{""timestamp"":""2026-08-16T21:26:06.064+00:00"",""status"":500,""error"":""Internal Server Error"",""path"":""/api/bench/issue/1""}"
1964,500,31832.695,"{""timestamp"":""2026-08-16T21:26:04.811+00:00"",""status"":500,""error"":""Internal Server Error"",""path"":""/api/bench/issue/1""}"
1965,500,31815.687,"{""timestamp"":""2026-08-16T21:26:04.797+00:00"",""status"":500,""error"":""Internal Server Error"",""path"":""/api/bench/issue/1""}"
1966,500,31821.693,"{""timestamp"":""2026-08-16T21:26:04.804+00:00"",""status"":500,""error"":""Internal Server Error"",""path"":""/api/bench/issue/1""}"
1967,500,33092.155,"{""timestamp"":""2026-08-16T21:26:06.080+00:00"",""status"":500,""error"":""Internal Server Error"",""path"":""/api/bench/issue/1""}"
1968,400,32551.124,"{""message"":""Coupon has no quantity"",""errorCode"":""400""}"
1969,500,31823.607,"{""timestamp"":""2026-08-16T21:26:04.817+00:00"",""status"":500,""error"":""Internal Server Error"",""path"":""/api/bench/issue/1""}"
1970,500,31827.946,"{""timestamp"":""2026-08-16T21:26:04.824+00:00"",""status"":500,""error"":""Internal Server Error"",""path"":""/api/bench/issue/1""}"
1971,500,33084.067,"{""timestamp"":""2026-08-16T21:26:06.087+00:00"",""status"":500,""error"":""Internal Server Error"",""path"":""/api/bench/issue/1""}"
1972,500,33091.305,"{""timestamp"":""2026-08-16T21:26:06.097+00:00"",""status"":500,""error"":""Internal Server Error"",""path"":""/api/bench/issue/1""}"
1973,500,32007.665,"{""timestamp"":""2026-08-16T21:26:05.020+00:00"",""status"":500,""error"":""Internal Server Error"",""path"":""/api/bench/issue/1""}"
1974,500,32044.879,"{""timestamp"":""2026-08-16T21:26:05.060+00:00"",""status"":500,""error"":""Internal Server Error"",""path"":""/api/bench/issue/1""}"
1975,500,33092.829,"{""timestamp"":""2026-08-16T21:26:06.113+00:00"",""status"":500,""error"":""Internal Server Error"",""path"":""/api/bench/issue/1""}"
1976,500,33083.458,"{""timestamp"":""2026-08-16T21:26:06.105+00:00"",""status"":500,""error"":""Internal Server Error"",""path"":""/api/bench/issue/1""}"
1977,500,30843.82,"{""timestamp"":""2026-08-16T21:26:03.868+00:00"",""status"":500,""error"":""Internal Server Error"",""path"":""/api/bench/issue/1""}"
1978,500,33094.121,"{""timestamp"":""2026-08-16T21:26:06.123+00:00"",""status"":500,""error"":""Internal Server Error"",""path"":""/api/bench/issue/1""}"
1979,500,31979.065,"{""timestamp"":""2026-08-16T21:26:05.010+00:00"",""status"":500,""error"":""Internal Server Error"",""path"":""/api/bench/issue/1""}"
1980,500,30840.263,"{""timestamp"":""2026-08-16T21:26:03.875+00:00"",""status"":500,""error"":""Internal Server Error"",""path"":""/api/bench/issue/1""}"
1981,500,30851.2,"{""timestamp"":""2026-08-16T21:26:03.889+00:00"",""status"":500,""error"":""Internal Server Error"",""path"":""/api/bench/issue/1""}"
1982,500,31953.54,"{""timestamp"":""2026-08-16T21:26:04.994+00:00"",""status"":500,""error"":""Internal Server Error"",""path"":""/api/bench/issue/1""}"
1983,500,33083.89,"{""timestamp"":""2026-08-16T21:26:06.130+00:00"",""status"":500,""error"":""Internal Server Error"",""path"":""/api/bench/issue/1""}"
1984,500,30831.456,"{""timestamp"":""2026-08-16T21:26:03.882+00:00"",""status"":500,""error"":""Internal Server Error"",""path"":""/api/bench/issue/1""}"
1985,500,30861.648,"{""timestamp"":""2026-08-16T21:26:03.916+00:00"",""status"":500,""error"":""Internal Server Error"",""path"":""/api/bench/issue/1""}"
1986,400,30942.765,"{""message"":""Coupon has no quantity"",""errorCode"":""400""}"
1987,500,30841.145,"{""timestamp"":""2026-08-16T21:26:03.902+00:00"",""status"":500,""error"":""Internal Server Error"",""path"":""/api/bench/issue/1""}"
1988,500,30830.719,"{""timestamp"":""2026-08-16T21:26:03.896+00:00"",""status"":500,""error"":""Internal Server Error"",""path"":""/api/bench/issue/1""}"
1989,500,33066.442,"{""timestamp"":""2026-08-16T21:26:06.136+00:00"",""status"":500,""error"":""Internal Server Error"",""path"":""/api/bench/issue/1""}"
1990,500,32002.607,"{""timestamp"":""2026-08-16T21:26:05.079+00:00"",""status"":500,""error"":""Internal Server Error"",""path"":""/api/bench/issue/1""}"
1991,500,32005.707,"{""timestamp"":""2026-08-16T21:26:05.086+00:00"",""status"":500,""error"":""Internal Server Error"",""path"":""/api/bench/issue/1""}"
1992,500,32010.914,"{""timestamp"":""2026-08-16T21:26:05.093+00:00"",""status"":500,""error"":""Internal Server Error"",""path"":""/api/bench/issue/1""}"
1993,500,33056.576,"{""timestamp"":""2026-08-16T21:26:06.142+00:00"",""status"":500,""error"":""Internal Server Error"",""path"":""/api/bench/issue/1""}"
1994,500,31880.633,"{""timestamp"":""2026-08-16T21:26:04.969+00:00"",""status"":500,""error"":""Internal Server Error"",""path"":""/api/bench/issue/1""}"
1995,500,31909.644,"{""timestamp"":""2026-08-16T21:26:05.001+00:00"",""status"":500,""error"":""Internal Server Error"",""path"":""/api/bench/issue/1""}"
1996,500,33069.76,"{""timestamp"":""2026-08-16T21:26:06.164+00:00"",""status"":500,""error"":""Internal Server Error"",""path"":""/api/bench/issue/1""}"
1997,500,31880.55,"{""timestamp"":""2026-08-16T21:26:04.977+00:00"",""status"":500,""error"":""Internal Server Error"",""path"":""/api/bench/issue/1""}"
1998,500,30840.599,"{""timestamp"":""2026-08-16T21:26:03.941+00:00"",""status"":500,""error"":""Internal Server Error"",""path"":""/api/bench/issue/1""}"
1999,500,32002.906,"{""timestamp"":""2026-08-16T21:26:05.108+00:00"",""status"":500,""error"":""Internal Server Error"",""path"":""/api/bench/issue/1""}"
2000,500,33041.503,"{""timestamp"":""2026-08-16T21:26:06.149+00:00"",""status"":500,""error"":""Internal Server Error"",""path"":""/api/bench/issue/1""}"
2001,500,32070.412,"{""timestamp"":""2026-08-16T21:26:05.181+00:00"",""status"":500,""error"":""Internal Server Error"",""path"":""/api/bench/issue/1""}"
2002,500,33065.909,"{""timestamp"":""2026-08-16T21:26:06.180+00:00"",""status"":500,""error"":""Internal Server Error"",""path"":""/api/bench/issue/1""}"
2003,500,31984.036,"{""timestamp"":""2026-08-16T21:26:05.101+00:00"",""status"":500,""error"":""Internal Server Error"",""path"":""/api/bench/issue/1""}"
2004,500,31995.26,"{""timestamp"":""2026-08-16T21:26:05.115+00:00"",""status"":500,""error"":""Internal Server Error"",""path"":""/api/bench/issue/1""}"
2005,500,32022.345,"{""timestamp"":""2026-08-16T21:26:05.145+00:00"",""status"":500,""error"":""Internal Server Error"",""path"":""/api/bench/issue/1""}"
2006,500,32040.949,"{""timestamp"":""2026-08-16T21:26:05.166+00:00"",""status"":500,""error"":""Internal Server Error"",""path"":""/api/bench/issue/1""}"
2007,500,31993.102,"{""timestamp"":""2026-08-16T21:26:05.122+00:00"",""status"":500,""error"":""Internal Server Error"",""path"":""/api/bench/issue/1""}"
2008,400,30303.443,"{""message"":""Coupon has no quantity"",""errorCode"":""400""}"
2009,500,32020.676,"{""timestamp"":""2026-08-16T21:26:05.159+00:00"",""status"":500,""error"":""Internal Server Error"",""path"":""/api/bench/issue/1""}"
2010,500,30792.156,"{""timestamp"":""2026-08-16T21:26:03.932+00:00"",""status"":500,""error"":""Internal Server Error"",""path"":""/api/bench/issue/1""}"
2011,500,32010.011,"{""timestamp"":""2026-08-16T21:26:05.150+00:00"",""status"":500,""error"":""Internal Server Error"",""path"":""/api/bench/issue/1""}"
2012,500,32030.076,"{""timestamp"":""2026-08-16T21:26:05.175+00:00"",""status"":500,""error"":""Internal Server Error"",""path"":""/api/bench/issue/1""}"
2013,500,32136.796,"{""timestamp"":""2026-08-16T21:26:05.286+00:00"",""status"":500,""error"":""Internal Server Error"",""path"":""/api/bench/issue/1""}"
2014,500,31979.545,"{""timestamp"":""2026-08-16T21:26:05.131+00:00"",""status"":500,""error"":""Internal Server Error"",""path"":""/api/bench/issue/1""}"
2015,500,32116.199,"{""timestamp"":""2026-08-16T21:26:05.272+00:00"",""status"":500,""error"":""Internal Server Error"",""path"":""/api/bench/issue/1""}"
2016,500,33042.842,"{""timestamp"":""2026-08-16T21:26:06.201+00:00"",""status"":500,""error"":""Internal Server Error"",""path"":""/api/bench/issue/1""}"
2017,500,32104.507,"{""timestamp"":""2026-08-16T21:26:05.265+00:00"",""status"":500,""error"":""Internal Server Error"",""path"":""/api/bench/issue/1""}"
2018,500,32058.529,"{""timestamp"":""2026-08-16T21:26:05.221+00:00"",""status"":500,""error"":""Internal Server Error"",""path"":""/api/bench/issue/1""}"
2019,500,32090.84,"{""timestamp"":""2026-08-16T21:26:05.256+00:00"",""status"":500,""error"":""Internal Server Error"",""path"":""/api/bench/issue/1""}"
2020,500,32079.023,"{""timestamp"":""2026-08-16T21:26:05.247+00:00"",""status"":500,""error"":""Internal Server Error"",""path"":""/api/bench/issue/1""}"
2021,500,32068.502,"{""timestamp"":""2026-08-16T21:26:05.240+00:00"",""status"":500,""error"":""Internal Server Error"",""path"":""/api/bench/issue/1""}"
2022,500,32057.234,"{""timestamp"":""2026-08-16T21:26:05.231+00:00"",""status"":500,""error"":""Internal Server Error"",""path"":""/api/bench/issue/1""}"
2023,500,32038.578,"{""timestamp"":""2026-08-16T21:26:05.215+00:00"",""status"":500,""error"":""Internal Server Error"",""path"":""/api/bench/issue/1""}"
2024,500,32008.885,"{""timestamp"":""2026-08-16T21:26:05.188+00:00"",""status"":500,""error"":""Internal Server Error"",""path"":""/api/bench/issue/1""}"
2025,500,32024.851,"{""timestamp"":""2026-08-16T21:26:05.205+00:00"",""status"":500,""error"":""Internal Server Error"",""path"":""/api/bench/issue/1""}"
2026,500,32014.285,"{""timestamp"":""2026-08-16T21:26:05.195+00:00"",""status"":500,""error"":""Internal Server Error"",""path"":""/api/bench/issue/1""}"
2027,500,30805.764,"{""timestamp"":""2026-08-16T21:26:03.993+00:00"",""status"":500,""error"":""Internal Server Error"",""path"":""/api/bench/issue/1""}"
2028,500,32157.686,"{""timestamp"":""2026-08-16T21:26:05.347+00:00"",""status"":500,""error"":""Internal Server Error"",""path"":""/api/bench/issue/1""}"
2029,500,33032.468,"{""timestamp"":""2026-08-16T21:26:06.224+00:00"",""status"":500,""error"":""Internal Server Error"",""path"":""/api/bench/issue/1""}"
2030,500,32119.322,"{""timestamp"":""2026-08-16T21:26:05.314+00:00"",""status"":500,""error"":""Internal Server Error"",""path"":""/api/bench/issue/1""}"
2031,500,33041.633,"{""timestamp"":""2026-08-16T21:26:06.238+00:00"",""status"":500,""error"":""Internal Server Error"",""path"":""/api/bench/issue/1""}"
2032,500,32168.399,"{""timestamp"":""2026-08-16T21:26:05.369+00:00"",""status"":500,""error"":""Internal Server Error"",""path"":""/api/bench/issue/1""}"
2033,500,32138.399,"{""timestamp"":""2026-08-16T21:26:05.341+00:00"",""status"":500,""error"":""Internal Server Error"",""path"":""/api/bench/issue/1""}"
2034,500,32149.458,"{""timestamp"":""2026-08-16T21:26:05.354+00:00"",""status"":500,""error"":""Internal Server Error"",""path"":""/api/bench/issue/1""}"
2035,500,33046.511,"{""timestamp"":""2026-08-16T21:26:06.253+00:00"",""status"":500,""error"":""Internal Server Error"",""path"":""/api/bench/issue/1""}"
2036,500,32151.219,"{""timestamp"":""2026-08-16T21:26:05.360+00:00"",""status"":500,""error"":""Internal Server Error"",""path"":""/api/bench/issue/1""}"
2037,500,32093.695,"{""timestamp"":""2026-08-16T21:26:05.305+00:00"",""status"":500,""error"":""Internal Server Error"",""path"":""/api/bench/issue/1""}"
2038,500,32114.402,"{""timestamp"":""2026-08-16T21:26:05.329+00:00"",""status"":500,""error"":""Internal Server Error"",""path"":""/api/bench/issue/1""}"
2039,400,31403.63,"{""message"":""Coupon has no quantity"",""errorCode"":""400""}"
2040,500,32101.219,"{""timestamp"":""2026-08-16T21:26:05.323+00:00"",""status"":500,""error"":""Internal Server Error"",""path"":""/api/bench/issue/1""}"
2041,500,32109.157,"{""timestamp"":""2026-08-16T21:26:05.335+00:00"",""status"":500,""error"":""Internal Server Error"",""path"":""/api/bench/issue/1""}"
2042,500,32224.797,"{""timestamp"":""2026-08-16T21:26:05.452+00:00"",""status"":500,""error"":""Internal Server Error"",""path"":""/api/bench/issue/1""}"
2043,500,32213.898,"{""timestamp"":""2026-08-16T21:26:05.444+00:00"",""status"":500,""error"":""Internal Server Error"",""path"":""/api/bench/issue/1""}"
2044,500,32204.37,"{""timestamp"":""2026-08-16T21:26:05.437+00:00"",""status"":500,""error"":""Internal Server Error"",""path"":""/api/bench/issue/1""}"
2045,500,30831.729,"{""timestamp"":""2026-08-16T21:26:04.066+00:00"",""status"":500,""error"":""Internal Server Error"",""path"":""/api/bench/issue/1""}"
2046,400,31971.198,"{""message"":""Coupon has no quantity"",""errorCode"":""400""}"
2047,500,32172.618,"{""timestamp"":""2026-08-16T21:26:05.414+00:00"",""status"":500,""error"":""Internal Server Error"",""path"":""/api/bench/issue/1""}"
2048,500,32161.67,"{""timestamp"":""2026-08-16T21:26:05.406+00:00"",""status"":500,""error"":""Internal Server Error"",""path"":""/api/bench/issue/1""}"
2049,500,32179.99,"{""timestamp"":""2026-08-16T21:26:05.427+00:00"",""status"":500,""error"":""Internal Server Error"",""path"":""/api/bench/issue/1""}"
2050,500,32135.01,"{""timestamp"":""2026-08-16T21:26:05.385+00:00"",""status"":500,""error"":""Internal Server Error"",""path"":""/api/bench/issue/1""}"
2051,500,32144.054,"{""timestamp"":""2026-08-16T21:26:05.396+00:00"",""status"":500,""error"":""Internal Server Error"",""path"":""/api/bench/issue/1""}"
2052,500,33014.731,"{""timestamp"":""2026-08-16T21:26:06.269+00:00"",""status"":500,""error"":""Internal Server Error"",""path"":""/api/bench/issue/1""}"
2053,500,32119.98,"{""timestamp"":""2026-08-16T21:26:05.377+00:00"",""status"":500,""error"":""Internal Server Error"",""path"":""/api/bench/issue/1""}"
2054,500,32274.782,"{""timestamp"":""2026-08-16T21:26:05.534+00:00"",""status"":500,""error"":""Internal Server Error"",""path"":""/api/bench/issue/1""}"
2055,500,32323.831,"{""timestamp"":""2026-08-16T21:26:05.588+00:00"",""status"":500,""error"":""Internal Server Error"",""path"":""/api/bench/issue/1""}"
2056,400,31269.06,"{""message"":""Coupon has no quantity"",""errorCode"":""400""}"
2057,500,32300.067,"{""timestamp"":""2026-08-16T21:26:05.569+00:00"",""status"":500,""error"":""Internal Server Error"",""path"":""/api/bench/issue/1""}"
2058,500,32303.237,"{""timestamp"":""2026-08-16T21:26:05.575+00:00"",""status"":500,""error"":""Internal Server Error"",""path"":""/api/bench/issue/1""}"
2059,500,33010.745,"{""timestamp"":""2026-08-16T21:26:06.284+00:00"",""status"":500,""error"":""Internal Server Error"",""path"":""/api/bench/issue/1""}"
2060,500,32284.876,"{""timestamp"":""2026-08-16T21:26:05.563+00:00"",""status"":500,""error"":""Internal Server Error"",""path"":""/api/bench/issue/1""}"
2061,400,32741.974,"{""message"":""Coupon has no quantity"",""errorCode"":""400""}"
2062,500,32274.015,"{""timestamp"":""2026-08-16T21:26:05.557+00:00"",""status"":500,""error"":""Internal Server Error"",""path"":""/api/bench/issue/1""}"
2063,500,32261.014,"{""timestamp"":""2026-08-16T21:26:05.547+00:00"",""status"":500,""error"":""Internal Server Error"",""path"":""/api/bench/issue/1""}"
2064,500,32235.133,"{""timestamp"":""2026-08-16T21:26:05.523+00:00"",""status"":500,""error"":""Internal Server Error"",""path"":""/api/bench/issue/1""}"
2065,500,32213.328,"{""timestamp"":""2026-08-16T21:26:05.502+00:00"",""status"":500,""error"":""Internal Server Error"",""path"":""/api/bench/issue/1""}"
2066,500,32218.473,"{""timestamp"":""2026-08-16T21:26:05.511+00:00"",""status"":500,""error"":""Internal Server Error"",""path"":""/api/bench/issue/1""}"
2067,400,31613.81,"{""message"":""Coupon has no quantity"",""errorCode"":""400""}"
2068,500,32182.51,"{""timestamp"":""2026-08-16T21:26:05.482+00:00"",""status"":500,""error"":""Internal Server Error"",""path"":""/api/bench/issue/1""}"
2069,500,32187.503,"{""timestamp"":""2026-08-16T21:26:05.490+00:00"",""status"":500,""error"":""Internal Server Error"",""path"":""/api/bench/issue/1""}"
2070,500,32290.896,"{""timestamp"":""2026-08-16T21:26:05.596+00:00"",""status"":500,""error"":""Internal Server Error"",""path"":""/api/bench/issue/1""}"
2071,500,32165.661,"{""timestamp"":""2026-08-16T21:26:05.473+00:00"",""status"":500,""error"":""Internal Server Error"",""path"":""/api/bench/issue/1""}"
2072,400,35232.964,"{""message"":""Coupon has no quantity"",""errorCode"":""400""}"
2073,500,32996.427,"{""timestamp"":""2026-08-16T21:26:06.309+00:00"",""status"":500,""error"":""Internal Server Error"",""path"":""/api/bench/issue/1""}"
2074,500,32264.927,"{""timestamp"":""2026-08-16T21:26:05.581+00:00"",""status"":500,""error"":""Internal Server Error"",""path"":""/api/bench/issue/1""}"
2075,500,33013.266,"{""timestamp"":""2026-08-16T21:26:06.331+00:00"",""status"":500,""error"":""Internal Server Error"",""path"":""/api/bench/issue/1""}"
2076,400,35015.917,"{""message"":""Coupon has no quantity"",""errorCode"":""400""}"
2077,500,32288.414,"{""timestamp"":""2026-08-16T21:26:05.614+00:00"",""status"":500,""error"":""Internal Server Error"",""path"":""/api/bench/issue/1""}"
2078,500,32277.113,"{""timestamp"":""2026-08-16T21:26:05.605+00:00"",""status"":500,""error"":""Internal Server Error"",""path"":""/api/bench/issue/1""}"
2079,500,33032.491,"{""timestamp"":""2026-08-16T21:26:06.362+00:00"",""status"":500,""error"":""Internal Server Error"",""path"":""/api/bench/issue/1""}"
2080,500,33011.519,"{""timestamp"":""2026-08-16T21:26:06.344+00:00"",""status"":500,""error"":""Internal Server Error"",""path"":""/api/bench/issue/1""}"
2081,500,33042.778,"{""timestamp"":""2026-08-16T21:26:06.378+00:00"",""status"":500,""error"":""Internal Server Error"",""path"":""/api/bench/issue/1""}"
2082,500,33057.94,"{""timestamp"":""2026-08-16T21:26:06.395+00:00"",""status"":500,""error"":""Internal Server Error"",""path"":""/api/bench/issue/1""}"
2083,500,33149.761,"{""timestamp"":""2026-08-16T21:26:06.490+00:00"",""status"":500,""error"":""Internal Server Error"",""path"":""/api/bench/issue/1""}"
2084,500,32291.458,"{""timestamp"":""2026-08-16T21:26:05.634+00:00"",""status"":500,""error"":""Internal Server Error"",""path"":""/api/bench/issue/1""}"
2085,500,33082.755,"{""timestamp"":""2026-08-16T21:26:06.429+00:00"",""status"":500,""error"":""Internal Server Error"",""path"":""/api/bench/issue/1""}"
2086,500,32303.425,"{""timestamp"":""2026-08-16T21:26:05.653+00:00"",""status"":500,""error"":""Internal Server Error"",""path"":""/api/bench/issue/1""}"
2087,400,31104.225,"{""message"":""Coupon has no quantity"",""errorCode"":""400""}"
2088,500,33086.492,"{""timestamp"":""2026-08-16T21:26:06.441+00:00"",""status"":500,""error"":""Internal Server Error"",""path"":""/api/bench/issue/1""}"
2089,500,32324.86,"{""timestamp"":""2026-08-16T21:26:05.683+00:00"",""status"":500,""error"":""Internal Server Error"",""path"":""/api/bench/issue/1""}"
2090,500,33091.981,"{""timestamp"":""2026-08-16T21:26:06.453+00:00"",""status"":500,""error"":""Internal Server Error"",""path"":""/api/bench/issue/1""}"
2091,500,32306.918,"{""timestamp"":""2026-08-16T21:26:05.674+00:00"",""status"":500,""error"":""Internal Server Error"",""path"":""/api/bench/issue/1""}"
2092,500,33100.768,"{""timestamp"":""2026-08-16T21:26:06.471+00:00"",""status"":500,""error"":""Internal Server Error"",""path"":""/api/bench/issue/1""}"
2093,400,31274.723,"{""message"":""Coupon has no quantity"",""errorCode"":""400""}"
2094,500,32323.013,"{""timestamp"":""2026-08-16T21:26:05.698+00:00"",""status"":500,""error"":""Internal Server Error"",""path"":""/api/bench/issue/1""}"
2095,500,33178.589,"{""timestamp"":""2026-08-16T21:26:06.555+00:00"",""status"":500,""error"":""Internal Server Error"",""path"":""/api/bench/issue/1""}"
2096,500,32327.851,"{""timestamp"":""2026-08-16T21:26:05.706+00:00"",""status"":500,""error"":""Internal Server Error"",""path"":""/api/bench/issue/1""}"
2097,500,33127.315,"{""timestamp"":""2026-08-16T21:26:06.508+00:00"",""status"":500,""error"":""Internal Server Error"",""path"":""/api/bench/issue/1""}"
2098,500,33146.253,"{""timestamp"":""2026-08-16T21:26:06.531+00:00"",""status"":500,""error"":""Internal Server Error"",""path"":""/api/bench/issue/1""}"
2099,500,33182.085,"{""timestamp"":""2026-08-16T21:26:06.569+00:00"",""status"":500,""error"":""Internal Server Error"",""path"":""/api/bench/issue/1""}"
2100,500,33189.222,"{""timestamp"":""2026-08-16T21:26:06.578+00:00"",""status"":500,""error"":""Internal Server Error"",""path"":""/api/bench/issue/1""}"
2101,500,32326.568,"{""timestamp"":""2026-08-16T21:26:05.719+00:00"",""status"":500,""error"":""Internal Server Error"",""path"":""/api/bench/issue/1""}"
2102,500,32330.73,"{""timestamp"":""2026-08-16T21:26:05.727+00:00"",""status"":500,""error"":""Internal Server Error"",""path"":""/api/bench/issue/1""}"
2103,500,33209.106,"{""timestamp"":""2026-08-16T21:26:06.608+00:00"",""status"":500,""error"":""Internal Server Error"",""path"":""/api/bench/issue/1""}"
2104,500,33244.955,"{""timestamp"":""2026-08-16T21:26:06.647+00:00"",""status"":500,""error"":""Internal Server Error"",""path"":""/api/bench/issue/1""}"
2105,400,30114.023,"{""message"":""Coupon has no quantity"",""errorCode"":""400""}"
2106,500,33212.083,"{""timestamp"":""2026-08-16T21:26:06.620+00:00"",""status"":500,""error"":""Internal Server Error"",""path"":""/api/bench/issue/1""}"
2107,500,32324.796,"{""timestamp"":""2026-08-16T21:26:05.740+00:00"",""status"":500,""error"":""Internal Server Error"",""path"":""/api/bench/issue/1""}"
2108,400,34119.003,"{""message"":""Coupon has no quantity"",""errorCode"":""400""}"
2109,500,33214.335,"{""timestamp"":""2026-08-16T21:26:06.636+00:00"",""status"":500,""error"":""Internal Server Error"",""path"":""/api/bench/issue/1""}"
2110,500,32384.886,"{""timestamp"":""2026-08-16T21:26:05.810+00:00"",""status"":500,""error"":""Internal Server Error"",""path"":""/api/bench/issue/1""}"
2111,500,32349.064,"{""timestamp"":""2026-08-16T21:26:05.777+00:00"",""status"":500,""error"":""Internal Server Error"",""path"":""/api/bench/issue/1""}"
2112,400,34548.509,"{""message"":""Coupon has no quantity"",""errorCode"":""400""}"
2113,500,32353.255,"{""timestamp"":""2026-08-16T21:26:05.789+00:00"",""status"":500,""error"":""Internal Server Error"",""path"":""/api/bench/issue/1""}"
2114,500,32344.869,"{""timestamp"":""2026-08-16T21:26:05.783+00:00"",""status"":500,""error"":""Internal Server Error"",""path"":""/api/bench/issue/1""}"
2115,500,32328.038,"{""timestamp"":""2026-08-16T21:26:05.769+00:00"",""status"":500,""error"":""Internal Server Error"",""path"":""/api/bench/issue/1""}"
2116,500,32299.552,"{""timestamp"":""2026-08-16T21:26:05.748+00:00"",""status"":500,""error"":""Internal Server Error"",""path"":""/api/bench/issue/1""}"
2117,500,32303.862,"{""timestamp"":""2026-08-16T21:26:05.755+00:00"",""status"":500,""error"":""Internal Server Error"",""path"":""/api/bench/issue/1""}"
2118,500,32307.074,"{""timestamp"":""2026-08-16T21:26:05.761+00:00"",""status"":500,""error"":""Internal Server Error"",""path"":""/api/bench/issue/1""}"
2119,400,31258.969,"{""message"":""Coupon has no quantity"",""errorCode"":""400""}"
2120,500,32357.148,"{""timestamp"":""2026-08-16T21:26:05.815+00:00"",""status"":500,""error"":""Internal Server Error"",""path"":""/api/bench/issue/1""}"
2121,500,33130.219,"{""timestamp"":""2026-08-16T21:26:06.594+00:00"",""status"":500,""error"":""Internal Server Error"",""path"":""/api/bench/issue/1""}"
2122,400,31335.396,"{""message"":""Coupon has no quantity"",""errorCode"":""400""}"
2123,500,30891.331,"{""timestamp"":""2026-08-16T21:26:04.363+00:00"",""status"":500,""error"":""Internal Server Error"",""path"":""/api/bench/issue/1""}"
2124,500,33209.599,"{""timestamp"":""2026-08-16T21:26:06.689+00:00"",""status"":500,""error"":""Internal Server Error"",""path"":""/api/bench/issue/1""}"
2125,500,32385.161,"{""timestamp"":""2026-08-16T21:26:05.871+00:00"",""status"":500,""error"":""Internal Server Error"",""path"":""/api/bench/issue/1""}"
2126,500,32376.132,"{""timestamp"":""2026-08-16T21:26:05.865+00:00"",""status"":500,""error"":""Internal Server Error"",""path"":""/api/bench/issue/1""}"
2127,400,34185.758,"{""message"":""Coupon has no quantity"",""errorCode"":""400""}"
2128,500,32361.78,"{""timestamp"":""2026-08-16T21:26:05.858+00:00"",""status"":500,""error"":""Internal Server Error"",""path"":""/api/bench/issue/1""}"
2129,500,32329.476,"{""timestamp"":""2026-08-16T21:26:05.829+00:00"",""status"":500,""error"":""Internal Server Error"",""path"":""/api/bench/issue/1""}"
2130,500,30887.796,"{""timestamp"":""2026-08-16T21:26:04.389+00:00"",""status"":500,""error"":""Internal Server Error"",""path"":""/api/bench/issue/1""}"
2131,500,32347.036,"{""timestamp"":""2026-08-16T21:26:05.853+00:00"",""status"":500,""error"":""Internal Server Error"",""path"":""/api/bench/issue/1""}"
2132,500,32326.97,"{""timestamp"":""2026-08-16T21:26:05.840+00:00"",""status"":500,""error"":""Internal Server Error"",""path"":""/api/bench/issue/1""}"
2133,400,30146.71,"{""message"":""Coupon has no quantity"",""errorCode"":""400""}"
2134,400,30834.499,"{""message"":""Coupon has no quantity"",""errorCode"":""400""}"
2135,500,32372.055,"{""timestamp"":""2026-08-16T21:26:05.892+00:00"",""status"":500,""error"":""Internal Server Error"",""path"":""/api/bench/issue/1""}"
2136,500,32306.174,"{""timestamp"":""2026-08-16T21:26:05.834+00:00"",""status"":500,""error"":""Internal Server Error"",""path"":""/api/bench/issue/1""}"
2137,500,33131.304,"{""timestamp"":""2026-08-16T21:26:06.662+00:00"",""status"":500,""error"":""Internal Server Error"",""path"":""/api/bench/issue/1""}"
2138,500,32360.42,"{""timestamp"":""2026-08-16T21:26:05.898+00:00"",""status"":500,""error"":""Internal Server Error"",""path"":""/api/bench/issue/1""}"
2139,400,31155.009,"{""message"":""Coupon has no quantity"",""errorCode"":""400""}"
2140,500,33162.148,"{""timestamp"":""2026-08-16T21:26:06.710+00:00"",""status"":500,""error"":""Internal Server Error"",""path"":""/api/bench/issue/1""}"
2141,400,30536.746,"{""message"":""Coupon has no quantity"",""errorCode"":""400""}"
2142,500,32326.443,"{""timestamp"":""2026-08-16T21:26:05.885+00:00"",""status"":500,""error"":""Internal Server Error"",""path"":""/api/bench/issue/1""}"
2143,500,32344.146,"{""timestamp"":""2026-08-16T21:26:05.906+00:00"",""status"":500,""error"":""Internal Server Error"",""path"":""/api/bench/issue/1""}"
2144,500,33162.01,"{""timestamp"":""2026-08-16T21:26:06.729+00:00"",""status"":500,""error"":""Internal Server Error"",""path"":""/api/bench/issue/1""}"
2145,400,35496.657,"{""message"":""Coupon has no quantity"",""errorCode"":""400""}"
2146,500,33183.158,"{""timestamp"":""2026-08-16T21:26:06.760+00:00"",""status"":500,""error"":""Internal Server Error"",""path"":""/api/bench/issue/1""}"
2147,500,33195.772,"{""timestamp"":""2026-08-16T21:26:06.776+00:00"",""status"":500,""error"":""Internal Server Error"",""path"":""/api/bench/issue/1""}"
2148,500,32327.045,"{""timestamp"":""2026-08-16T21:26:05.912+00:00"",""status"":500,""error"":""Internal Server Error"",""path"":""/api/bench/issue/1""}"
2149,400,32167.27,"{""message"":""Coupon has no quantity"",""errorCode"":""400""}"
2150,500,33149.887,"{""timestamp"":""2026-08-16T21:26:06.746+00:00"",""status"":500,""error"":""Internal Server Error"",""path"":""/api/bench/issue/1""}"
2151,400,30275.466,"{""message"":""Coupon has no quantity"",""errorCode"":""400""}"
2152,500,32366.869,"{""timestamp"":""2026-08-16T21:26:05.975+00:00"",""status"":500,""error"":""Internal Server Error"",""path"":""/api/bench/issue/1""}"
2153,400,30551.051,"{""message"":""Coupon has no quantity"",""errorCode"":""400""}"
2154,500,32339.847,"{""timestamp"":""2026-08-16T21:26:05.957+00:00"",""status"":500,""error"":""Internal Server Error"",""path"":""/api/bench/issue/1""}"
2155,400,30705.313,"{""message"":""Coupon has no quantity"",""errorCode"":""400""}"
2156,500,32326.877,"{""timestamp"":""2026-08-16T21:26:05.951+00:00"",""status"":500,""error"":""Internal Server Error"",""path"":""/api/bench/issue/1""}"
2157,500,30868.253,"{""timestamp"":""2026-08-16T21:26:04.496+00:00"",""status"":500,""error"":""Internal Server Error"",""path"":""/api/bench/issue/1""}"
2158,500,32311.89,"{""timestamp"":""2026-08-16T21:26:05.943+00:00"",""status"":500,""error"":""Internal Server Error"",""path"":""/api/bench/issue/1""}"
2159,400,31143.419,"{""message"":""Coupon has no quantity"",""errorCode"":""400""}"
2160,500,32285.86,"{""timestamp"":""2026-08-16T21:26:05.924+00:00"",""status"":500,""error"":""Internal Server Error"",""path"":""/api/bench/issue/1""}"
2161,500,32289.127,"{""timestamp"":""2026-08-16T21:26:05.931+00:00"",""status"":500,""error"":""Internal Server Error"",""path"":""/api/bench/issue/1""}"
2162,400,30719.527,"{""message"":""Coupon has no quantity"",""errorCode"":""400""}"
2163,400,30584.298,"{""message"":""Coupon has no quantity"",""errorCode"":""400""}"
2164,400,30460.587,"{""message"":""Coupon has no quantity"",""errorCode"":""400""}"
2165,400,33373.347,"{""message"":""Coupon has no quantity"",""errorCode"":""400""}"
2166,500,33129.918,"{""timestamp"":""2026-08-16T21:26:06.792+00:00"",""status"":500,""error"":""Internal Server Error"",""path"":""/api/bench/issue/1""}"
2167,400,31218.19,"{""message"":""Coupon has no quantity"",""errorCode"":""400""}"
2168,400,30634.014,"{""message"":""Coupon has no quantity"",""errorCode"":""400""}"
2169,400,31592.428,"{""message"":""Coupon has no quantity"",""errorCode"":""400""}"
2170,400,31772.451,"{""message"":""Coupon has no quantity"",""errorCode"":""400""}"
2171,400,30761.624,"{""message"":""Coupon has no quantity"",""errorCode"":""400""}"
2172,400,32602.393,"{""message"":""Coupon has no quantity"",""errorCode"":""400""}"
2173,400,31432.772,"{""message"":""Coupon has no quantity"",""errorCode"":""400""}"
2174,400,32837.136,"{""message"":""Coupon has no quantity"",""errorCode"":""400""}"
2175,400,31065.333,"{""message"":""Coupon has no quantity"",""errorCode"":""400""}"
2176,400,31259.535,"{""message"":""Coupon has no quantity"",""errorCode"":""400""}"
2177,400,30976.957,"{""message"":""Coupon has no quantity"",""errorCode"":""400""}"
2178,400,30629.719,"{""message"":""Coupon has no quantity"",""errorCode"":""400""}"
2179,400,30493.603,"{""message"":""Coupon has no quantity"",""errorCode"":""400""}"
2180,400,35094.46,"{""message"":""Coupon has no quantity"",""errorCode"":""400""}"
2181,400,32176.082,"{""message"":""Coupon has no quantity"",""errorCode"":""400""}"
2182,400,31605.324,"{""message"":""Coupon has no quantity"",""errorCode"":""400""}"
2183,400,32374.826,"{""message"":""Coupon has no quantity"",""errorCode"":""400""}"
2184,400,31630.884,"{""message"":""Coupon has no quantity"",""errorCode"":""400""}"
2185,400,31091.237,"{""message"":""Coupon has no quantity"",""errorCode"":""400""}"
2186,400,32779.635,"{""message"":""Coupon has no quantity"",""errorCode"":""400""}"
2187,400,32078.012,"{""message"":""Coupon has no quantity"",""errorCode"":""400""}"
2188,400,31699.118,"{""message"":""Coupon has no quantity"",""errorCode"":""400""}"
2189,400,34738.429,"{""message"":""Coupon has no quantity"",""errorCode"":""400""}"
2190,400,37462.119,"{""message"":""Coupon has no quantity"",""errorCode"":""400""}"
2191,400,37693.33,"{""message"":""Coupon has no quantity"",""errorCode"":""400""}"
2192,400,30684.048,"{""message"":""Coupon has no quantity"",""errorCode"":""400""}"
2193,400,31926.423,"{""message"":""Coupon has no quantity"",""errorCode"":""400""}"
2194,400,30662.673,"{""message"":""Coupon has no quantity"",""errorCode"":""400""}"
2195,400,31212.371,"{""message"":""Coupon has no quantity"",""errorCode"":""400""}"
2196,400,33536.731,"{""message"":""Coupon has no quantity"",""errorCode"":""400""}"
2197,400,35585.31,"{""message"":""Coupon has no quantity"",""errorCode"":""400""}"
2198,400,31462.652,"{""message"":""Coupon has no quantity"",""errorCode"":""400""}"
2199,400,31945.758,"{""message"":""Coupon has no quantity"",""errorCode"":""400""}"
2200,400,32030.254,"{""message"":""Coupon has no quantity"",""errorCode"":""400""}"
2201,400,31542.264,"{""message"":""Coupon has no quantity"",""errorCode"":""400""}"
2202,400,31287.617,"{""message"":""Coupon has no quantity"",""errorCode"":""400""}"
2203,400,31359.351,"{""message"":""Coupon has no quantity"",""errorCode"":""400""}"
2204,400,35728.176,"{""message"":""Coupon has no quantity"",""errorCode"":""400""}"
2205,400,35093.082,"{""message"":""Coupon has no quantity"",""errorCode"":""400""}"
2206,400,32077.025,"{""message"":""Coupon has no quantity"",""errorCode"":""400""}"
2207,400,31753.59,"{""message"":""Coupon has no quantity"",""errorCode"":""400""}"
2208,400,33238.533,"{""message"":""Coupon has no quantity"",""errorCode"":""400""}"
2209,400,31193.836,"{""message"":""Coupon has no quantity"",""errorCode"":""400""}"
2210,400,31546.71,"{""message"":""Coupon has no quantity"",""errorCode"":""400""}"
2211,400,33122.608,"{""message"":""Coupon has no quantity"",""errorCode"":""400""}"
2212,400,35450.094,"{""message"":""Coupon has no quantity"",""errorCode"":""400""}"
2213,400,30962.035,"{""message"":""Coupon has no quantity"",""errorCode"":""400""}"
2214,400,33433.356,"{""message"":""Coupon has no quantity"",""errorCode"":""400""}"
2215,400,31789.287,"{""message"":""Coupon has no quantity"",""errorCode"":""400""}"
2216,400,31961.893,"{""message"":""Coupon has no quantity"",""errorCode"":""400""}"
2217,400,33640.668,"{""message"":""Coupon has no quantity"",""errorCode"":""400""}"
2218,400,31010.518,"{""message"":""Coupon has no quantity"",""errorCode"":""400""}"
2219,400,31500.272,"{""message"":""Coupon has no quantity"",""errorCode"":""400""}"
2220,400,31343.793,"{""message"":""Coupon has no quantity"",""errorCode"":""400""}"
2221,400,34108.166,"{""message"":""Coupon has no quantity"",""errorCode"":""400""}"
2222,400,31043.273,"{""message"":""Coupon has no quantity"",""errorCode"":""400""}"
2223,400,31366.452,"{""message"":""Coupon has no quantity"",""errorCode"":""400""}"
2224,400,32757.729,"{""message"":""Coupon has no quantity"",""errorCode"":""400""}"
2225,400,31282.787,"{""message"":""Coupon has no quantity"",""errorCode"":""400""}"
2226,400,31904.184,"{""message"":""Coupon has no quantity"",""errorCode"":""400""}"
2227,400,31429.308,"{""message"":""Coupon has no quantity"",""errorCode"":""400""}"
2228,400,33102.332,"{""message"":""Coupon has no quantity"",""errorCode"":""400""}"
2229,400,31610.107,"{""message"":""Coupon has no quantity"",""errorCode"":""400""}"
2230,400,31300.691,"{""message"":""Coupon has no quantity"",""errorCode"":""400""}"
2231,400,31831.843,"{""message"":""Coupon has no quantity"",""errorCode"":""400""}"
2232,400,31843.025,"{""message"":""Coupon has no quantity"",""errorCode"":""400""}"
2233,400,31236.235,"{""message"":""Coupon has no quantity"",""errorCode"":""400""}"
2234,400,31208.801,"{""message"":""Coupon has no quantity"",""errorCode"":""400""}"
2235,400,31223.159,"{""message"":""Coupon has no quantity"",""errorCode"":""400""}"
2236,400,34708.553,"{""message"":""Coupon has no quantity"",""errorCode"":""400""}"
2237,400,31858.307,"{""message"":""Coupon has no quantity"",""errorCode"":""400""}"
2238,400,32362.294,"{""message"":""Coupon has no quantity"",""errorCode"":""400""}"
2239,400,32070.817,"{""message"":""Coupon has no quantity"",""errorCode"":""400""}"
2240,400,31597.522,"{""message"":""Coupon has no quantity"",""errorCode"":""400""}"
2241,400,33523.271,"{""message"":""Coupon has no quantity"",""errorCode"":""400""}"
2242,400,32251.173,"{""message"":""Coupon has no quantity"",""errorCode"":""400""}"
2243,400,33965.063,"{""message"":""Coupon has no quantity"",""errorCode"":""400""}"
2244,400,32967.58,"{""message"":""Coupon has no quantity"",""errorCode"":""400""}"
2245,400,31485.643,"{""message"":""Coupon has no quantity"",""errorCode"":""400""}"
2246,400,31936.265,"{""message"":""Coupon has no quantity"",""errorCode"":""400""}"
2247,400,31495.926,"{""message"":""Coupon has no quantity"",""errorCode"":""400""}"
2248,400,32067.337,"{""message"":""Coupon has no quantity"",""errorCode"":""400""}"
2249,400,32806.223,"{""message"":""Coupon has no quantity"",""errorCode"":""400""}"
2250,400,31543.041,"{""message"":""Coupon has no quantity"",""errorCode"":""400""}"
2251,400,31446.101,"{""message"":""Coupon has no quantity"",""errorCode"":""400""}"
2252,400,31762.525,"{""message"":""Coupon has no quantity"",""errorCode"":""400""}"
2253,400,32817.576,"{""message"":""Coupon has no quantity"",""errorCode"":""400""}"
2254,400,34155.318,"{""message"":""Coupon has no quantity"",""errorCode"":""400""}"
2255,400,36064.108,"{""message"":""Coupon has no quantity"",""errorCode"":""400""}"
2256,400,33304.986,"{""message"":""Coupon has no quantity"",""errorCode"":""400""}"
2257,400,38803.373,"{""message"":""Coupon has no quantity"",""errorCode"":""400""}"
2258,400,34898.261,"{""message"":""Coupon has no quantity"",""errorCode"":""400""}"
2259,400,32880.579,"{""message"":""Coupon has no quantity"",""errorCode"":""400""}"
2260,400,31638.018,"{""message"":""Coupon has no quantity"",""errorCode"":""400""}"
2261,400,35889.183,"{""message"":""Coupon has no quantity"",""errorCode"":""400""}"
2262,400,31618.493,"{""message"":""Coupon has no quantity"",""errorCode"":""400""}"
2263,400,31968.75,"{""message"":""Coupon has no quantity"",""errorCode"":""400""}"
2264,400,34858.073,"{""message"":""Coupon has no quantity"",""errorCode"":""400""}"
2265,400,38567.114,"{""message"":""Coupon has no quantity"",""errorCode"":""400""}"
2266,400,33662.896,"{""message"":""Coupon has no quantity"",""errorCode"":""400""}"
2267,400,32580.82,"{""message"":""Coupon has no quantity"",""errorCode"":""400""}"
2268,400,31670.033,"{""message"":""Coupon has no quantity"",""errorCode"":""400""}"
2269,400,32234.267,"{""message"":""Coupon has no quantity"",""errorCode"":""400""}"
2270,400,33037.991,"{""message"":""Coupon has no quantity"",""errorCode"":""400""}"
2271,400,31887.444,"{""message"":""Coupon has no quantity"",""errorCode"":""400""}"
2272,400,32123.315,"{""message"":""Coupon has no quantity"",""errorCode"":""400""}"
2273,400,33086.976,"{""message"":""Coupon has no quantity"",""errorCode"":""400""}"
2274,400,32604.642,"{""message"":""Coupon has no quantity"",""errorCode"":""400""}"
2275,400,32902.821,"{""message"":""Coupon has no quantity"",""errorCode"":""400""}"
2276,400,35762.857,"{""message"":""Coupon has no quantity"",""errorCode"":""400""}"
2277,400,35063.218,"{""message"":""Coupon has no quantity"",""errorCode"":""400""}"
2278,400,35169.122,"{""message"":""Coupon has no quantity"",""errorCode"":""400""}"
2279,400,32003.889,"{""message"":""Coupon has no quantity"",""errorCode"":""400""}"
2280,400,34137.306,"{""message"":""Coupon has no quantity"",""errorCode"":""400""}"
2281,400,33359.33,"{""message"":""Coupon has no quantity"",""errorCode"":""400""}"
2282,400,33277.218,"{""message"":""Coupon has no quantity"",""errorCode"":""400""}"
2283,400,36342.5,"{""message"":""Coupon has no quantity"",""errorCode"":""400""}"
2284,400,34239.078,"{""message"":""Coupon has no quantity"",""errorCode"":""400""}"
2285,400,34158.572,"{""message"":""Coupon has no quantity"",""errorCode"":""400""}"
2286,400,34046.068,"{""message"":""Coupon has no quantity"",""errorCode"":""400""}"
2287,400,33311.884,"{""message"":""Coupon has no quantity"",""errorCode"":""400""}"
2288,400,32148.546,"{""message"":""Coupon has no quantity"",""errorCode"":""400""}"
2289,400,32419.242,"{""message"":""Coupon has no quantity"",""errorCode"":""400""}"
2290,400,32679.351,"{""message"":""Coupon has no quantity"",""errorCode"":""400""}"
2291,400,36519.734,"{""message"":""Coupon has no quantity"",""errorCode"":""400""}"
2292,400,32032.057,"{""message"":""Coupon has no quantity"",""errorCode"":""400""}"
2293,400,31861.827,"{""message"":""Coupon has no quantity"",""errorCode"":""400""}"
2294,400,36185.63,"{""message"":""Coupon has no quantity"",""errorCode"":""400""}"
2295,400,33252.354,"{""message"":""Coupon has no quantity"",""errorCode"":""400""}"
2296,400,36257.419,"{""message"":""Coupon has no quantity"",""errorCode"":""400""}"
2297,400,32331.677,"{""message"":""Coupon has no quantity"",""errorCode"":""400""}"
2298,400,32942.098,"{""message"":""Coupon has no quantity"",""errorCode"":""400""}"
2299,400,34227.0,"{""message"":""Coupon has no quantity"",""errorCode"":""400""}"
2300,400,32199.372,"{""message"":""Coupon has no quantity"",""errorCode"":""400""}"
2301,400,31940.634,"{""message"":""Coupon has no quantity"",""errorCode"":""400""}"
2302,400,32415.317,"{""message"":""Coupon has no quantity"",""errorCode"":""400""}"
2303,400,32002.055,"{""message"":""Coupon has no quantity"",""errorCode"":""400""}"
2304,400,35256.18,"{""message"":""Coupon has no quantity"",""errorCode"":""400""}"
2305,400,33293.286,"{""message"":""Coupon has no quantity"",""errorCode"":""400""}"
2306,400,32274.255,"{""message"":""Coupon has no quantity"",""errorCode"":""400""}"
2307,400,33814.028,"{""message"":""Coupon has no quantity"",""errorCode"":""400""}"
2308,400,32137.879,"{""message"":""Coupon has no quantity"",""errorCode"":""400""}"
2309,400,35219.664,"{""message"":""Coupon has no quantity"",""errorCode"":""400""}"
2310,400,36002.007,"{""message"":""Coupon has no quantity"",""errorCode"":""400""}"
2311,400,34200.007,"{""message"":""Coupon has no quantity"",""errorCode"":""400""}"
2312,400,33738.494,"{""message"":""Coupon has no quantity"",""errorCode"":""400""}"
2313,400,33116.24,"{""message"":""Coupon has no quantity"",""errorCode"":""400""}"
2314,400,40970.826,"{""message"":""Coupon has no quantity"",""errorCode"":""400""}"
2315,400,36716.057,"{""message"":""Coupon has no quantity"",""errorCode"":""400""}"
2316,400,34644.292,"{""message"":""Coupon has no quantity"",""errorCode"":""400""}"
2317,400,33693.741,"{""message"":""Coupon has no quantity"",""errorCode"":""400""}"
2318,400,32784.151,"{""message"":""Coupon has no quantity"",""errorCode"":""400""}"
2319,400,34077.741,"{""message"":""Coupon has no quantity"",""errorCode"":""400""}"
2320,400,32187.906,"{""message"":""Coupon has no quantity"",""errorCode"":""400""}"
2321,400,35898.876,"{""message"":""Coupon has no quantity"",""errorCode"":""400""}"
2322,400,37409.344,"{""message"":""Coupon has no quantity"",""errorCode"":""400""}"
2323,400,32437.263,"{""message"":""Coupon has no quantity"",""errorCode"":""400""}"
2324,400,32667.104,"{""message"":""Coupon has no quantity"",""errorCode"":""400""}"
2325,400,38359.607,"{""message"":""Coupon has no quantity"",""errorCode"":""400""}"
2326,400,32329.122,"{""message"":""Coupon has no quantity"",""errorCode"":""400""}"
2327,400,33901.227,"{""message"":""Coupon has no quantity"",""errorCode"":""400""}"
2328,400,32773.374,"{""message"":""Coupon has no quantity"",""errorCode"":""400""}"
2329,400,32699.66,"{""message"":""Coupon has no quantity"",""errorCode"":""400""}"
2330,400,32514.181,"{""message"":""Coupon has no quantity"",""errorCode"":""400""}"
2331,400,34101.642,"{""message"":""Coupon has no quantity"",""errorCode"":""400""}"
2332,400,34629.414,"{""message"":""Coupon has no quantity"",""errorCode"":""400""}"
2333,400,33569.647,"{""message"":""Coupon has no quantity"",""errorCode"":""400""}"
2334,400,35323.046,"{""message"":""Coupon has no quantity"",""errorCode"":""400""}"
2335,400,36264.12,"{""message"":""Coupon has no quantity"",""errorCode"":""400""}"
2336,400,39792.33,"{""message"":""Coupon has no quantity"",""errorCode"":""400""}"
2337,400,33218.453,"{""message"":""Coupon has no quantity"",""errorCode"":""400""}"
2338,400,37303.636,"{""message"":""Coupon has no quantity"",""errorCode"":""400""}"
2339,400,32928.028,"{""message"":""Coupon has no quantity"",""errorCode"":""400""}"
2340,400,33306.723,"{""message"":""Coupon has no quantity"",""errorCode"":""400""}"
2341,400,39272.484,"{""message"":""Coupon has no quantity"",""errorCode"":""400""}"
2342,400,33248.954,"{""message"":""Coupon has no quantity"",""errorCode"":""400""}"
2343,400,34127.407,"{""message"":""Coupon has no quantity"",""errorCode"":""400""}"
2344,400,34736.784,"{""message"":""Coupon has no quantity"",""errorCode"":""400""}"
2345,400,35012.461,"{""message"":""Coupon has no quantity"",""errorCode"":""400""}"
2346,400,32999.242,"{""message"":""Coupon has no quantity"",""errorCode"":""400""}"
2347,400,32854.777,"{""message"":""Coupon has no quantity"",""errorCode"":""400""}"
2348,400,33366.08,"{""message"":""Coupon has no quantity"",""errorCode"":""400""}"
2349,400,33731.138,"{""message"":""Coupon has no quantity"",""errorCode"":""400""}"
2350,400,36842.082,"{""message"":""Coupon has no quantity"",""errorCode"":""400""}"
2351,400,37856.226,"{""message"":""Coupon has no quantity"",""errorCode"":""400""}"
2352,400,34316.821,"{""message"":""Coupon has no quantity"",""errorCode"":""400""}"
2353,400,33128.841,"{""message"":""Coupon has no quantity"",""errorCode"":""400""}"
2354,400,32945.371,"{""message"":""Coupon has no quantity"",""errorCode"":""400""}"
2355,400,32867.674,"{""message"":""Coupon has no quantity"",""errorCode"":""400""}"
2356,400,35590.68,"{""message"":""Coupon has no quantity"",""errorCode"":""400""}"
2357,400,32900.592,"{""message"":""Coupon has no quantity"",""errorCode"":""400""}"
2358,400,33847.126,"{""message"":""Coupon has no quantity"",""errorCode"":""400""}"
2359,400,33769.648,"{""message"":""Coupon has no quantity"",""errorCode"":""400""}"
2360,400,34392.658,"{""message"":""Coupon has no quantity"",""errorCode"":""400""}"
2361,400,34886.9,"{""message"":""Coupon has no quantity"",""errorCode"":""400""}"
2362,400,35457.234,"{""message"":""Coupon has no quantity"",""errorCode"":""400""}"
2363,400,33780.606,"{""message"":""Coupon has no quantity"",""errorCode"":""400""}"
2364,400,33912.475,"{""message"":""Coupon has no quantity"",""errorCode"":""400""}"
2365,400,37426.474,"{""message"":""Coupon has no quantity"",""errorCode"":""400""}"
2366,400,35057.383,"{""message"":""Coupon has no quantity"",""errorCode"":""400""}"
2367,400,34322.182,"{""message"":""Coupon has no quantity"",""errorCode"":""400""}"
2368,400,34154.716,"{""message"":""Coupon has no quantity"",""errorCode"":""400""}"
2369,400,33209.439,"{""message"":""Coupon has no quantity"",""errorCode"":""400""}"
2370,400,34493.383,"{""message"":""Coupon has no quantity"",""errorCode"":""400""}"
2371,400,34018.014,"{""message"":""Coupon has no quantity"",""errorCode"":""400""}"
2372,400,34111.681,"{""message"":""Coupon has no quantity"",""errorCode"":""400""}"
2373,400,33519.111,"{""message"":""Coupon has no quantity"",""errorCode"":""400""}"
2374,400,33842.963,"{""message"":""Coupon has no quantity"",""errorCode"":""400""}"
2375,400,33240.968,"{""message"":""Coupon has no quantity"",""errorCode"":""400""}"
2376,400,35903.444,"{""message"":""Coupon has no quantity"",""errorCode"":""400""}"
2377,400,35346.902,"{""message"":""Coupon has no quantity"",""errorCode"":""400""}"
2378,400,38755.899,"{""message"":""Coupon has no quantity"",""errorCode"":""400""}"
2379,400,36315.905,"{""message"":""Coupon has no quantity"",""errorCode"":""400""}"
2380,400,39972.108,"{""message"":""Coupon has no quantity"",""errorCode"":""400""}"
2381,400,37539.729,"{""message"":""Coupon has no quantity"",""errorCode"":""400""}"
2382,400,34358.418,"{""message"":""Coupon has no quantity"",""errorCode"":""400""}"
2383,400,33742.543,"{""message"":""Coupon has no quantity"",""errorCode"":""400""}"
2384,400,33593.664,"{""message"":""Coupon has no quantity"",""errorCode"":""400""}"
2385,400,33535.955,"{""message"":""Coupon has no quantity"",""errorCode"":""400""}"
2386,400,35151.677,"{""message"":""Coupon has no quantity"",""errorCode"":""400""}"
2387,400,33499.917,"{""message"":""Coupon has no quantity"",""errorCode"":""400""}"
2388,400,35528.11,"{""message"":""Coupon has no quantity"",""errorCode"":""400""}"
2389,400,36653.401,"{""message"":""Coupon has no quantity"",""errorCode"":""400""}"
2390,400,34409.926,"{""message"":""Coupon has no quantity"",""errorCode"":""400""}"
2391,400,33613.134,"{""message"":""Coupon has no quantity"",""errorCode"":""400""}"
2392,400,39054.366,"{""message"":""Coupon has no quantity"",""errorCode"":""400""}"
2393,400,35421.981,"{""message"":""Coupon has no quantity"",""errorCode"":""400""}"
2394,400,33867.412,"{""message"":""Coupon has no quantity"",""errorCode"":""400""}"
2395,400,34829.487,"{""message"":""Coupon has no quantity"",""errorCode"":""400""}"
2396,400,34193.756,"{""message"":""Coupon has no quantity"",""errorCode"":""400""}"
2397,400,35924.882,"{""message"":""Coupon has no quantity"",""errorCode"":""400""}"
2398,400,34956.482,"{""message"":""Coupon has no quantity"",""errorCode"":""400""}"
2399,400,34055.842,"{""message"":""Coupon has no quantity"",""errorCode"":""400""}"
2400,400,34344.693,"{""message"":""Coupon has no quantity"",""errorCode"":""400""}"
2401,400,34323.776,"{""message"":""Coupon has no quantity"",""errorCode"":""400""}"
2402,400,34495.713,"{""message"":""Coupon has no quantity"",""errorCode"":""400""}"
2403,400,34116.45,"{""message"":""Coupon has no quantity"",""errorCode"":""400""}"
2404,400,35536.347,"{""message"":""Coupon has no quantity"",""errorCode"":""400""}"
2405,400,36891.794,"{""message"":""Coupon has no quantity"",""errorCode"":""400""}"
2406,400,33865.329,"{""message"":""Coupon has no quantity"",""errorCode"":""400""}"
2407,400,35111.107,"{""message"":""Coupon has no quantity"",""errorCode"":""400""}"
2408,400,39980.705,"{""message"":""Coupon has no quantity"",""errorCode"":""400""}"
2409,400,35408.807,"{""message"":""Coupon has no quantity"",""errorCode"":""400""}"
2410,400,33871.393,"{""message"":""Coupon has no quantity"",""errorCode"":""400""}"
2411,400,34075.526,"{""message"":""Coupon has no quantity"",""errorCode"":""400""}"
2412,400,35173.202,"{""message"":""Coupon has no quantity"",""errorCode"":""400""}"
2413,400,34547.232,"{""message"":""Coupon has no quantity"",""errorCode"":""400""}"
2414,400,34183.352,"{""message"":""Coupon has no quantity"",""errorCode"":""400""}"
2415,400,35299.987,"{""message"":""Coupon has no quantity"",""errorCode"":""400""}"
2416,400,34045.594,"{""message"":""Coupon has no quantity"",""errorCode"":""400""}"
2417,400,37486.756,"{""message"":""Coupon has no quantity"",""errorCode"":""400""}"
2418,400,33965.431,"{""message"":""Coupon has no quantity"",""errorCode"":""400""}"
2419,400,37653.744,"{""message"":""Coupon has no quantity"",""errorCode"":""400""}"
2420,400,36916.611,"{""message"":""Coupon has no quantity"",""errorCode"":""400""}"
2421,400,34555.833,"{""message"":""Coupon has no quantity"",""errorCode"":""400""}"
2422,400,37616.17,"{""message"":""Coupon has no quantity"",""errorCode"":""400""}"
2423,400,34461.086,"{""message"":""Coupon has no quantity"",""errorCode"":""400""}"
2424,400,34176.487,"{""message"":""Coupon has no quantity"",""errorCode"":""400""}"
2425,400,37511.119,"{""message"":""Coupon has no quantity"",""errorCode"":""400""}"
2426,400,37041.068,"{""message"":""Coupon has no quantity"",""errorCode"":""400""}"
2427,400,34089.232,"{""message"":""Coupon has no quantity"",""errorCode"":""400""}"
2428,400,34070.914,"{""message"":""Coupon has no quantity"",""errorCode"":""400""}"
2429,400,34824.514,"{""message"":""Coupon has no quantity"",""errorCode"":""400""}"
2430,400,36047.723,"{""message"":""Coupon has no quantity"",""errorCode"":""400""}"
2431,400,35942.684,"{""message"":""Coupon has no quantity"",""errorCode"":""400""}"
2432,400,34972.833,"{""message"":""Coupon has no quantity"",""errorCode"":""400""}"
2433,400,34472.68,"{""message"":""Coupon has no quantity"",""errorCode"":""400""}"
2434,400,34700.677,"{""message"":""Coupon has no quantity"",""errorCode"":""400""}"
2435,400,34588.726,"{""message"":""Coupon has no quantity"",""errorCode"":""400""}"
2436,400,35476.169,"{""message"":""Coupon has no quantity"",""errorCode"":""400""}"
2437,400,36818.436,"{""message"":""Coupon has no quantity"",""errorCode"":""400""}"
2438,400,34255.64,"{""message"":""Coupon has no quantity"",""errorCode"":""400""}"
2439,400,34641.011,"{""message"":""Coupon has no quantity"",""errorCode"":""400""}"
2440,400,34541.361,"{""message"":""Coupon has no quantity"",""errorCode"":""400""}"
2441,400,36620.531,"{""message"":""Coupon has no quantity"",""errorCode"":""400""}"
2442,400,35965.002,"{""message"":""Coupon has no quantity"",""errorCode"":""400""}"
2443,400,36244.831,"{""message"":""Coupon has no quantity"",""errorCode"":""400""}"
2444,400,36413.689,"{""message"":""Coupon has no quantity"",""errorCode"":""400""}"
2445,400,34317.57,"{""message"":""Coupon has no quantity"",""errorCode"":""400""}"
2446,400,36201.511,"{""message"":""Coupon has no quantity"",""errorCode"":""400""}"
2447,400,34912.983,"{""message"":""Coupon has no quantity"",""errorCode"":""400""}"
2448,400,35092.069,"{""message"":""Coupon has no quantity"",""errorCode"":""400""}"
2449,400,35578.388,"{""message"":""Coupon has no quantity"",""errorCode"":""400""}"
2450,400,37426.052,"{""message"":""Coupon has no quantity"",""errorCode"":""400""}"
2451,400,35903.182,"{""message"":""Coupon has no quantity"",""errorCode"":""400""}"
2452,400,34558.136,"{""message"":""Coupon has no quantity"",""errorCode"":""400""}"
2453,400,35021.942,"{""message"":""Coupon has no quantity"",""errorCode"":""400""}"
2454,400,38307.624,"{""message"":""Coupon has no quantity"",""errorCode"":""400""}"
2455,400,39101.399,"{""message"":""Coupon has no quantity"",""errorCode"":""400""}"
2456,400,34934.285,"{""message"":""Coupon has no quantity"",""errorCode"":""400""}"
2457,400,34695.359,"{""message"":""Coupon has no quantity"",""errorCode"":""400""}"
2458,400,38157.694,"{""message"":""Coupon has no quantity"",""errorCode"":""400""}"
2459,400,34504.677,"{""message"":""Coupon has no quantity"",""errorCode"":""400""}"
2460,400,37006.802,"{""message"":""Coupon has no quantity"",""errorCode"":""400""}"
2461,400,34462.862,"{""message"":""Coupon has no quantity"",""errorCode"":""400""}"
2462,400,34591.758,"{""message"":""Coupon has no quantity"",""errorCode"":""400""}"
2463,200,12105.578,
2464,400,35620.637,"{""message"":""Coupon has no quantity"",""errorCode"":""400""}"
2465,400,38100.51,"{""message"":""Coupon has no quantity"",""errorCode"":""400""}"
2466,400,36407.217,"{""message"":""Coupon has no quantity"",""errorCode"":""400""}"
2467,400,37655.966,"{""message"":""Coupon has no quantity"",""errorCode"":""400""}"
2468,200,11255.376,
2469,400,36225.717,"{""message"":""Coupon has no quantity"",""errorCode"":""400""}"
2470,400,34643.458,"{""message"":""Coupon has no quantity"",""errorCode"":""400""}"
2471,400,34720.038,"{""message"":""Coupon has no quantity"",""errorCode"":""400""}"
2472,400,34872.369,"{""message"":""Coupon has no quantity"",""errorCode"":""400""}"
2473,400,35163.779,"{""message"":""Coupon has no quantity"",""errorCode"":""400""}"
2474,400,36426.087,"{""message"":""Coupon has no quantity"",""errorCode"":""400""}"
2475,400,38683.655,"{""message"":""Coupon has no quantity"",""errorCode"":""400""}"
2476,400,34678.546,"{""message"":""Coupon has no quantity"",""errorCode"":""400""}"
2477,400,35389.362,"{""message"":""Coupon has no quantity"",""errorCode"":""400""}"
2478,400,34919.081,"{""message"":""Coupon has no quantity"",""errorCode"":""400""}"
2479,400,35516.772,"{""message"":""Coupon has no quantity"",""errorCode"":""400""}"
2480,400,34790.575,"{""message"":""Coupon has no quantity"",""errorCode"":""400""}"
2481,400,36210.191,"{""message"":""Coupon has no quantity"",""errorCode"":""400""}"
2482,400,36656.599,"{""message"":""Coupon has no quantity"",""errorCode"":""400""}"
2483,400,35028.862,"{""message"":""Coupon has no quantity"",""errorCode"":""400""}"
2484,400,37063.551,"{""message"":""Coupon has no quantity"",""errorCode"":""400""}"
2485,400,35909.272,"{""message"":""Coupon has no quantity"",""errorCode"":""400""}"
2486,400,35283.706,"{""message"":""Coupon has no quantity"",""errorCode"":""400""}"
2487,400,35321.714,"{""message"":""Coupon has no quantity"",""errorCode"":""400""}"
2488,400,35137.833,"{""message"":""Coupon has no quantity"",""errorCode"":""400""}"
2489,400,38217.808,"{""message"":""Coupon has no quantity"",""errorCode"":""400""}"
2490,400,35049.114,"{""message"":""Coupon has no quantity"",""errorCode"":""400""}"
2491,400,35335.329,"{""message"":""Coupon has no quantity"",""errorCode"":""400""}"
2492,400,36389.541,"{""message"":""Coupon has no quantity"",""errorCode"":""400""}"
2493,400,36014.791,"{""message"":""Coupon has no quantity"",""errorCode"":""400""}"
2494,400,35665.439,"{""message"":""Coupon has no quantity"",""errorCode"":""400""}"
2495,400,36280.119,"{""message"":""Coupon has no quantity"",""errorCode"":""400""}"
2496,400,36177.42,"{""message"":""Coupon has no quantity"",""errorCode"":""400""}"
2497,400,36475.244,"{""message"":""Coupon has no quantity"",""errorCode"":""400""}"
2498,400,35675.3,"{""message"":""Coupon has no quantity"",""errorCode"":""400""}"
2499,400,35340.272,"{""message"":""Coupon has no quantity"",""errorCode"":""400""}"
2500,400,37067.665,"{""message"":""Coupon has no quantity"",""errorCode"":""400""}"
2501,400,34958.406,"{""message"":""Coupon has no quantity"",""errorCode"":""400""}"
2502,400,36767.305,"{""message"":""Coupon has no quantity"",""errorCode"":""400""}"
2503,400,38667.409,"{""message"":""Coupon has no quantity"",""errorCode"":""400""}"
2504,400,36491.711,"{""message"":""Coupon has no quantity"",""errorCode"":""400""}"
2505,400,35024.365,"{""message"":""Coupon has no quantity"",""errorCode"":""400""}"
2506,400,37801.503,"{""message"":""Coupon has no quantity"",""errorCode"":""400""}"
2507,400,37104.936,"{""message"":""Coupon has no quantity"",""errorCode"":""400""}"
2508,400,35141.189,"{""message"":""Coupon has no quantity"",""errorCode"":""400""}"
2509,400,37288.29,"{""message"":""Coupon has no quantity"",""errorCode"":""400""}"
2510,400,35680.435,"{""message"":""Coupon has no quantity"",""errorCode"":""400""}"
2511,400,37146.427,"{""message"":""Coupon has no quantity"",""errorCode"":""400""}"
2512,400,36260.647,"{""message"":""Coupon has no quantity"",""errorCode"":""400""}"
2513,400,39843.68,"{""message"":""Coupon has no quantity"",""errorCode"":""400""}"
2514,400,35140.178,"{""message"":""Coupon has no quantity"",""errorCode"":""400""}"
2515,400,37972.27,"{""message"":""Coupon has no quantity"",""errorCode"":""400""}"
2516,400,37066.387,"{""message"":""Coupon has no quantity"",""errorCode"":""400""}"
2517,400,38951.964,"{""message"":""Coupon has no quantity"",""errorCode"":""400""}"
2518,400,37940.68,"{""message"":""Coupon has no quantity"",""errorCode"":""400""}"
2519,400,37516.852,"{""message"":""Coupon has no quantity"",""errorCode"":""400""}"
2520,400,37290.583,"{""message"":""Coupon has no quantity"",""errorCode"":""400""}"
2521,400,35839.065,"{""message"":""Coupon has no quantity"",""errorCode"":""400""}"
2522,400,35522.717,"{""message"":""Coupon has no quantity"",""errorCode"":""400""}"
2523,400,35762.365,"{""message"":""Coupon has no quantity"",""errorCode"":""400""}"
2524,400,39574.601,"{""message"":""Coupon has no quantity"",""errorCode"":""400""}"
2525,400,35802.331,"{""message"":""Coupon has no quantity"",""errorCode"":""400""}"
2526,400,37500.512,"{""message"":""Coupon has no quantity"",""errorCode"":""400""}"
2527,400,35870.121,"{""message"":""Coupon has no quantity"",""errorCode"":""400""}"
2528,400,37412.755,"{""message"":""Coupon has no quantity"",""errorCode"":""400""}"
2529,400,37290.655,"{""message"":""Coupon has no quantity"",""errorCode"":""400""}"
2530,400,38186.051,"{""message"":""Coupon has no quantity"",""errorCode"":""400""}"
2531,400,36139.517,"{""message"":""Coupon has no quantity"",""errorCode"":""400""}"
2532,400,36015.69,"{""message"":""Coupon has no quantity"",""errorCode"":""400""}"
2533,400,35916.868,"{""message"":""Coupon has no quantity"",""errorCode"":""400""}"
2534,400,39461.389,"{""message"":""Coupon has no quantity"",""errorCode"":""400""}"
2535,400,37438.002,"{""message"":""Coupon has no quantity"",""errorCode"":""400""}"
2536,400,36437.331,"{""message"":""Coupon has no quantity"",""errorCode"":""400""}"
2537,400,35658.333,"{""message"":""Coupon has no quantity"",""errorCode"":""400""}"
2538,400,37013.218,"{""message"":""Coupon has no quantity"",""errorCode"":""400""}"
2539,400,38593.211,"{""message"":""Coupon has no quantity"",""errorCode"":""400""}"
2540,400,37772.226,"{""message"":""Coupon has no quantity"",""errorCode"":""400""}"
2541,400,37519.863,"{""message"":""Coupon has no quantity"",""errorCode"":""400""}"
2542,400,36616.762,"{""message"":""Coupon has no quantity"",""errorCode"":""400""}"
2543,400,38334.388,"{""message"":""Coupon has no quantity"",""errorCode"":""400""}"
2544,400,39220.068,"{""message"":""Coupon has no quantity"",""errorCode"":""400""}"
2545,400,37518.663,"{""message"":""Coupon has no quantity"",""errorCode"":""400""}"
2546,400,39317.312,"{""message"":""Coupon has no quantity"",""errorCode"":""400""}"
2547,400,37492.294,"{""message"":""Coupon has no quantity"",""errorCode"":""400""}"
2548,400,36071.788,"{""message"":""Coupon has no quantity"",""errorCode"":""400""}"
2549,400,36718.69,"{""message"":""Coupon has no quantity"",""errorCode"":""400""}"
2550,400,36037.449,"{""message"":""Coupon has no quantity"",""errorCode"":""400""}"
2551,400,36685.6,"{""message"":""Coupon has no quantity"",""errorCode"":""400""}"
2552,400,36985.285,"{""message"":""Coupon has no quantity"",""errorCode"":""400""}"
2553,400,37699.718,"{""message"":""Coupon has no quantity"",""errorCode"":""400""}"
2554,400,37235.552,"{""message"":""Coupon has no quantity"",""errorCode"":""400""}"
2555,400,35931.577,"{""message"":""Coupon has no quantity"",""errorCode"":""400""}"
2556,400,37083.854,"{""message"":""Coupon has no quantity"",""errorCode"":""400""}"
2557,400,35999.325,"{""message"":""Coupon has no quantity"",""errorCode"":""400""}"
2558,400,37596.908,"{""message"":""Coupon has no quantity"",""errorCode"":""400""}"
2559,400,36332.221,"{""message"":""Coupon has no quantity"",""errorCode"":""400""}"
2560,400,39795.074,"{""message"":""Coupon has no quantity"",""errorCode"":""400""}"
2561,400,36343.037,"{""message"":""Coupon has no quantity"",""errorCode"":""400""}"
2562,400,36123.113,"{""message"":""Coupon has no quantity"",""errorCode"":""400""}"
2563,400,37525.302,"{""message"":""Coupon has no quantity"",""errorCode"":""400""}"
2564,400,38156.73,"{""message"":""Coupon has no quantity"",""errorCode"":""400""}"
2565,400,36206.602,"{""message"":""Coupon has no quantity"",""errorCode"":""400""}"
2566,400,37001.877,"{""message"":""Coupon has no quantity"",""errorCode"":""400""}"
2567,400,37472.492,"{""message"":""Coupon has no quantity"",""errorCode"":""400""}"
2568,400,38569.587,"{""message"":""Coupon has no quantity"",""errorCode"":""400""}"
2569,400,38573.302,"{""message"":""Coupon has no quantity"",""errorCode"":""400""}"
2570,400,36054.105,"{""message"":""Coupon has no quantity"",""errorCode"":""400""}"
2571,400,37845.055,"{""message"":""Coupon has no quantity"",""errorCode"":""400""}"
2572,400,36557.936,"{""message"":""Coupon has no quantity"",""errorCode"":""400""}"
2573,400,38942.976,"{""message"":""Coupon has no quantity"",""errorCode"":""400""}"
2574,400,36245.59,"{""message"":""Coupon has no quantity"",""errorCode"":""400""}"
2575,400,36426.095,"{""message"":""Coupon has no quantity"",""errorCode"":""400""}"
2576,400,39019.368,"{""message"":""Coupon has no quantity"",""errorCode"":""400""}"
2577,400,36154.045,"{""message"":""Coupon has no quantity"",""errorCode"":""400""}"
2578,400,36915.095,"{""message"":""Coupon has no quantity"",""errorCode"":""400""}"
2579,400,36746.68,"{""message"":""Coupon has no quantity"",""errorCode"":""400""}"
2580,400,39908.987,"{""message"":""Coupon has no quantity"",""errorCode"":""400""}"
2581,400,36837.501,"{""message"":""Coupon has no quantity"",""errorCode"":""400""}"
2582,400,36687.87,"{""message"":""Coupon has no quantity"",""errorCode"":""400""}"
2583,400,36765.852,"{""message"":""Coupon has no quantity"",""errorCode"":""400""}"
2584,400,36668.12,"{""message"":""Coupon has no quantity"",""errorCode"":""400""}"
2585,400,38657.076,"{""message"":""Coupon has no quantity"",""errorCode"":""400""}"
2586,400,36379.334,"{""message"":""Coupon has no quantity"",""errorCode"":""400""}"
2587,400,38736.284,"{""message"":""Coupon has no quantity"",""errorCode"":""400""}"
2588,400,36447.612,"{""message"":""Coupon has no quantity"",""errorCode"":""400""}"
2589,400,37680.483,"{""message"":""Coupon has no quantity"",""errorCode"":""400""}"
2590,400,37633.922,"{""message"":""Coupon has no quantity"",""errorCode"":""400""}"
2591,400,37857.001,"{""message"":""Coupon has no quantity"",""errorCode"":""400""}"
2592,400,37321.853,"{""message"":""Coupon has no quantity"",""errorCode"":""400""}"
2593,400,38044.635,"{""message"":""Coupon has no quantity"",""errorCode"":""400""}"
2594,400,36410.173,"{""message"":""Coupon has no quantity"",""errorCode"":""400""}"
2595,400,36607.474,"{""message"":""Coupon has no quantity"",""errorCode"":""400""}"
2596,400,37024.073,"{""message"":""Coupon has no quantity"",""errorCode"":""400""}"
2597,400,37896.084,"{""message"":""Coupon has no quantity"",""errorCode"":""400""}"
2598,400,36771.225,"{""message"":""Coupon has no quantity"",""errorCode"":""400""}"
2599,400,37925.812,"{""message"":""Coupon has no quantity"",""errorCode"":""400""}"
2600,400,38222.043,"{""message"":""Coupon has no quantity"",""errorCode"":""400""}"
2601,400,37836.933,"{""message"":""Coupon has no quantity"",""errorCode"":""400""}"
2602,400,38502.78,"{""message"":""Coupon has no quantity"",""errorCode"":""400""}"
2603,400,37605.842,"{""message"":""Coupon has no quantity"",""errorCode"":""400""}"
2604,400,36646.909,"{""message"":""Coupon has no quantity"",""errorCode"":""400""}"
2605,400,37759.297,"{""message"":""Coupon has no quantity"",""errorCode"":""400""}"
2606,400,36621.774,"{""message"":""Coupon has no quantity"",""errorCode"":""400""}"
2607,400,37325.438,"{""message"":""Coupon has no quantity"",""errorCode"":""400""}"
2608,400,37122.452,"{""message"":""Coupon has no quantity"",""errorCode"":""400""}"
2609,400,36835.666,"{""message"":""Coupon has no quantity"",""errorCode"":""400""}"
2610,400,37323.607,"{""message"":""Coupon has no quantity"",""errorCode"":""400""}"
2611,400,37167.802,"{""message"":""Coupon has no quantity"",""errorCode"":""400""}"
2612,400,38542.19,"{""message"":""Coupon has no quantity"",""errorCode"":""400""}"
2613,400,38759.976,"{""message"":""Coupon has no quantity"",""errorCode"":""400""}"
2614,400,37822.441,"{""message"":""Coupon has no quantity"",""errorCode"":""400""}"
2615,400,37057.657,"{""message"":""Coupon has no quantity"",""errorCode"":""400""}"
2616,400,37378.324,"{""message"":""Coupon has no quantity"",""errorCode"":""400""}"
2617,400,37594.972,"{""message"":""Coupon has no quantity"",""errorCode"":""400""}"
2618,400,38101.929,"{""message"":""Coupon has no quantity"",""errorCode"":""400""}"
2619,400,38343.779,"{""message"":""Coupon has no quantity"",""errorCode"":""400""}"
2620,400,37665.779,"{""message"":""Coupon has no quantity"",""errorCode"":""400""}"
2621,400,37826.009,"{""message"":""Coupon has no quantity"",""errorCode"":""400""}"
2622,400,37051.072,"{""message"":""Coupon has no quantity"",""errorCode"":""400""}"
2623,400,36951.213,"{""message"":""Coupon has no quantity"",""errorCode"":""400""}"
2624,400,38383.444,"{""message"":""Coupon has no quantity"",""errorCode"":""400""}"
2625,400,38188.506,"{""message"":""Coupon has no quantity"",""errorCode"":""400""}"
2626,400,39418.667,"{""message"":""Coupon has no quantity"",""errorCode"":""400""}"
2627,400,36791.105,"{""message"":""Coupon has no quantity"",""errorCode"":""400""}"
2628,400,37247.461,"{""message"":""Coupon has no quantity"",""errorCode"":""400""}"
2629,400,39087.423,"{""message"":""Coupon has no quantity"",""errorCode"":""400""}"
2630,400,40126.38,"{""message"":""Coupon has no quantity"",""errorCode"":""400""}"
2631,400,37113.117,"{""message"":""Coupon has no quantity"",""errorCode"":""400""}"
2632,400,37624.396,"{""message"":""Coupon has no quantity"",""errorCode"":""400""}"
2633,400,38265.074,"{""message"":""Coupon has no quantity"",""errorCode"":""400""}"
2634,400,37296.147,"{""message"":""Coupon has no quantity"",""errorCode"":""400""}"
2635,400,38546.438,"{""message"":""Coupon has no quantity"",""errorCode"":""400""}"
2636,400,36955.455,"{""message"":""Coupon has no quantity"",""errorCode"":""400""}"
2637,400,36973.536,"{""message"":""Coupon has no quantity"",""errorCode"":""400""}"
2638,400,37590.049,"{""message"":""Coupon has no quantity"",""errorCode"":""400""}"
2639,400,38901.127,"{""message"":""Coupon has no quantity"",""errorCode"":""400""}"
2640,400,37234.129,"{""message"":""Coupon has no quantity"",""errorCode"":""400""}"
2641,400,37468.352,"{""message"":""Coupon has no quantity"",""errorCode"":""400""}"
2642,400,38325.733,"{""message"":""Coupon has no quantity"",""errorCode"":""400""}"
2643,400,36955.112,"{""message"":""Coupon has no quantity"",""errorCode"":""400""}"
2644,400,36969.037,"{""message"":""Coupon has no quantity"",""errorCode"":""400""}"
2645,400,37053.44,"{""message"":""Coupon has no quantity"",""errorCode"":""400""}"
2646,400,37156.986,"{""message"":""Coupon has no quantity"",""errorCode"":""400""}"
2647,400,37937.437,"{""message"":""Coupon has no quantity"",""errorCode"":""400""}"
2648,400,37893.974,"{""message"":""Coupon has no quantity"",""errorCode"":""400""}"
2649,400,37510.715,"{""message"":""Coupon has no quantity"",""errorCode"":""400""}"
2650,400,37146.947,"{""message"":""Coupon has no quantity"",""errorCode"":""400""}"
2651,400,37197.345,"{""message"":""Coupon has no quantity"",""errorCode"":""400""}"
2652,400,38628.827,"{""message"":""Coupon has no quantity"",""errorCode"":""400""}"
2653,400,37603.768,"{""message"":""Coupon has no quantity"",""errorCode"":""400""}"
2654,400,37480.843,"{""message"":""Coupon has no quantity"",""errorCode"":""400""}"
2655,400,37650.213,"{""message"":""Coupon has no quantity"",""errorCode"":""400""}"
2656,400,38974.657,"{""message"":""Coupon has no quantity"",""errorCode"":""400""}"
2657,400,37465.08,"{""message"":""Coupon has no quantity"",""errorCode"":""400""}"
2658,400,37774.302,"{""message"":""Coupon has no quantity"",""errorCode"":""400""}"
2659,400,37237.024,"{""message"":""Coupon has no quantity"",""errorCode"":""400""}"
2660,400,37378.175,"{""message"":""Coupon has no quantity"",""errorCode"":""400""}"
2661,400,37830.637,"{""message"":""Coupon has no quantity"",""errorCode"":""400""}"
2662,400,37072.769,"{""message"":""Coupon has no quantity"",""errorCode"":""400""}"
2663,400,37798.829,"{""message"":""Coupon has no quantity"",""errorCode"":""400""}"
2664,400,37076.968,"{""message"":""Coupon has no quantity"",""errorCode"":""400""}"
2665,400,37246.248,"{""message"":""Coupon has no quantity"",""errorCode"":""400""}"
2666,400,37124.102,"{""message"":""Coupon has no quantity"",""errorCode"":""400""}"
2667,400,37322.299,"{""message"":""Coupon has no quantity"",""errorCode"":""400""}"
2668,400,37097.461,"{""message"":""Coupon has no quantity"",""errorCode"":""400""}"
2669,400,37899.572,"{""message"":""Coupon has no quantity"",""errorCode"":""400""}"
2670,400,37187.527,"{""message"":""Coupon has no quantity"",""errorCode"":""400""}"
2671,400,38354.407,"{""message"":""Coupon has no quantity"",""errorCode"":""400""}"
2672,400,38502.316,"{""message"":""Coupon has no quantity"",""errorCode"":""400""}"
2673,400,39115.84,"{""message"":""Coupon has no quantity"",""errorCode"":""400""}"
2674,400,37150.28,"{""message"":""Coupon has no quantity"",""errorCode"":""400""}"
2675,400,37511.633,"{""message"":""Coupon has no quantity"",""errorCode"":""400""}"
2676,400,38001.973,"{""message"":""Coupon has no quantity"",""errorCode"":""400""}"
2677,400,38189.268,"{""message"":""Coupon has no quantity"",""errorCode"":""400""}"
2678,400,37737.433,"{""message"":""Coupon has no quantity"",""errorCode"":""400""}"
2679,400,37605.456,"{""message"":""Coupon has no quantity"",""errorCode"":""400""}"
2680,400,38563.275,"{""message"":""Coupon has no quantity"",""errorCode"":""400""}"
2681,400,40018.608,"{""message"":""Coupon has no quantity"",""errorCode"":""400""}"
2682,400,38292.666,"{""message"":""Coupon has no quantity"",""errorCode"":""400""}"
2683,400,40444.996,"{""message"":""Coupon has no quantity"",""errorCode"":""400""}"
2684,400,37218.126,"{""message"":""Coupon has no quantity"",""errorCode"":""400""}"
2685,400,38799.201,"{""message"":""Coupon has no quantity"",""errorCode"":""400""}"
2686,400,37727.771,"{""message"":""Coupon has no quantity"",""errorCode"":""400""}"
2687,400,37497.33,"{""message"":""Coupon has no quantity"",""errorCode"":""400""}"
2688,400,37565.487,"{""message"":""Coupon has no quantity"",""errorCode"":""400""}"
2689,400,37393.017,"{""message"":""Coupon has no quantity"",""errorCode"":""400""}"
2690,400,37331.176,"{""message"":""Coupon has no quantity"",""errorCode"":""400""}"
2691,400,37316.17,"{""message"":""Coupon has no quantity"",""errorCode"":""400""}"
2692,400,38560.933,"{""message"":""Coupon has no quantity"",""errorCode"":""400""}"
2693,400,38040.467,"{""message"":""Coupon has no quantity"",""errorCode"":""400""}"
2694,400,38068.381,"{""message"":""Coupon has no quantity"",""errorCode"":""400""}"
2695,400,37270.542,"{""message"":""Coupon has no quantity"",""errorCode"":""400""}"
2696,400,38487.514,"{""message"":""Coupon has no quantity"",""errorCode"":""400""}"
2697,400,38712.232,"{""message"":""Coupon has no quantity"",""errorCode"":""400""}"
2698,400,39424.375,"{""message"":""Coupon has no quantity"",""errorCode"":""400""}"
2699,400,37531.695,"{""message"":""Coupon has no quantity"",""errorCode"":""400""}"
2700,400,37669.774,"{""message"":""Coupon has no quantity"",""errorCode"":""400""}"
2701,400,37581.637,"{""message"":""Coupon has no quantity"",""errorCode"":""400""}"
2702,400,37773.977,"{""message"":""Coupon has no quantity"",""errorCode"":""400""}"
2703,400,37350.315,"{""message"":""Coupon has no quantity"",""errorCode"":""400""}"
2704,400,37522.053,"{""message"":""Coupon has no quantity"",""errorCode"":""400""}"
2705,400,39610.215,"{""message"":""Coupon has no quantity"",""errorCode"":""400""}"
2706,400,37530.394,"{""message"":""Coupon has no quantity"",""errorCode"":""400""}"
2707,400,37426.648,"{""message"":""Coupon has no quantity"",""errorCode"":""400""}"
2708,400,37344.428,"{""message"":""Coupon has no quantity"",""errorCode"":""400""}"
2709,400,37648.537,"{""message"":""Coupon has no quantity"",""errorCode"":""400""}"
2710,400,38205.159,"{""message"":""Coupon has no quantity"",""errorCode"":""400""}"
2711,400,38746.209,"{""message"":""Coupon has no quantity"",""errorCode"":""400""}"
2712,400,38761.906,"{""message"":""Coupon has no quantity"",""errorCode"":""400""}"
2713,400,38006.783,"{""message"":""Coupon has no quantity"",""errorCode"":""400""}"
2714,400,37906.394,"{""message"":""Coupon has no quantity"",""errorCode"":""400""}"
2715,400,37455.306,"{""message"":""Coupon has no quantity"",""errorCode"":""400""}"
2716,400,37366.483,"{""message"":""Coupon has no quantity"",""errorCode"":""400""}"
2717,400,38060.425,"{""message"":""Coupon has no quantity"",""errorCode"":""400""}"
2718,400,37778.909,"{""message"":""Coupon has no quantity"",""errorCode"":""400""}"
2719,400,39995.338,"{""message"":""Coupon has no quantity"",""errorCode"":""400""}"
2720,400,38273.702,"{""message"":""Coupon has no quantity"",""errorCode"":""400""}"
2721,400,38492.662,"{""message"":""Coupon has no quantity"",""errorCode"":""400""}"
2722,400,37394.823,"{""message"":""Coupon has no quantity"",""errorCode"":""400""}"
2723,400,37669.89,"{""message"":""Coupon has no quantity"",""errorCode"":""400""}"
2724,400,39609.658,"{""message"":""Coupon has no quantity"",""errorCode"":""400""}"
2725,400,38978.234,"{""message"":""Coupon has no quantity"",""errorCode"":""400""}"
2726,400,37361.656,"{""message"":""Coupon has no quantity"",""errorCode"":""400""}"
2727,400,37809.993,"{""message"":""Coupon has no quantity"",""errorCode"":""400""}"
2728,400,38530.285,"{""message"":""Coupon has no quantity"",""errorCode"":""400""}"
2729,400,37546.929,"{""message"":""Coupon has no quantity"",""errorCode"":""400""}"
2730,400,37449.309,"{""message"":""Coupon has no quantity"",""errorCode"":""400""}"
2731,400,38560.953,"{""message"":""Coupon has no quantity"",""errorCode"":""400""}"
2732,400,38196.227,"{""message"":""Coupon has no quantity"",""errorCode"":""400""}"
2733,400,37685.643,"{""message"":""Coupon has no quantity"",""errorCode"":""400""}"
2734,400,39646.206,"{""message"":""Coupon has no quantity"",""errorCode"":""400""}"
2735,400,37398.024,"{""message"":""Coupon has no quantity"",""errorCode"":""400""}"
2736,400,39337.296,"{""message"":""Coupon has no quantity"",""errorCode"":""400""}"
2737,400,37451.464,"{""message"":""Coupon has no quantity"",""errorCode"":""400""}"
2738,400,38770.895,"{""message"":""Coupon has no quantity"",""errorCode"":""400""}"
2739,400,37791.582,"{""message"":""Coupon has no quantity"",""errorCode"":""400""}"
2740,400,37588.604,"{""message"":""Coupon has no quantity"",""errorCode"":""400""}"
2741,400,37473.848,"{""message"":""Coupon has no quantity"",""errorCode"":""400""}"
2742,400,37455.195,"{""message"":""Coupon has no quantity"",""errorCode"":""400""}"
2743,400,37559.594,"{""message"":""Coupon has no quantity"",""errorCode"":""400""}"
2744,400,37479.701,"{""message"":""Coupon has no quantity"",""errorCode"":""400""}"
2745,400,37546.182,"{""message"":""Coupon has no quantity"",""errorCode"":""400""}"
2746,400,38198.265,"{""message"":""Coupon has no quantity"",""errorCode"":""400""}"
2747,400,38846.162,"{""message"":""Coupon has no quantity"",""errorCode"":""400""}"
2748,400,39025.317,"{""message"":""Coupon has no quantity"",""errorCode"":""400""}"
2749,400,37656.769,"{""message"":""Coupon has no quantity"",""errorCode"":""400""}"
2750,400,38330.752,"{""message"":""Coupon has no quantity"",""errorCode"":""400""}"
2751,400,37714.037,"{""message"":""Coupon has no quantity"",""errorCode"":""400""}"
2752,400,38678.548,"{""message"":""Coupon has no quantity"",""errorCode"":""400""}"
2753,400,37945.405,"{""message"":""Coupon has no quantity"",""errorCode"":""400""}"
2754,400,38208.464,"{""message"":""Coupon has no quantity"",""errorCode"":""400""}"
2755,400,38022.891,"{""message"":""Coupon has no quantity"",""errorCode"":""400""}"
2756,400,39926.499,"{""message"":""Coupon has no quantity"",""errorCode"":""400""}"
2757,400,37573.216,"{""message"":""Coupon has no quantity"",""errorCode"":""400""}"
2758,400,38460.285,"{""message"":""Coupon has no quantity"",""errorCode"":""400""}"
2759,400,37853.94,"{""message"":""Coupon has no quantity"",""errorCode"":""400""}"
2760,400,38338.215,"{""message"":""Coupon has no quantity"",""errorCode"":""400""}"
2761,400,37781.646,"{""message"":""Coupon has no quantity"",""errorCode"":""400""}"
2762,400,37610.874,"{""message"":""Coupon has no quantity"",""errorCode"":""400""}"
2763,400,39933.544,"{""message"":""Coupon has no quantity"",""errorCode"":""400""}"
2764,400,38639.556,"{""message"":""Coupon has no quantity"",""errorCode"":""400""}"
2765,400,37523.637,"{""message"":""Coupon has no quantity"",""errorCode"":""400""}"
2766,400,38042.41,"{""message"":""Coupon has no quantity"",""errorCode"":""400""}"
2767,400,37709.091,"{""message"":""Coupon has no quantity"",""errorCode"":""400""}"
2768,400,37598.462,"{""message"":""Coupon has no quantity"",""errorCode"":""400""}"
2769,400,38156.413,"{""message"":""Coupon has no quantity"",""errorCode"":""400""}"
2770,400,37984.508,"{""message"":""Coupon has no quantity"",""errorCode"":""400""}"
2771,400,38926.413,"{""message"":""Coupon has no quantity"",""errorCode"":""400""}"
2772,400,38109.516,"{""message"":""Coupon has no quantity"",""errorCode"":""400""}"
2773,400,39876.199,"{""message"":""Coupon has no quantity"",""errorCode"":""400""}"
2774,400,38644.91,"{""message"":""Coupon has no quantity"",""errorCode"":""400""}"
2775,400,38334.567,"{""message"":""Coupon has no quantity"",""errorCode"":""400""}"
2776,400,38235.504,"{""message"":""Coupon has no quantity"",""errorCode"":""400""}"
2777,400,37862.833,"{""message"":""Coupon has no quantity"",""errorCode"":""400""}"
2778,400,39660.628,"{""message"":""Coupon has no quantity"",""errorCode"":""400""}"
2779,400,37943.33,"{""message"":""Coupon has no quantity"",""errorCode"":""400""}"
2780,400,37790.887,"{""message"":""Coupon has no quantity"",""errorCode"":""400""}"
2781,400,38420.251,"{""message"":""Coupon has no quantity"",""errorCode"":""400""}"
2782,400,37892.207,"{""message"":""Coupon has no quantity"",""errorCode"":""400""}"
2783,400,37792.142,"{""message"":""Coupon has no quantity"",""errorCode"":""400""}"
2784,400,38155.916,"{""message"":""Coupon has no quantity"",""errorCode"":""400""}"
2785,400,37856.576,"{""message"":""Coupon has no quantity"",""errorCode"":""400""}"
2786,400,37959.375,"{""message"":""Coupon has no quantity"",""errorCode"":""400""}"
2787,400,38489.405,"{""message"":""Coupon has no quantity"",""errorCode"":""400""}"
2788,400,39897.87,"{""message"":""Coupon has no quantity"",""errorCode"":""400""}"
2789,400,37993.959,"{""message"":""Coupon has no quantity"",""errorCode"":""400""}"
2790,400,37720.255,"{""message"":""Coupon has no quantity"",""errorCode"":""400""}"
2791,400,39510.472,"{""message"":""Coupon has no quantity"",""errorCode"":""400""}"
2792,400,37776.651,"{""message"":""Coupon has no quantity"",""errorCode"":""400""}"
2793,400,37907.538,"{""message"":""Coupon has no quantity"",""errorCode"":""400""}"
2794,400,37696.021,"{""message"":""Coupon has no quantity"",""errorCode"":""400""}"
2795,400,38325.947,"{""message"":""Coupon has no quantity"",""errorCode"":""400""}"
2796,400,38276.377,"{""message"":""Coupon has no quantity"",""errorCode"":""400""}"
2797,400,37943.008,"{""message"":""Coupon has no quantity"",""errorCode"":""400""}"
2798,400,37774.606,"{""message"":""Coupon has no quantity"",""errorCode"":""400""}"
2799,400,37908.643,"{""message"":""Coupon has no quantity"",""errorCode"":""400""}"
2800,400,37798.745,"{""message"":""Coupon has no quantity"",""errorCode"":""400""}"
2801,400,37780.858,"{""message"":""Coupon has no quantity"",""errorCode"":""400""}"
2802,400,39677.229,"{""message"":""Coupon has no quantity"",""errorCode"":""400""}"
2803,400,38449.671,"{""message"":""Coupon has no quantity"",""errorCode"":""400""}"
2804,400,38708.474,"{""message"":""Coupon has no quantity"",""errorCode"":""400""}"
2805,400,38200.932,"{""message"":""Coupon has no quantity"",""errorCode"":""400""}"
2806,400,37913.914,"{""message"":""Coupon has no quantity"",""errorCode"":""400""}"
2807,400,38336.674,"{""message"":""Coupon has no quantity"",""errorCode"":""400""}"
2808,400,37851.75,"{""message"":""Coupon has no quantity"",""errorCode"":""400""}"
2809,400,38146.363,"{""message"":""Coupon has no quantity"",""errorCode"":""400""}"
2810,400,37908.494,"{""message"":""Coupon has no quantity"",""errorCode"":""400""}"
2811,400,38940.495,"{""message"":""Coupon has no quantity"",""errorCode"":""400""}"
2812,400,38085.076,"{""message"":""Coupon has no quantity"",""errorCode"":""400""}"
2813,400,39419.393,"{""message"":""Coupon has no quantity"",""errorCode"":""400""}"
2814,400,38048.622,"{""message"":""Coupon has no quantity"",""errorCode"":""400""}"
2815,400,38060.127,"{""message"":""Coupon has no quantity"",""errorCode"":""400""}"
2816,400,39080.695,"{""message"":""Coupon has no quantity"",""errorCode"":""400""}"
2817,400,37749.44,"{""message"":""Coupon has no quantity"",""errorCode"":""400""}"
2818,400,38574.061,"{""message"":""Coupon has no quantity"",""errorCode"":""400""}"
2819,400,37981.777,"{""message"":""Coupon has no quantity"",""errorCode"":""400""}"
2820,400,39613.634,"{""message"":""Coupon has no quantity"",""errorCode"":""400""}"
2821,400,38051.189,"{""message"":""Coupon has no quantity"",""errorCode"":""400""}"
2822,400,38129.709,"{""message"":""Coupon has no quantity"",""errorCode"":""400""}"
2823,400,38325.487,"{""message"":""Coupon has no quantity"",""errorCode"":""400""}"
2824,400,37893.07,"{""message"":""Coupon has no quantity"",""errorCode"":""400""}"
2825,400,38942.413,"{""message"":""Coupon has no quantity"",""errorCode"":""400""}"
2826,400,38079.018,"{""message"":""Coupon has no quantity"",""errorCode"":""400""}"
2827,400,38493.731,"{""message"":""Coupon has no quantity"",""errorCode"":""400""}"
2828,400,38477.901,"{""message"":""Coupon has no quantity"",""errorCode"":""400""}"
2829,400,38176.418,"{""message"":""Coupon has no quantity"",""errorCode"":""400""}"
2830,400,38676.099,"{""message"":""Coupon has no quantity"",""errorCode"":""400""}"
2831,400,38732.037,"{""message"":""Coupon has no quantity"",""errorCode"":""400""}"
2832,400,37846.348,"{""message"":""Coupon has no quantity"",""errorCode"":""400""}"
2833,400,39563.691,"{""message"":""Coupon has no quantity"",""errorCode"":""400""}"
2834,400,39249.989,"{""message"":""Coupon has no quantity"",""errorCode"":""400""}"
2835,400,38974.042,"{""message"":""Coupon has no quantity"",""errorCode"":""400""}"
2836,400,38134.189,"{""message"":""Coupon has no quantity"",""errorCode"":""400""}"
2837,400,38023.562,"{""message"":""Coupon has no quantity"",""errorCode"":""400""}"
2838,400,39422.471,"{""message"":""Coupon has no quantity"",""errorCode"":""400""}"
2839,400,39765.789,"{""message"":""Coupon has no quantity"",""errorCode"":""400""}"
2840,400,38510.822,"{""message"":""Coupon has no quantity"",""errorCode"":""400""}"
2841,400,39510.964,"{""message"":""Coupon has no quantity"",""errorCode"":""400""}"
2842,400,37859.043,"{""message"":""Coupon has no quantity"",""errorCode"":""400""}"
2843,400,37905.954,"{""message"":""Coupon has no quantity"",""errorCode"":""400""}"
2844,400,38151.44,"{""message"":""Coupon has no quantity"",""errorCode"":""400""}"
2845,400,38982.003,"{""message"":""Coupon has no quantity"",""errorCode"":""400""}"
2846,400,39629.728,"{""message"":""Coupon has no quantity"",""errorCode"":""400""}"
2847,400,38001.276,"{""message"":""Coupon has no quantity"",""errorCode"":""400""}"
2848,400,38804.745,"{""message"":""Coupon has no quantity"",""errorCode"":""400""}"
2849,400,37917.302,"{""message"":""Coupon has no quantity"",""errorCode"":""400""}"
2850,400,38694.378,"{""message"":""Coupon has no quantity"",""errorCode"":""400""}"
2851,400,39237.685,"{""message"":""Coupon has no quantity"",""errorCode"":""400""}"
2852,400,38674.172,"{""message"":""Coupon has no quantity"",""errorCode"":""400""}"
2853,400,39021.102,"{""message"":""Coupon has no quantity"",""errorCode"":""400""}"
2854,400,38547.046,"{""message"":""Coupon has no quantity"",""errorCode"":""400""}"
2855,400,39313.845,"{""message"":""Coupon has no quantity"",""errorCode"":""400""}"
2856,400,39145.707,"{""message"":""Coupon has no quantity"",""errorCode"":""400""}"
2857,400,39568.848,"{""message"":""Coupon has no quantity"",""errorCode"":""400""}"
2858,400,38070.478,"{""message"":""Coupon has no quantity"",""errorCode"":""400""}"
2859,400,38159.406,"{""message"":""Coupon has no quantity"",""errorCode"":""400""}"
2860,400,39453.247,"{""message"":""Coupon has no quantity"",""errorCode"":""400""}"
2861,400,39657.631,"{""message"":""Coupon has no quantity"",""errorCode"":""400""}"
2862,400,38306.631,"{""message"":""Coupon has no quantity"",""errorCode"":""400""}"
2863,400,38200.867,"{""message"":""Coupon has no quantity"",""errorCode"":""400""}"
2864,400,37924.479,"{""message"":""Coupon has no quantity"",""errorCode"":""400""}"
2865,400,39756.438,"{""message"":""Coupon has no quantity"",""errorCode"":""400""}"
2866,400,39403.255,"{""message"":""Coupon has no quantity"",""errorCode"":""400""}"
2867,400,38453.078,"{""message"":""Coupon has no quantity"",""errorCode"":""400""}"
2868,400,37939.203,"{""message"":""Coupon has no quantity"",""errorCode"":""400""}"
2869,400,38428.927,"{""message"":""Coupon has no quantity"",""errorCode"":""400""}"
2870,400,39236.615,"{""message"":""Coupon has no quantity"",""errorCode"":""400""}"
2871,400,38353.938,"{""message"":""Coupon has no quantity"",""errorCode"":""400""}"
2872,400,38481.067,"{""message"":""Coupon has no quantity"",""errorCode"":""400""}"
2873,400,38643.227,"{""message"":""Coupon has no quantity"",""errorCode"":""400""}"
2874,400,38504.14,"{""message"":""Coupon has no quantity"",""errorCode"":""400""}"
2875,400,38726.752,"{""message"":""Coupon has no quantity"",""errorCode"":""400""}"
2876,400,38104.884,"{""message"":""Coupon has no quantity"",""errorCode"":""400""}"
2877,400,38382.788,"{""message"":""Coupon has no quantity"",""errorCode"":""400""}"
2878,400,38415.378,"{""message"":""Coupon has no quantity"",""errorCode"":""400""}"
2879,400,38039.717,"{""message"":""Coupon has no quantity"",""errorCode"":""400""}"
2880,400,38151.954,"{""message"":""Coupon has no quantity"",""errorCode"":""400""}"
2881,400,39370.709,"{""message"":""Coupon has no quantity"",""errorCode"":""400""}"
2882,400,37989.288,"{""message"":""Coupon has no quantity"",""errorCode"":""400""}"
2883,400,38352.976,"{""message"":""Coupon has no quantity"",""errorCode"":""400""}"
2884,400,38671.955,"{""message"":""Coupon has no quantity"",""errorCode"":""400""}"
2885,400,38218.392,"{""message"":""Coupon has no quantity"",""errorCode"":""400""}"
2886,400,38282.14,"{""message"":""Coupon has no quantity"",""errorCode"":""400""}"
2887,400,38016.283,"{""message"":""Coupon has no quantity"",""errorCode"":""400""}"
2888,400,38659.012,"{""message"":""Coupon has no quantity"",""errorCode"":""400""}"
2889,400,38793.96,"{""message"":""Coupon has no quantity"",""errorCode"":""400""}"
2890,400,38775.478,"{""message"":""Coupon has no quantity"",""errorCode"":""400""}"
2891,400,38379.283,"{""message"":""Coupon has no quantity"",""errorCode"":""400""}"
2892,400,38291.318,"{""message"":""Coupon has no quantity"",""errorCode"":""400""}"
2893,400,38156.673,"{""message"":""Coupon has no quantity"",""errorCode"":""400""}"
2894,400,38587.776,"{""message"":""Coupon has no quantity"",""errorCode"":""400""}"
2895,400,38344.63,"{""message"":""Coupon has no quantity"",""errorCode"":""400""}"
2896,400,38346.367,"{""message"":""Coupon has no quantity"",""errorCode"":""400""}"
2897,400,38218.306,"{""message"":""Coupon has no quantity"",""errorCode"":""400""}"
2898,400,38638.75,"{""message"":""Coupon has no quantity"",""errorCode"":""400""}"
2899,400,38617.805,"{""message"":""Coupon has no quantity"",""errorCode"":""400""}"
2900,400,38551.732,"{""message"":""Coupon has no quantity"",""errorCode"":""400""}"
2901,400,38785.143,"{""message"":""Coupon has no quantity"",""errorCode"":""400""}"
2902,400,38177.106,"{""message"":""Coupon has no quantity"",""errorCode"":""400""}"
2903,400,39436.001,"{""message"":""Coupon has no quantity"",""errorCode"":""400""}"
2904,400,39298.574,"{""message"":""Coupon has no quantity"",""errorCode"":""400""}"
2905,400,38689.262,"{""message"":""Coupon has no quantity"",""errorCode"":""400""}"
2906,400,38976.847,"{""message"":""Coupon has no quantity"",""errorCode"":""400""}"
2907,400,39184.277,"{""message"":""Coupon has no quantity"",""errorCode"":""400""}"
2908,400,39279.078,"{""message"":""Coupon has no quantity"",""errorCode"":""400""}"
2909,400,38270.759,"{""message"":""Coupon has no quantity"",""errorCode"":""400""}"
2910,400,38744.032,"{""message"":""Coupon has no quantity"",""errorCode"":""400""}"
2911,400,39224.159,"{""message"":""Coupon has no quantity"",""errorCode"":""400""}"
2912,400,39346.468,"{""message"":""Coupon has no quantity"",""errorCode"":""400""}"
2913,400,39357.103,"{""message"":""Coupon has no quantity"",""errorCode"":""400""}"
2914,400,38852.131,"{""message"":""Coupon has no quantity"",""errorCode"":""400""}"
2915,400,38717.735,"{""message"":""Coupon has no quantity"",""errorCode"":""400""}"
2916,400,39541.364,"{""message"":""Coupon has no quantity"",""errorCode"":""400""}"
2917,400,38539.596,"{""message"":""Coupon has no quantity"",""errorCode"":""400""}"
2918,400,39173.139,"{""message"":""Coupon has no quantity"",""errorCode"":""400""}"
2919,400,38364.341,"{""message"":""Coupon has no quantity"",""errorCode"":""400""}"
2920,400,39591.037,"{""message"":""Coupon has no quantity"",""errorCode"":""400""}"
2921,400,39375.932,"{""message"":""Coupon has no quantity"",""errorCode"":""400""}"
2922,400,38339.35,"{""message"":""Coupon has no quantity"",""errorCode"":""400""}"
2923,400,38379.871,"{""message"":""Coupon has no quantity"",""errorCode"":""400""}"
2924,400,38830.092,"{""message"":""Coupon has no quantity"",""errorCode"":""400""}"
2925,400,38881.935,"{""message"":""Coupon has no quantity"",""errorCode"":""400""}"
2926,400,39428.964,"{""message"":""Coupon has no quantity"",""errorCode"":""400""}"
2927,400,39050.254,"{""message"":""Coupon has no quantity"",""errorCode"":""400""}"
2928,400,39247.799,"{""message"":""Coupon has no quantity"",""errorCode"":""400""}"
2929,400,38840.856,"{""message"":""Coupon has no quantity"",""errorCode"":""400""}"
2930,400,39457.816,"{""message"":""Coupon has no quantity"",""errorCode"":""400""}"
2931,400,38260.575,"{""message"":""Coupon has no quantity"",""errorCode"":""400""}"
2932,400,38396.01,"{""message"":""Coupon has no quantity"",""errorCode"":""400""}"
2933,400,38736.428,"{""message"":""Coupon has no quantity"",""errorCode"":""400""}"
2934,400,38419.696,"{""message"":""Coupon has no quantity"",""errorCode"":""400""}"
2935,400,38393.212,"{""message"":""Coupon has no quantity"",""errorCode"":""400""}"
2936,400,38319.534,"{""message"":""Coupon has no quantity"",""errorCode"":""400""}"
2937,400,38326.522,"{""message"":""Coupon has no quantity"",""errorCode"":""400""}"
2938,400,38961.579,"{""message"":""Coupon has no quantity"",""errorCode"":""400""}"
2939,400,38412.935,"{""message"":""Coupon has no quantity"",""errorCode"":""400""}"
2940,400,38782.012,"{""message"":""Coupon has no quantity"",""errorCode"":""400""}"
2941,400,39446.953,"{""message"":""Coupon has no quantity"",""errorCode"":""400""}"
2942,400,39331.938,"{""message"":""Coupon has no quantity"",""errorCode"":""400""}"
2943,400,38584.289,"{""message"":""Coupon has no quantity"",""errorCode"":""400""}"
2944,400,38272.814,"{""message"":""Coupon has no quantity"",""errorCode"":""400""}"
2945,400,39265.235,"{""message"":""Coupon has no quantity"",""errorCode"":""400""}"
2946,400,39209.378,"{""message"":""Coupon has no quantity"",""errorCode"":""400""}"
2947,400,39143.667,"{""message"":""Coupon has no quantity"",""errorCode"":""400""}"
2948,400,38321.27,"{""message"":""Coupon has no quantity"",""errorCode"":""400""}"
2949,400,38860.099,"{""message"":""Coupon has no quantity"",""errorCode"":""400""}"
2950,400,38461.43,"{""message"":""Coupon has no quantity"",""errorCode"":""400""}"
2951,400,38517.673,"{""message"":""Coupon has no quantity"",""errorCode"":""400""}"
2952,400,38337.276,"{""message"":""Coupon has no quantity"",""errorCode"":""400""}"
2953,400,38799.449,"{""message"":""Coupon has no quantity"",""errorCode"":""400""}"
2954,400,38743.077,"{""message"":""Coupon has no quantity"",""errorCode"":""400""}"
2955,400,39389.524,"{""message"":""Coupon has no quantity"",""errorCode"":""400""}"
2956,400,38330.196,"{""message"":""Coupon has no quantity"",""errorCode"":""400""}"
2957,400,38504.042,"{""message"":""Coupon has no quantity"",""errorCode"":""400""}"
2958,400,39075.957,"{""message"":""Coupon has no quantity"",""errorCode"":""400""}"
2959,400,39427.696,"{""message"":""Coupon has no quantity"",""errorCode"":""400""}"
2960,400,38463.334,"{""message"":""Coupon has no quantity"",""errorCode"":""400""}"
2961,400,39278.714,"{""message"":""Coupon has no quantity"",""errorCode"":""400""}"
2962,400,38920.398,"{""message"":""Coupon has no quantity"",""errorCode"":""400""}"
2963,400,38431.964,"{""message"":""Coupon has no quantity"",""errorCode"":""400""}"
2964,400,38989.52,"{""message"":""Coupon has no quantity"",""errorCode"":""400""}"
2965,400,39325.858,"{""message"":""Coupon has no quantity"",""errorCode"":""400""}"
2966,400,39129.542,"{""message"":""Coupon has no quantity"",""errorCode"":""400""}"
2967,400,38945.832,"{""message"":""Coupon has no quantity"",""errorCode"":""400""}"
2968,400,38476.108,"{""message"":""Coupon has no quantity"",""errorCode"":""400""}"
2969,400,39100.001,"{""message"":""Coupon has no quantity"",""errorCode"":""400""}"
2970,400,38657.785,"{""message"":""Coupon has no quantity"",""errorCode"":""400""}"
2971,400,39119.021,"{""message"":""Coupon has no quantity"",""errorCode"":""400""}"
2972,400,38623.063,"{""message"":""Coupon has no quantity"",""errorCode"":""400""}"
2973,400,39317.482,"{""message"":""Coupon has no quantity"",""errorCode"":""400""}"
2974,400,38764.313,"{""message"":""Coupon has no quantity"",""errorCode"":""400""}"
2975,400,38428.973,"{""message"":""Coupon has no quantity"",""errorCode"":""400""}"
2976,400,38795.509,"{""message"":""Coupon has no quantity"",""errorCode"":""400""}"
2977,400,38408.53,"{""message"":""Coupon has no quantity"",""errorCode"":""400""}"
2978,400,39110.227,"{""message"":""Coupon has no quantity"",""errorCode"":""400""}"
2979,400,38827.229,"{""message"":""Coupon has no quantity"",""errorCode"":""400""}"
2980,400,38920.747,"{""message"":""Coupon has no quantity"",""errorCode"":""400""}"
2981,400,38542.044,"{""message"":""Coupon has no quantity"",""errorCode"":""400""}"
2982,400,39220.376,"{""message"":""Coupon has no quantity"",""errorCode"":""400""}"
2983,400,39118.922,"{""message"":""Coupon has no quantity"",""errorCode"":""400""}"
2984,400,38588.14,"{""message"":""Coupon has no quantity"",""errorCode"":""400""}"
2985,400,38790.222,"{""message"":""Coupon has no quantity"",""errorCode"":""400""}"
2986,400,39178.198,"{""message"":""Coupon has no quantity"",""errorCode"":""400""}"
2987,400,38652.167,"{""message"":""Coupon has no quantity"",""errorCode"":""400""}"
2988,400,39347.185,"{""message"":""Coupon has no quantity"",""errorCode"":""400""}"
2989,400,38857.486,"{""message"":""Coupon has no quantity"",""errorCode"":""400""}"
2990,400,38533.025,"{""message"":""Coupon has no quantity"",""errorCode"":""400""}"
2991,400,39124.139,"{""message"":""Coupon has no quantity"",""errorCode"":""400""}"
2992,400,39126.037,"{""message"":""Coupon has no quantity"",""errorCode"":""400""}"
2993,400,39194.286,"{""message"":""Coupon has no quantity"",""errorCode"":""400""}"
2994,400,39301.004,"{""message"":""Coupon has no quantity"",""errorCode"":""400""}"
2995,400,38560.631,"{""message"":""Coupon has no quantity"",""errorCode"":""400""}"
2996,400,38840.892,"{""message"":""Coupon has no quantity"",""errorCode"":""400""}"
2997,400,38645.897,"{""message"":""Coupon has no quantity"",""errorCode"":""400""}"
2998,400,38894.362,"{""message"":""Coupon has no quantity"",""errorCode"":""400""}"
2999,400,38527.261,"{""message"":""Coupon has no quantity"",""errorCode"":""400""}"
